time,joy_delta,joy_speed,lqg_delta,lqg_speed,lqg_e_cg,lqg_e_cg_dot,lqg_theta_e,lqg_theta_e_dot,lqg_e_cg_hat,lqg_e_cg_dot_hat,lqg_theta_e_hat,lqg_theta_e_dot_hat,yaw,yaw_rate,vx,vy
0.413,0.0,0.0,-0.0,2.0,-0.059,0.007,0.067,1.341,0.0,0.0,0.0,0.0,0.0,0.0,0.1,0.0
0.497,0.0,0.0,-0.0,2.0,-0.061,0.007,0.071,0.073,-0.027,0.0,0.0,-0.0,0.0,0.0,0.1,0.0
0.515,0.0,0.0,0.03,2.0,-0.061,0.007,0.071,0.0,-0.043,-0.001,-0.0,-0.001,0.0,0.0,0.1,0.0
0.565,0.0,0.0,0.048,1.944,-0.061,0.007,0.071,0.0,-0.051,-0.001,-0.0,-0.003,0.0,0.0,0.1,0.0
0.615,0.0,0.0,0.059,1.897,-0.06,0.008,0.079,0.167,-0.056,-0.001,-0.001,-0.003,0.0,0.0,0.1,0.0
0.67,0.0,0.0,0.064,1.872,-0.057,0.01,0.104,0.493,-0.058,-0.0,-0.001,-0.002,0.0,0.0,0.1,0.0
0.715,0.0,0.0,0.066,1.866,-0.057,0.01,0.104,0.0,-0.057,0.0,-0.001,0.0,0.0,0.0,0.1,0.0
0.769,0.0,0.0,0.064,1.875,-0.056,0.01,0.103,-0.007,-0.057,0.001,0.0,0.003,0.0,0.0,0.1,0.0
0.815,0.0,0.0,0.062,1.885,-0.056,0.01,0.103,0.0,-0.057,0.001,0.001,0.005,0.0,0.0,0.1,0.0
0.868,0.0,0.0,0.058,1.899,-0.058,0.004,0.037,-1.325,-0.056,0.002,0.003,0.007,0.0,0.0,0.1,0.0
0.915,0.0,0.0,0.055,1.915,-0.058,0.004,0.037,0.0,-0.057,0.002,0.004,0.006,0.0,0.0,0.1,0.0
0.971,0.0,0.0,0.055,1.916,-0.058,0.006,0.06,0.453,-0.057,0.002,0.005,0.006,0.0,0.0,0.1,0.0
1.015,0.0,0.0,0.054,1.919,-0.058,0.006,0.06,0.0,-0.058,0.002,0.007,0.006,0.0,0.0,0.1,0.0
1.071,0.0,0.0,0.052,1.929,-0.06,0.009,0.085,0.51,-0.058,0.002,0.009,0.007,0.0,0.0,0.1,0.0
1.117,0.0,0.0,0.049,1.942,-0.06,0.009,0.085,0.0,-0.058,0.003,0.012,0.008,0.0,0.0,0.1,0.0
1.169,0.0,0.0,0.045,1.957,-0.06,0.012,0.118,0.661,-0.059,0.003,0.015,0.009,0.0,0.0,0.1,0.0
1.216,0.0,0.0,0.041,1.977,-0.06,0.012,0.118,0.0,-0.059,0.004,0.02,0.011,0.0,0.0,0.1,0.0
1.269,0.0,0.0,0.034,2.0,-0.06,0.005,0.054,-1.275,-0.059,0.005,0.025,0.012,0.0,0.0,0.1,0.0
1.315,0.0,0.0,0.027,2.0,-0.06,0.005,0.054,0.0,-0.059,0.005,0.028,0.01,0.0,0.0,0.1,0.0
1.369,0.0,0.0,0.025,2.0,-0.062,0.006,0.058,0.075,-0.059,0.004,0.03,0.008,0.0,0.0,0.1,0.0
1.415,0.0,0.0,0.023,2.0,-0.062,0.006,0.058,0.0,-0.06,0.004,0.032,0.007,0.0,0.0,0.1,0.0
1.472,0.0,0.0,0.022,2.0,-0.061,0.0,-0.0,-1.164,-0.061,0.004,0.034,0.005,0.0,0.0,0.1,0.0
1.517,0.0,0.0,0.021,2.0,-0.061,0.0,-0.0,0.0,-0.06,0.004,0.032,0.002,0.0,0.0,0.1,0.0
1.57,0.0,0.0,0.023,2.0,-0.056,0.005,0.054,1.076,-0.06,0.003,0.03,0.0,0.0,0.0,0.1,0.0
1.615,0.0,0.0,0.027,2.0,-0.056,0.005,0.054,0.0,-0.058,0.004,0.032,0.002,0.0,0.0,0.1,0.0
1.672,0.0,0.0,0.021,2.0,-0.062,0.005,0.055,0.023,-0.057,0.004,0.033,0.002,0.0,0.0,0.1,0.0
1.716,0.0,0.0,0.018,2.0,-0.062,0.005,0.055,0.0,-0.059,0.004,0.035,0.002,0.0,0.0,0.1,0.0
1.771,0.0,0.0,0.019,2.0,-0.06,0.008,0.08,0.493,-0.06,0.004,0.036,0.001,0.0,0.0,0.1,0.0
1.814,0.0,0.0,0.019,2.0,-0.06,0.008,0.08,0.0,-0.06,0.004,0.039,0.003,0.0,0.0,0.1,0.0
1.877,0.0,0.0,0.014,2.0,-0.058,0.007,0.067,-0.247,-0.059,0.005,0.042,0.004,0.0,0.0,0.1,0.0
1.917,0.0,0.0,0.009,2.0,-0.058,0.007,0.067,0.0,-0.058,0.005,0.044,0.004,0.0,0.0,0.1,0.0
1.971,0.0,0.0,0.005,2.0,-0.059,0.009,0.087,0.386,-0.058,0.005,0.046,0.004,0.0,0.0,0.1,0.0
2.015,0.0,0.0,0.002,2.0,-0.059,0.009,0.087,0.0,-0.058,0.006,0.048,0.004,0.0,0.0,0.1,0.0
2.072,0.0,0.0,-0.002,2.0,-0.058,0.003,0.033,-1.064,-0.058,0.006,0.051,0.004,0.0,0.0,0.1,0.0
2.116,0.0,0.0,-0.005,2.0,-0.058,0.003,0.033,0.0,-0.058,0.005,0.05,0.002,0.0,0.0,0.1,0.0
2.171,0.0,0.0,-0.004,2.0,-0.059,0.01,0.1,1.338,-0.057,0.005,0.049,0.001,0.0,0.0,0.1,0.0
2.245,0.0,0.0,-0.002,2.0,-0.059,0.01,0.1,0.0,-0.058,0.006,0.053,0.002,0.0,0.0,0.1,0.0
2.281,0.0,0.0,-0.007,2.0,-0.06,0.0,-0.0,-2.004,-0.058,0.006,0.056,0.003,0.0,0.0,0.1,0.0
2.331,0.0,0.0,-0.011,2.0,-0.06,0.0,-0.0,0.0,-0.059,0.005,0.052,-0.0,0.0,0.0,0.1,0.0
2.379,0.0,0.0,-0.004,2.0,-0.058,0.012,0.123,2.459,-0.059,0.004,0.049,-0.003,0.0,0.0,0.1,0.0
2.42,0.0,0.0,0.002,2.0,-0.058,0.012,0.123,0.0,-0.058,0.006,0.054,0.001,0.0,0.0,0.1,0.0
2.511,0.0,0.0,-0.006,2.0,-0.059,0.015,0.148,0.503,-0.058,0.007,0.058,0.004,0.0,0.0,0.1,0.0
2.543,0.0,0.0,-0.014,2.0,-0.059,0.015,0.148,0.0,-0.058,0.008,0.064,0.006,0.0,0.0,0.1,0.0
2.578,0.0,0.0,-0.024,2.0,-0.062,0.008,0.079,-1.382,-0.058,0.008,0.07,0.007,0.0,0.0,0.1,0.0
2.615,0.0,0.0,-0.032,2.0,-0.062,0.008,0.079,0.0,-0.059,0.008,0.071,0.005,0.0,0.0,0.1,0.0
2.672,0.0,0.0,-0.031,2.0,-0.059,0.008,0.084,0.109,-0.06,0.008,0.072,0.003,0.0,0.0,0.1,0.0
2.716,0.0,0.0,-0.03,2.0,-0.059,0.008,0.084,0.0,-0.059,0.008,0.073,0.003,0.0,0.0,0.1,0.0
2.772,0.0,0.0,-0.033,2.0,-0.058,0.016,0.159,1.492,-0.058,0.008,0.074,0.002,0.0,0.0,0.1,0.0
2.815,0.0,0.0,-0.035,2.0,-0.058,0.016,0.159,0.0,-0.057,0.009,0.08,0.005,0.0,0.0,0.1,0.0
2.872,0.0,0.0,-0.045,1.961,-0.057,0.01,0.103,-1.116,-0.057,0.01,0.086,0.007,0.0,0.0,0.1,0.0
2.915,0.0,0.0,-0.053,1.922,-0.057,0.01,0.103,0.0,-0.056,0.01,0.087,0.005,0.0,0.0,0.1,0.0
2.971,0.0,0.0,-0.055,1.913,-0.063,0.01,0.096,-0.144,-0.056,0.01,0.089,0.004,0.0,0.0,0.1,0.0
3.015,0.0,0.0,-0.057,1.906,-0.063,0.01,0.096,0.0,-0.058,0.009,0.089,0.002,0.0,0.0,0.1,0.0
3.07,0.0,0.0,-0.054,1.92,-0.061,0.008,0.079,-0.339,-0.06,0.009,0.09,0.001,0.0,0.0,0.1,0.0
3.114,0.0,0.0,-0.052,1.927,-0.061,0.008,0.079,0.0,-0.06,0.009,0.089,-0.0,0.0,0.0,0.1,0.0
3.169,0.0,0.0,-0.051,1.933,-0.061,0.01,0.095,0.328,-0.059,0.009,0.088,-0.001,0.0,0.0,0.1,0.0
3.265,0.0,0.0,-0.05,1.938,-0.06,0.007,0.072,-0.478,-0.059,0.009,0.088,-0.001,0.0,0.0,0.1,0.0
3.299,0.0,0.0,-0.05,1.936,-0.06,0.007,0.072,0.0,-0.059,0.008,0.087,-0.001,0.0,0.0,0.1,0.0
3.317,0.0,0.0,-0.049,1.941,-0.06,0.007,0.072,0.0,-0.059,0.008,0.086,-0.002,0.0,0.0,0.1,0.0
3.37,0.0,0.0,-0.048,1.948,-0.06,0.007,0.072,0.0,-0.058,0.008,0.085,-0.002,0.0,0.0,0.1,0.0
3.413,0.0,0.0,-0.046,1.955,-0.056,0.016,0.163,1.829,-0.058,0.008,0.084,-0.002,0.0,0.0,0.1,0.0
3.469,0.0,0.0,-0.045,1.962,-0.056,0.016,0.163,0.0,-0.057,0.009,0.089,0.002,0.0,0.0,0.1,0.0
3.514,0.0,0.0,-0.055,1.914,-0.063,0.01,0.099,-1.276,-0.056,0.01,0.094,0.004,0.0,0.0,0.1,0.0
3.575,0.0,0.0,-0.064,1.875,-0.056,0.009,0.087,-0.237,-0.058,0.01,0.094,0.002,0.0,0.0,0.1,0.0
3.617,0.0,0.0,-0.06,1.89,-0.056,0.009,0.087,0.0,-0.057,0.01,0.094,0.001,0.0,0.0,0.1,0.0
3.666,0.0,0.0,-0.062,1.884,-0.058,0.013,0.128,0.809,-0.056,0.009,0.094,0.001,0.0,0.0,0.1,0.0
3.717,0.0,0.0,-0.062,1.883,-0.058,0.013,0.128,0.0,-0.056,0.01,0.096,0.001,0.0,0.0,0.1,0.0
3.773,0.0,0.0,-0.065,1.871,-0.06,0.011,0.112,-0.32,-0.056,0.01,0.098,0.002,0.0,0.0,0.1,0.0
3.815,0.0,0.0,-0.067,1.859,-0.06,0.011,0.112,0.0,-0.057,0.01,0.099,0.001,0.0,0.0,0.1,0.0
3.873,0.0,0.0,-0.067,1.86,-0.06,0.009,0.087,-0.492,-0.058,0.01,0.1,0.001,0.0,0.0,0.1,0.0
3.915,0.0,0.0,-0.068,1.858,-0.06,0.009,0.087,0.0,-0.058,0.01,0.099,-0.001,0.0,0.0,0.1,0.0
3.972,0.0,0.0,-0.065,1.868,-0.06,0.009,0.087,0.0,-0.058,0.009,0.098,-0.001,0.0,0.0,0.1,0.0
4.015,0.0,0.0,-0.064,1.876,-0.057,0.007,0.065,-0.441,-0.058,0.009,0.097,-0.002,0.0,0.0,0.1,0.0
4.073,0.0,0.0,-0.062,1.883,-0.057,0.007,0.065,0.0,-0.057,0.009,0.095,-0.003,0.0,0.0,0.1,0.0
4.116,0.0,0.0,-0.06,1.892,-0.061,0.009,0.086,0.414,-0.057,0.009,0.092,-0.003,0.0,0.0,0.1,0.0
4.174,0.0,0.0,-0.058,1.903,-0.058,0.011,0.108,0.445,-0.058,0.008,0.091,-0.003,0.0,0.0,0.1,0.0
4.216,0.0,0.0,-0.055,1.914,-0.058,0.011,0.108,0.0,-0.057,0.009,0.092,-0.002,0.0,0.0,0.1,0.0
4.272,0.0,0.0,-0.057,1.904,-0.058,0.011,0.107,-0.017,-0.057,0.009,0.093,-0.001,0.0,0.0,0.1,0.0
4.321,0.0,0.0,-0.059,1.896,-0.058,0.011,0.107,0.0,-0.057,0.009,0.094,-0.0,0.0,0.0,0.1,0.0
4.37,0.0,0.0,-0.061,1.889,-0.059,0.012,0.119,0.231,-0.057,0.009,0.095,-0.0,0.0,0.0,0.1,0.0
4.415,0.0,0.0,-0.062,1.884,-0.059,0.012,0.119,0.0,-0.057,0.01,0.096,0.0,0.0,0.0,0.1,0.0
4.47,0.0,0.0,-0.064,1.875,-0.059,0.007,0.075,-0.886,-0.057,0.01,0.098,0.001,0.0,0.0,0.1,0.0
4.516,0.0,0.0,-0.066,1.866,-0.059,0.007,0.075,0.0,-0.057,0.009,0.096,-0.001,0.0,0.0,0.1,0.0
4.573,0.0,0.0,-0.063,1.879,-0.059,0.007,0.075,0.0,-0.057,0.009,0.094,-0.002,0.0,0.0,0.1,0.0
4.615,0.0,0.0,-0.06,1.891,-0.062,0.01,0.1,0.511,-0.057,0.009,0.093,-0.003,0.0,0.0,0.1,0.0
4.698,0.0,0.0,-0.058,1.902,-0.062,0.01,0.1,0.0,-0.059,0.009,0.093,-0.003,0.0,0.0,0.1,0.0
4.725,0.0,0.0,-0.056,1.91,-0.062,0.01,0.101,0.013,-0.06,0.009,0.093,-0.002,0.0,0.0,0.1,0.0
4.776,0.0,0.0,-0.055,1.913,-0.062,0.008,0.08,-0.424,-0.06,0.009,0.093,-0.002,0.0,0.0,0.1,0.0
4.817,0.0,0.0,-0.056,1.912,-0.062,0.008,0.08,0.0,-0.06,0.009,0.092,-0.002,0.0,0.0,0.1,0.0
4.877,0.0,0.0,-0.054,1.921,-0.059,0.006,0.06,-0.399,-0.06,0.009,0.091,-0.003,0.0,0.0,0.1,0.0
4.915,0.0,0.0,-0.052,1.929,-0.059,0.006,0.06,0.0,-0.059,0.008,0.089,-0.003,0.0,0.0,0.1,0.0
4.976,0.0,0.0,-0.05,1.936,-0.056,0.004,0.037,-0.446,-0.058,0.008,0.086,-0.003,0.0,0.0,0.1,0.0
5.017,0.0,0.0,-0.048,1.946,-0.056,0.004,0.037,0.0,-0.057,0.008,0.083,-0.004,0.0,0.0,0.1,0.0
5.077,0.0,0.0,-0.045,1.961,-0.06,0.015,0.148,2.208,-0.056,0.007,0.08,-0.005,0.0,0.0,0.1,0.0
5.119,0.0,0.0,-0.041,1.978,-0.06,0.015,0.148,0.0,-0.057,0.008,0.084,-0.001,0.0,0.0,0.1,0.0
5.171,0.0,0.0,-0.046,1.953,-0.052,0.009,0.093,-1.095,-0.057,0.009,0.088,0.001,0.0,0.0,0.1,0.0
5.216,0.0,0.0,-0.052,1.927,-0.052,0.009,0.093,0.0,-0.054,0.009,0.088,0.002,0.0,0.0,0.1,0.0
5.271,0.0,0.0,-0.057,1.905,-0.061,0.01,0.104,0.214,-0.053,0.009,0.089,0.002,0.0,0.0,0.1,0.0
5.317,0.0,0.0,-0.06,1.893,-0.061,0.01,0.104,0.0,-0.056,0.009,0.09,0.001,0.0,0.0,0.1,0.0
5.372,0.0,0.0,-0.057,1.907,-0.063,0.007,0.067,-0.732,-0.057,0.009,0.09,-0.0,0.0,0.0,0.1,0.0
5.418,0.0,0.0,-0.056,1.912,-0.063,0.007,0.067,0.0,-0.059,0.008,0.088,-0.002,0.0,0.0,0.1,0.0
5.476,0.0,0.0,-0.05,1.938,-0.055,0.005,0.05,-0.351,-0.06,0.008,0.087,-0.003,0.0,0.0,0.1,0.0
5.518,0.0,0.0,-0.046,1.957,-0.055,0.005,0.05,0.0,-0.057,0.008,0.084,-0.003,0.0,0.0,0.1,0.0
5.568,0.0,0.0,-0.046,1.956,-0.055,0.005,0.05,0.0,-0.056,0.008,0.082,-0.003,0.0,0.0,0.1,0.0
5.619,0.0,0.0,-0.044,1.963,-0.055,0.005,0.05,0.0,-0.055,0.007,0.079,-0.004,0.0,0.0,0.1,0.0
5.675,0.0,0.0,-0.042,1.973,-0.058,0.012,0.122,1.454,-0.055,0.007,0.077,-0.004,0.0,0.0,0.1,0.0
5.717,0.0,0.0,-0.039,1.986,-0.058,0.012,0.122,0.0,-0.056,0.008,0.079,-0.002,0.0,0.0,0.1,0.0
5.77,0.0,0.0,-0.042,1.972,-0.059,0.004,0.037,-1.698,-0.056,0.008,0.082,-0.0,0.0,0.0,0.1,0.0
5.818,0.0,0.0,-0.046,1.956,-0.059,0.004,0.037,0.0,-0.057,0.007,0.079,-0.002,0.0,0.0,0.1,0.0
5.876,0.0,0.0,-0.04,1.983,-0.058,0.009,0.088,1.009,-0.057,0.007,0.076,-0.004,0.0,0.0,0.1,0.0
5.918,0.0,0.0,-0.034,2.0,-0.058,0.009,0.088,0.0,-0.057,0.007,0.076,-0.003,0.0,0.0,0.1,0.0
5.971,0.0,0.0,-0.036,2.0,-0.06,0.005,0.053,-0.688,-0.057,0.007,0.077,-0.002,0.0,0.0,0.1,0.0
6.015,0.0,0.0,-0.037,1.995,-0.06,0.005,0.053,0.0,-0.058,0.007,0.075,-0.003,0.0,0.0,0.1,0.0
6.071,0.0,0.0,-0.033,2.0,-0.06,0.005,0.053,-0.017,-0.059,0.007,0.073,-0.003,0.0,0.0,0.1,0.0
6.121,0.0,0.0,-0.03,2.0,-0.06,0.005,0.053,0.0,-0.059,0.006,0.071,-0.004,0.0,0.0,0.1,0.0
6.174,0.0,0.0,-0.028,2.0,-0.06,0.005,0.053,0.0,-0.059,0.006,0.07,-0.004,0.0,0.0,0.1,0.0
6.218,0.0,0.0,-0.025,2.0,-0.059,0.007,0.071,0.374,-0.059,0.006,0.068,-0.004,0.0,0.0,0.1,0.0
6.273,0.0,0.0,-0.023,2.0,-0.059,0.007,0.071,0.0,-0.058,0.006,0.068,-0.003,0.0,0.0,0.1,0.0
6.318,0.0,0.0,-0.024,2.0,-0.059,0.015,0.155,1.679,-0.058,0.006,0.068,-0.002,0.0,0.0,0.1,0.0
6.373,0.0,0.0,-0.024,2.0,-0.059,0.015,0.155,0.0,-0.058,0.008,0.074,0.002,0.0,0.0,0.1,0.0
6.42,0.0,0.0,-0.034,2.0,-0.059,0.015,0.155,0.0,-0.058,0.009,0.079,0.004,0.0,0.0,0.1,0.0
6.475,0.0,0.0,-0.042,1.973,-0.065,0.013,0.126,-0.586,-0.058,0.01,0.084,0.006,0.0,0.0,0.1,0.0
6.515,0.0,0.0,-0.05,1.937,-0.065,0.013,0.126,0.0,-0.06,0.009,0.087,0.005,0.0,0.0,0.1,0.0
6.572,0.0,0.0,-0.05,1.936,-0.06,0.01,0.1,-0.527,-0.062,0.01,0.09,0.004,0.0,0.0,0.1,0.0
6.613,0.0,0.0,-0.052,1.929,-0.06,0.01,0.1,0.0,-0.06,0.01,0.091,0.003,0.0,0.0,0.1,0.0
6.668,0.0,0.0,-0.054,1.917,-0.06,0.01,0.1,0.0,-0.06,0.01,0.092,0.003,0.0,0.0,0.1,0.0
6.716,0.0,0.0,-0.056,1.91,-0.058,0.004,0.041,-1.162,-0.059,0.01,0.092,0.002,0.0,0.0,0.1,0.0
6.77,0.0,0.0,-0.057,1.905,-0.061,0.006,0.059,0.351,-0.058,0.009,0.089,-0.001,0.0,0.0,0.1,0.0
6.819,0.0,0.0,-0.053,1.923,-0.061,0.006,0.059,0.0,-0.059,0.008,0.087,-0.002,0.0,0.0,0.1,0.0
6.868,0.0,0.0,-0.049,1.943,-0.059,0.007,0.07,0.228,-0.059,0.008,0.085,-0.003,0.0,0.0,0.1,0.0
6.917,0.0,0.0,-0.045,1.96,-0.059,0.007,0.07,0.0,-0.059,0.008,0.084,-0.003,0.0,0.0,0.1,0.0
6.972,0.0,0.0,-0.044,1.964,-0.059,0.016,0.162,1.837,-0.058,0.008,0.082,-0.003,0.0,0.0,0.1,0.0
7.016,0.0,0.0,-0.043,1.97,-0.059,0.016,0.162,0.0,-0.058,0.009,0.087,0.001,0.0,0.0,0.1,0.0
7.072,0.0,0.0,-0.051,1.93,-0.059,0.016,0.162,0.0,-0.058,0.01,0.092,0.003,0.0,0.0,0.1,0.0
7.116,0.0,0.0,-0.059,1.894,-0.056,0.005,0.054,-2.17,-0.058,0.011,0.097,0.005,0.0,0.0,0.1,0.0
7.173,0.0,0.0,-0.067,1.862,-0.058,0.009,0.092,0.765,-0.056,0.01,0.095,0.002,0.0,0.0,0.1,0.0
7.218,0.0,0.0,-0.064,1.876,-0.058,0.009,0.092,0.0,-0.056,0.01,0.095,0.001,0.0,0.0,0.1,0.0
7.271,0.0,0.0,-0.063,1.879,-0.058,0.009,0.092,0.0,-0.056,0.009,0.094,0.0,0.0,0.0,0.1,0.0
7.318,0.0,0.0,-0.062,1.882,-0.063,0.017,0.171,1.588,-0.056,0.009,0.094,-0.0,0.0,0.0,0.1,0.0
7.368,0.0,0.0,-0.061,1.885,-0.063,0.017,0.171,0.0,-0.059,0.01,0.099,0.001,0.0,0.0,0.1,0.0
7.417,0.0,0.0,-0.066,1.866,-0.057,0.005,0.054,-2.355,-0.06,0.011,0.104,0.003,0.0,0.0,0.1,0.0
7.475,0.0,0.0,-0.071,1.841,-0.058,0.01,0.104,1.0,-0.058,0.01,0.101,0.0,0.0,0.0,0.1,0.0
7.516,0.0,0.0,-0.069,1.853,-0.058,0.01,0.104,0.0,-0.057,0.01,0.101,0.0,0.0,0.0,0.1,0.0
7.577,0.0,0.0,-0.07,1.849,-0.061,0.01,0.096,-0.161,-0.057,0.01,0.101,0.0,0.0,0.0,0.1,0.0
7.617,0.0,0.0,-0.07,1.847,-0.061,0.01,0.096,0.0,-0.058,0.01,0.1,-0.001,0.0,0.0,0.1,0.0
7.676,0.0,0.0,-0.068,1.858,-0.058,0.011,0.109,0.259,-0.059,0.01,0.1,-0.002,0.0,0.0,0.1,0.0
7.717,0.0,0.0,-0.066,1.866,-0.058,0.011,0.109,0.0,-0.058,0.01,0.1,-0.001,0.0,0.0,0.1,0.0
7.773,0.0,0.0,-0.068,1.857,-0.06,0.015,0.147,0.778,-0.057,0.01,0.101,-0.001,0.0,0.0,0.1,0.0
7.816,0.0,0.0,-0.069,1.851,-0.06,0.015,0.147,0.0,-0.058,0.01,0.104,0.001,0.0,0.0,0.1,0.0
7.872,0.0,0.0,-0.073,1.834,-0.058,0.005,0.054,-1.877,-0.058,0.011,0.106,0.002,0.0,0.0,0.1,0.0
7.916,0.0,0.0,-0.077,1.816,-0.058,0.005,0.054,0.0,-0.057,0.01,0.103,-0.001,0.0,0.0,0.1,0.0
7.976,0.0,0.0,-0.072,1.838,-0.06,0.008,0.081,0.548,-0.057,0.009,0.1,-0.003,0.0,0.0,0.1,0.0
8.017,0.0,0.0,-0.067,1.861,-0.06,0.008,0.081,0.0,-0.058,0.009,0.098,-0.004,0.0,0.0,0.1,0.0
8.076,0.0,0.0,-0.064,1.876,-0.058,0.005,0.054,-0.545,-0.058,0.009,0.096,-0.004,0.0,0.0,0.1,0.0
8.116,0.0,0.0,-0.061,1.888,-0.058,0.005,0.054,0.0,-0.058,0.008,0.093,-0.005,0.0,0.0,0.1,0.0
8.188,0.0,0.0,-0.057,1.906,-0.059,0.013,0.133,1.59,-0.057,0.008,0.09,-0.005,0.0,0.0,0.1,0.0
8.247,0.0,0.0,-0.053,1.924,-0.059,0.013,0.133,0.0,-0.057,0.009,0.092,-0.002,0.0,0.0,0.1,0.0
8.284,0.0,0.0,-0.057,1.904,-0.057,0.006,0.058,-1.507,-0.057,0.009,0.095,-0.0,0.0,0.0,0.1,0.0
8.32,0.0,0.0,-0.061,1.885,-0.057,0.006,0.058,0.0,-0.056,0.009,0.092,-0.002,0.0,0.0,0.1,0.0
8.367,0.0,0.0,-0.059,1.898,-0.057,0.006,0.058,0.0,-0.056,0.008,0.09,-0.003,0.0,0.0,0.1,0.0
8.417,0.0,0.0,-0.056,1.912,-0.061,0.012,0.125,1.331,-0.055,0.008,0.087,-0.004,0.0,0.0,0.1,0.0
8.47,0.0,0.0,-0.052,1.927,-0.062,0.016,0.156,0.64,-0.057,0.008,0.089,-0.002,0.0,0.0,0.1,0.0
8.519,0.0,0.0,-0.053,1.921,-0.062,0.016,0.156,0.0,-0.059,0.009,0.093,0.0,0.0,0.0,0.1,0.0
8.57,0.0,0.0,-0.058,1.901,-0.062,0.016,0.156,0.0,-0.06,0.01,0.097,0.002,0.0,0.0,0.1,0.0
8.616,0.0,0.0,-0.063,1.878,-0.06,0.008,0.083,-1.465,-0.06,0.011,0.101,0.003,0.0,0.0,0.1,0.0
8.67,0.0,0.0,-0.068,1.854,-0.058,0.012,0.125,0.834,-0.059,0.01,0.1,0.001,0.0,0.0,0.1,0.0
8.717,0.0,0.0,-0.067,1.859,-0.058,0.012,0.125,0.0,-0.058,0.011,0.102,0.002,0.0,0.0,0.1,0.0
8.771,0.0,0.0,-0.072,1.84,-0.058,0.012,0.125,0.0,-0.057,0.011,0.104,0.002,-2.795,-0.0,0.1,0.0
8.822,0.0,0.0,-0.075,1.825,-0.06,0.013,0.132,0.146,-0.057,0.011,0.105,0.002,-2.772,-0.0,0.1,0.0
8.872,0.0,0.0,-0.077,1.814,-0.058,0.007,0.075,-1.146,-0.057,0.011,0.107,0.002,-2.791,-0.0,0.1,0.0
8.92,0.0,0.0,-0.079,1.808,-0.058,0.007,0.075,0.0,-0.057,0.01,0.105,-0.0,-2.766,-0.0,0.1,0.0
8.973,0.0,0.0,-0.075,1.823,-0.063,0.007,0.071,-0.073,-0.057,0.01,0.103,-0.002,-2.742,-0.0,0.1,0.0
9.02,0.0,0.0,-0.072,1.838,-0.063,0.007,0.071,0.0,-0.059,0.009,0.1,-0.004,-2.738,-0.0,0.1,0.0
9.075,0.0,0.0,-0.065,1.867,-0.056,0.008,0.078,0.128,-0.06,0.009,0.098,-0.005,-2.772,-0.0,0.1,0.0
9.121,0.0,0.0,-0.06,1.89,-0.056,0.008,0.078,0.0,-0.058,0.009,0.096,-0.004,-2.763,-0.0,0.1,0.0
9.17,0.0,0.0,-0.062,1.885,-0.056,0.008,0.078,0.0,-0.056,0.009,0.095,-0.003,-2.775,-0.0,0.1,0.0
9.22,0.0,0.0,-0.061,1.886,-0.061,0.005,0.046,-0.631,-0.056,0.009,0.093,-0.003,-2.756,-0.0,0.1,0.0
9.276,0.0,0.0,-0.06,1.891,-0.06,0.011,0.108,1.24,-0.057,0.008,0.09,-0.005,-2.762,-0.0,0.1,0.0
9.319,0.0,0.0,-0.052,1.927,-0.06,0.011,0.108,0.0,-0.058,0.008,0.09,-0.004,-2.746,-0.0,0.1,0.0
9.38,0.0,0.0,-0.053,1.924,-0.062,0.004,0.037,-1.417,-0.059,0.009,0.091,-0.003,-2.758,-0.0,0.1,0.0
9.427,0.0,0.0,-0.054,1.919,-0.062,0.004,0.037,0.0,-0.06,0.008,0.087,-0.005,-2.741,-0.0,0.1,0.0
9.475,0.0,0.0,-0.047,1.952,-0.062,0.004,0.037,0.0,-0.06,0.007,0.083,-0.006,-2.725,-0.0,0.1,0.0
9.525,0.0,0.0,-0.04,1.98,-0.059,0.008,0.08,0.845,-0.06,0.007,0.08,-0.007,-2.718,-0.0,0.1,0.0
9.574,0.0,0.0,-0.035,2.0,-0.058,0.01,0.104,0.493,-0.059,0.007,0.079,-0.005,-2.751,-0.0,0.1,0.0
9.622,0.0,0.0,-0.037,1.997,-0.058,0.01,0.104,0.0,-0.058,0.008,0.08,-0.002,-2.749,-0.0,0.1,0.0
9.676,0.0,0.0,-0.041,1.978,-0.064,0.011,0.108,0.081,-0.057,0.008,0.082,-0.001,-2.75,-0.0,0.1,0.0
9.717,0.0,0.0,-0.044,1.963,-0.064,0.011,0.108,0.0,-0.06,0.008,0.083,-0.0,-2.74,-0.0,0.1,0.0
9.775,0.0,0.0,-0.043,1.967,-0.058,0.005,0.051,-1.148,-0.061,0.008,0.085,-0.0,-2.746,-0.0,0.1,0.0
9.823,0.0,0.0,-0.044,1.964,-0.058,0.005,0.051,0.0,-0.059,0.008,0.082,-0.001,-2.734,-0.0,0.1,0.0
9.882,0.0,0.0,-0.043,1.969,-0.06,0.01,0.104,1.057,-0.058,0.008,0.08,-0.002,-2.738,-0.0,0.1,0.0
9.921,0.0,0.0,-0.041,1.978,-0.06,0.01,0.104,0.0,-0.058,0.008,0.082,-0.001,-2.744,-0.0,0.1,0.0
9.977,0.0,0.0,-0.043,1.97,-0.059,0.005,0.045,-1.169,-0.058,0.008,0.083,-0.0,-2.735,-0.0,0.1,0.0
10.021,0.0,0.0,-0.045,1.962,-0.059,0.005,0.045,0.0,-0.058,0.008,0.08,-0.002,-2.739,-0.0,0.1,0.0
10.079,0.0,0.0,-0.041,1.978,-0.058,0.01,0.1,1.098,-0.058,0.007,0.078,-0.003,-2.741,-0.0,0.1,0.0
10.124,0.0,0.0,-0.037,1.995,-0.058,0.01,0.1,0.0,-0.057,0.008,0.079,-0.001,-2.744,-0.0,0.1,0.0
10.183,0.0,0.0,-0.04,1.983,-0.064,0.013,0.129,0.575,-0.057,0.008,0.08,-0.0,-2.748,-0.0,0.1,0.0
10.222,0.0,0.0,-0.042,1.973,-0.064,0.013,0.129,0.0,-0.06,0.008,0.083,0.0,-2.747,-0.0,0.1,0.0
10.277,0.0,0.0,-0.044,1.966,-0.061,0.007,0.075,-1.08,-0.061,0.009,0.086,0.001,-2.749,-0.0,0.1,0.0
10.317,0.0,0.0,-0.046,1.953,-0.061,0.007,0.075,0.0,-0.06,0.009,0.085,0.0,-2.747,-0.0,0.1,0.0
10.376,0.0,0.0,-0.046,1.957,-0.058,0.004,0.036,-0.783,-0.06,0.008,0.084,-0.001,-2.733,-0.0,0.1,0.0
10.418,0.0,0.0,-0.044,1.962,-0.058,0.004,0.036,0.0,-0.058,0.008,0.081,-0.002,-2.746,-0.0,0.1,0.0
10.475,0.0,0.0,-0.041,1.975,-0.063,0.011,0.108,1.441,-0.058,0.007,0.078,-0.003,-2.755,-0.0,0.1,0.0
10.518,0.0,0.0,-0.038,1.993,-0.063,0.011,0.108,0.0,-0.06,0.007,0.079,-0.002,-2.754,-0.0,0.1,0.0
10.577,0.0,0.0,-0.038,1.992,-0.058,0.013,0.134,0.526,-0.061,0.008,0.081,-0.001,-2.748,-0.0,0.1,0.0
10.618,0.0,0.0,-0.039,1.986,-0.058,0.013,0.134,0.0,-0.059,0.009,0.084,0.002,-2.757,-0.0,0.1,0.0
10.675,0.0,0.0,-0.047,1.949,-0.061,0.008,0.078,-1.121,-0.058,0.009,0.088,0.003,-2.766,-0.0,0.1,0.0
10.721,0.0,0.0,-0.054,1.92,-0.061,0.008,0.078,0.0,-0.059,0.009,0.087,0.001,-2.749,-0.0,0.1,0.0
10.776,0.0,0.0,-0.051,1.934,-0.061,0.013,0.133,1.11,-0.059,0.009,0.087,-0.0,-2.759,-0.0,0.1,0.0
10.817,0.0,0.0,-0.048,1.944,-0.061,0.013,0.133,0.0,-0.06,0.009,0.09,0.001,-2.744,-0.0,0.1,0.0
10.869,0.0,0.0,-0.053,1.924,-0.061,0.013,0.133,0.0,-0.06,0.01,0.093,0.002,-2.763,-0.0,0.1,0.0
10.919,0.0,0.0,-0.057,1.905,-0.059,0.012,0.116,-0.354,-0.06,0.01,0.095,0.003,-2.77,-0.0,0.1,0.0
10.968,0.0,0.0,-0.061,1.888,-0.058,0.004,0.041,-1.486,-0.059,0.01,0.097,0.003,-2.753,-0.0,0.1,0.0
11.018,0.0,0.0,-0.064,1.873,-0.058,0.004,0.041,0.0,-0.058,0.009,0.093,-0.0,-2.74,-0.0,0.1,0.0
11.082,0.0,0.0,-0.059,1.896,-0.062,0.007,0.074,0.657,-0.057,0.008,0.09,-0.003,-2.736,-0.0,0.1,0.0
11.126,0.0,0.0,-0.054,1.919,-0.062,0.007,0.074,0.0,-0.059,0.008,0.088,-0.003,-2.744,-0.0,0.1,0.0
11.182,0.0,0.0,-0.05,1.938,-0.059,0.01,0.095,0.423,-0.06,0.008,0.087,-0.004,-2.728,-0.0,0.1,0.0
11.219,0.0,0.0,-0.047,1.952,-0.059,0.01,0.095,0.0,-0.059,0.008,0.087,-0.002,-2.724,-0.0,0.1,0.0
11.277,0.0,0.0,-0.049,1.942,-0.061,0.009,0.092,-0.071,-0.058,0.008,0.088,-0.002,-2.714,-0.0,0.1,0.0
11.325,0.0,0.0,-0.05,1.935,-0.061,0.009,0.092,0.0,-0.059,0.008,0.088,-0.001,-2.724,-0.0,0.1,0.0
11.385,0.0,0.0,-0.05,1.939,-0.055,0.005,0.05,-0.847,-0.059,0.008,0.088,-0.001,-2.743,-0.0,0.1,0.0
11.421,0.0,0.0,-0.049,1.94,-0.055,0.005,0.05,0.0,-0.056,0.008,0.085,-0.002,-2.745,-0.0,0.1,0.0
11.477,0.0,0.0,-0.049,1.941,-0.06,0.01,0.104,1.083,-0.055,0.008,0.083,-0.002,-2.741,-0.0,0.1,0.0
11.521,0.0,0.0,-0.047,1.95,-0.06,0.01,0.104,0.0,-0.057,0.008,0.084,-0.002,-2.763,-0.0,0.1,0.0
11.577,0.0,0.0,-0.047,1.951,-0.063,0.009,0.086,-0.358,-0.057,0.008,0.085,-0.001,-2.745,-0.0,0.1,0.0
11.62,0.0,0.0,-0.048,1.948,-0.063,0.009,0.086,0.0,-0.059,0.008,0.084,-0.002,-2.73,-0.0,0.1,0.0
11.678,0.0,0.0,-0.044,1.962,-0.06,0.011,0.108,0.439,-0.061,0.008,0.084,-0.002,-2.701,-0.0,0.1,0.0
11.721,0.0,0.0,-0.043,1.97,-0.06,0.011,0.108,0.0,-0.06,0.008,0.085,-0.001,-2.699,-0.0,0.1,0.0
11.772,0.0,0.0,-0.047,1.953,-0.058,0.003,0.033,-1.49,-0.059,0.009,0.087,0.0,-2.729,-0.0,0.1,0.0
11.824,0.0,0.0,-0.049,1.939,-0.058,0.003,0.033,0.0,-0.058,0.008,0.083,-0.002,-2.742,-0.0,0.1,0.0
11.873,0.0,0.0,-0.045,1.96,-0.058,0.01,0.104,1.409,-0.057,0.007,0.08,-0.004,-2.719,-0.0,0.1,0.0
11.917,0.0,0.0,-0.04,1.982,-0.058,0.01,0.104,0.0,-0.057,0.008,0.081,-0.002,-2.72,-0.0,0.1,0.0
11.989,0.0,0.0,-0.043,1.968,-0.06,0.01,0.1,-0.073,-0.057,0.008,0.082,-0.001,-2.717,-0.0,0.1,0.0
12.021,0.0,0.0,-0.046,1.956,-0.06,0.01,0.1,0.0,-0.057,0.008,0.083,-0.0,-2.71,-0.0,0.1,0.0
12.069,0.0,0.0,-0.046,1.954,-0.061,0.009,0.087,-0.255,-0.058,0.008,0.084,0.0,-2.715,-0.0,0.1,0.0
12.12,0.0,0.0,-0.047,1.95,-0.061,0.009,0.087,0.0,-0.059,0.008,0.084,-0.001,-2.715,-0.0,0.1,0.0
12.171,0.0,0.0,-0.046,1.955,-0.061,0.009,0.087,0.0,-0.059,0.008,0.084,-0.001,-2.707,-0.0,0.1,0.0
12.222,0.0,0.0,-0.045,1.958,-0.061,0.007,0.075,-0.25,-0.059,0.008,0.084,-0.001,-2.719,-0.0,0.1,0.0
12.268,0.0,0.0,-0.045,1.959,-0.062,0.003,0.032,-0.847,-0.06,0.008,0.084,-0.002,-2.704,-0.0,0.1,0.0
12.322,0.0,0.0,-0.044,1.966,-0.062,0.003,0.032,0.0,-0.06,0.007,0.08,-0.004,-2.723,-0.0,0.1,0.0
12.384,0.0,0.0,-0.037,1.995,-0.056,0.01,0.104,1.426,-0.06,0.007,0.076,-0.005,-2.7,-0.0,0.1,0.0
12.423,0.0,0.0,-0.031,2.0,-0.056,0.01,0.104,0.0,-0.058,0.007,0.078,-0.002,-2.71,-0.0,0.1,0.0
12.483,0.0,0.0,-0.038,1.992,-0.059,0.01,0.104,0.008,-0.057,0.008,0.08,-0.0,-2.711,-0.0,0.1,0.0
12.526,0.0,0.0,-0.042,1.973,-0.059,0.01,0.104,0.0,-0.057,0.008,0.081,0.001,-2.71,-0.0,0.1,0.0
12.582,0.0,0.0,-0.044,1.964,-0.058,0.005,0.05,-1.089,-0.057,0.008,0.082,0.001,-2.688,-0.0,0.1,0.0
12.615,0.0,0.0,-0.046,1.956,-0.058,0.005,0.05,0.0,-0.057,0.008,0.08,-0.001,-2.695,-0.0,0.1,0.0
12.675,0.0,0.0,-0.042,1.971,-0.057,0.005,0.045,-0.091,-0.057,0.007,0.078,-0.002,-2.731,-0.0,0.1,0.0
12.722,0.0,0.0,-0.039,1.986,-0.057,0.005,0.045,0.0,-0.056,0.007,0.076,-0.003,-2.753,-0.0,0.1,0.0
12.774,0.0,0.0,-0.036,1.999,-0.059,0.01,0.105,1.186,-0.056,0.007,0.073,-0.004,-2.734,-0.0,0.1,0.0
12.814,0.0,0.0,-0.033,2.0,-0.059,0.01,0.105,0.0,-0.057,0.007,0.075,-0.002,-2.741,-0.0,0.1,0.0
12.885,0.0,0.0,-0.035,2.0,-0.061,0.009,0.091,-0.262,-0.058,0.007,0.077,-0.001,-2.721,-0.0,0.1,0.0
12.932,0.0,0.0,-0.037,1.995,-0.061,0.009,0.091,0.0,-0.059,0.008,0.077,-0.001,-2.715,-0.0,0.1,0.0
12.983,0.0,0.0,-0.037,1.997,-0.059,0.011,0.114,0.456,-0.059,0.008,0.078,-0.001,-2.71,-0.0,0.1,0.0
13.023,0.0,0.0,-0.037,1.995,-0.059,0.011,0.114,0.0,-0.058,0.008,0.08,0.001,-2.722,-0.0,0.1,0.0
13.074,0.0,0.0,-0.042,1.973,-0.061,0.008,0.08,-0.693,-0.058,0.009,0.083,0.002,-2.717,-0.0,0.1,0.0
13.116,0.0,0.0,-0.046,1.955,-0.061,0.008,0.08,0.0,-0.059,0.008,0.083,0.001,-2.724,-0.0,0.1,0.0
13.173,0.0,0.0,-0.044,1.965,-0.061,0.01,0.1,0.405,-0.059,0.008,0.082,-0.0,-2.731,-0.0,0.1,0.0
13.234,0.0,0.0,-0.042,1.971,-0.061,0.01,0.1,0.0,-0.06,0.008,0.083,0.0,-2.756,-0.0,0.1,0.0
13.311,0.0,0.0,-0.044,1.966,-0.064,0.011,0.106,0.119,-0.06,0.008,0.084,0.0,-2.75,-0.0,0.1,0.0
13.348,0.0,0.0,-0.045,1.96,-0.064,0.011,0.106,0.0,-0.061,0.009,0.085,0.0,-2.735,-0.0,0.1,0.0
13.363,0.0,0.0,-0.045,1.958,-0.064,0.011,0.106,0.0,-0.061,0.009,0.087,0.0,-2.735,-0.0,0.1,0.0
13.416,0.0,0.0,-0.046,1.954,-0.06,0.008,0.081,-0.5,-0.062,0.009,0.088,0.001,-2.73,-0.0,0.1,0.0
13.473,0.0,0.0,-0.048,1.948,-0.06,0.008,0.081,0.0,-0.06,0.009,0.087,0.0,-2.718,-0.0,0.1,0.0
13.526,0.0,0.0,-0.049,1.943,-0.063,0.007,0.075,-0.118,-0.059,0.009,0.087,-0.0,-2.726,-0.0,0.1,0.0
13.587,0.0,0.0,-0.049,1.942,-0.062,0.01,0.1,0.505,-0.061,0.008,0.086,-0.001,-2.711,-0.0,0.1,0.0
13.633,0.0,0.0,-0.046,1.957,-0.062,0.01,0.1,0.0,-0.061,0.008,0.087,-0.001,-2.727,-0.0,0.1,0.0
13.686,0.0,0.0,-0.047,1.951,-0.063,0.003,0.034,-1.318,-0.061,0.009,0.087,-0.0,-2.708,-0.0,0.1,0.0
13.733,0.0,0.0,-0.048,1.946,-0.063,0.003,0.034,0.0,-0.061,0.008,0.084,-0.003,-2.734,-0.0,0.1,0.0
13.786,0.0,0.0,-0.042,1.975,-0.059,0.01,0.1,1.318,-0.061,0.007,0.08,-0.005,-2.72,-0.0,0.1,0.0
13.836,0.0,0.0,-0.036,2.0,-0.059,0.01,0.1,0.0,-0.06,0.008,0.081,-0.002,-2.712,-0.0,0.1,0.0
13.896,0.0,0.0,-0.04,1.982,-0.061,0.011,0.107,0.136,-0.059,0.008,0.082,-0.001,-2.692,-0.0,0.1,0.0
13.929,0.0,0.0,-0.043,1.968,-0.061,0.011,0.107,0.0,-0.059,0.008,0.084,0.0,-2.713,-0.0,0.1,0.0
13.975,0.0,0.0,-0.045,1.959,-0.062,0.012,0.125,0.359,-0.059,0.009,0.085,0.001,-2.726,-0.0,0.1,0.0
14.018,0.0,0.0,-0.047,1.95,-0.062,0.012,0.125,0.0,-0.06,0.009,0.088,0.001,-2.738,-0.0,0.1,0.0
14.078,0.0,0.0,-0.05,1.937,-0.059,0.004,0.042,-1.665,-0.06,0.009,0.09,0.002,-2.713,-0.0,0.1,0.0
14.128,0.0,0.0,-0.053,1.923,-0.059,0.004,0.042,0.0,-0.059,0.009,0.087,-0.0,-2.727,-0.0,0.1,0.0
14.171,0.0,0.0,-0.05,1.938,-0.058,0.005,0.05,0.161,-0.058,0.008,0.084,-0.002,-2.712,-0.0,0.1,0.0
14.218,0.0,0.0,-0.046,1.957,-0.058,0.005,0.05,0.0,-0.057,0.008,0.082,-0.003,-2.724,-0.0,0.1,0.0
14.272,0.0,0.0,-0.043,1.97,-0.058,0.014,0.136,1.72,-0.057,0.007,0.079,-0.004,-2.701,-0.0,0.1,0.0
14.319,0.0,0.0,-0.039,1.985,-0.058,0.014,0.136,0.0,-0.057,0.008,0.083,-0.001,-2.712,-0.0,0.1,0.0
14.375,0.0,0.0,-0.046,1.956,-0.059,0.008,0.079,-1.132,-0.056,0.009,0.086,0.002,-2.692,-0.0,0.1,0.0
14.417,0.0,0.0,-0.051,1.93,-0.059,0.008,0.079,0.0,-0.057,0.009,0.085,0.0,-2.718,-0.0,0.1,0.0
14.479,0.0,0.0,-0.05,1.937,-0.061,0.007,0.071,-0.167,-0.057,0.008,0.085,-0.0,-2.693,-0.0,0.1,0.0
14.532,0.0,0.0,-0.049,1.942,-0.061,0.007,0.071,0.0,-0.058,0.008,0.084,-0.002,-2.711,-0.0,0.1,0.0
14.588,0.0,0.0,-0.045,1.959,-0.058,0.013,0.132,1.223,-0.059,0.008,0.083,-0.002,-2.698,-0.0,0.1,0.0
14.626,0.0,0.0,-0.043,1.971,-0.058,0.013,0.132,0.0,-0.058,0.009,0.086,0.0,-2.719,-0.0,0.1,0.0
14.678,0.0,0.0,-0.049,1.942,-0.058,0.008,0.075,-1.129,-0.057,0.009,0.089,0.002,-2.697,-0.0,0.1,0.0
14.72,0.0,0.0,-0.054,1.917,-0.058,0.008,0.075,0.0,-0.057,0.009,0.088,0.001,-2.699,-0.0,0.1,0.0
14.772,0.0,0.0,-0.053,1.923,-0.059,0.011,0.108,0.659,-0.057,0.009,0.087,-0.0,-2.684,-0.0,0.1,0.0
14.83,0.0,0.0,-0.052,1.93,-0.059,0.011,0.108,0.0,-0.057,0.009,0.088,0.0,-2.73,-0.0,0.1,0.0
14.874,0.0,0.0,-0.053,1.922,-0.06,0.002,0.021,-1.747,-0.057,0.009,0.09,0.0,-2.721,-0.0,0.1,0.0
14.926,0.0,0.0,-0.055,1.915,-0.06,0.002,0.021,0.0,-0.058,0.008,0.085,-0.003,-2.745,-0.0,0.1,0.0
14.976,0.0,0.0,-0.046,1.954,-0.059,0.012,0.116,1.907,-0.058,0.007,0.08,-0.005,-2.722,-0.0,0.1,0.0
15.031,0.0,0.0,-0.038,1.989,-0.059,0.012,0.116,0.0,-0.058,0.008,0.082,-0.003,-2.74,-0.0,0.1,0.0
15.093,0.0,0.0,-0.042,1.971,-0.059,0.012,0.12,0.081,-0.058,0.008,0.084,-0.001,-2.719,-0.0,0.1,0.0
15.147,0.0,0.0,-0.046,1.955,-0.059,0.012,0.12,0.0,-0.058,0.009,0.086,0.001,-2.729,-0.0,0.1,0.0
15.181,0.0,0.0,-0.05,1.937,-0.058,0.01,0.104,-0.324,-0.058,0.009,0.089,0.002,-2.717,-0.0,0.1,0.0
15.234,0.0,0.0,-0.054,1.921,-0.058,0.01,0.104,0.0,-0.057,0.009,0.09,0.002,-2.741,-0.0,0.1,0.0
15.288,0.0,0.0,-0.056,1.911,-0.065,0.016,0.163,1.182,-0.057,0.009,0.091,0.002,-2.742,-0.0,0.1,0.0
15.332,0.0,0.0,-0.058,1.903,-0.065,0.016,0.163,0.0,-0.06,0.01,0.095,0.003,-2.746,-0.0,0.1,0.0
15.376,0.0,0.0,-0.06,1.89,-0.062,0.011,0.108,-1.109,-0.061,0.011,0.1,0.003,-2.739,-0.0,0.1,0.0
15.42,0.0,0.0,-0.065,1.87,-0.062,0.011,0.108,0.0,-0.061,0.01,0.1,0.003,-2.766,-0.0,0.1,0.0
15.475,0.0,0.0,-0.066,1.864,-0.056,0.002,0.02,-1.747,-0.06,0.01,0.101,0.002,-2.748,-0.0,0.1,0.0
15.518,0.0,0.0,-0.067,1.86,-0.056,0.002,0.02,0.0,-0.058,0.009,0.096,-0.001,-2.771,-0.0,0.1,0.0
15.575,0.0,0.0,-0.062,1.881,-0.055,0.004,0.037,0.331,-0.056,0.008,0.091,-0.004,-2.747,-0.0,0.1,0.0
15.625,0.0,0.0,-0.056,1.909,-0.055,0.004,0.037,0.0,-0.055,0.008,0.087,-0.005,-2.765,-0.0,0.1,0.0
15.682,0.0,0.0,-0.052,1.93,-0.058,0.01,0.102,1.294,-0.055,0.007,0.083,-0.006,-2.748,-0.0,0.1,0.0
15.732,0.0,0.0,-0.047,1.952,-0.058,0.01,0.102,0.0,-0.056,0.008,0.084,-0.004,-2.768,-0.0,0.1,0.0
15.783,0.0,0.0,-0.047,1.95,-0.06,0.004,0.037,-1.287,-0.056,0.008,0.085,-0.003,-2.767,-0.0,0.1,0.0
15.833,0.0,0.0,-0.048,1.945,-0.06,0.004,0.037,0.0,-0.057,0.007,0.081,-0.005,-2.782,-0.0,0.1,0.0
15.891,0.0,0.0,-0.041,1.977,-0.067,0.015,0.147,2.189,-0.058,0.007,0.078,-0.006,-2.772,-0.0,0.1,0.0
15.936,0.0,0.0,-0.035,2.0,-0.067,0.015,0.147,0.0,-0.062,0.007,0.081,-0.003,-2.759,-0.0,0.1,0.0
15.996,0.0,0.0,-0.037,1.995,-0.063,0.005,0.049,-1.966,-0.064,0.008,0.085,-0.001,-2.762,-0.0,0.1,0.0
16.02,0.0,0.0,-0.041,1.977,-0.063,0.005,0.049,0.0,-0.063,0.008,0.083,-0.002,-2.762,-0.0,0.1,0.0
16.087,0.0,0.0,-0.039,1.988,-0.058,0.004,0.045,-0.075,-0.062,0.007,0.08,-0.003,-2.743,-0.0,0.1,0.0
16.136,0.0,0.0,-0.036,2.0,-0.058,0.004,0.045,0.0,-0.06,0.007,0.078,-0.003,-2.738,-0.0,0.1,0.0
16.185,0.0,0.0,-0.035,2.0,-0.06,0.008,0.077,0.641,-0.058,0.007,0.075,-0.003,-2.734,-0.0,0.1,0.0
16.238,0.0,0.0,-0.033,2.0,-0.06,0.008,0.077,0.0,-0.059,0.007,0.075,-0.003,-2.788,-0.0,0.1,0.0
16.287,0.0,0.0,-0.033,2.0,-0.06,0.008,0.079,0.044,-0.059,0.007,0.075,-0.002,-2.78,-0.0,0.1,0.0
16.337,0.0,0.0,-0.033,2.0,-0.06,0.008,0.079,0.0,-0.059,0.007,0.075,-0.002,-2.784,-0.0,0.1,0.0
16.381,0.0,0.0,-0.033,2.0,-0.061,0.007,0.071,-0.165,-0.059,0.007,0.075,-0.001,-2.774,-0.0,0.1,0.0
16.435,0.0,0.0,-0.033,2.0,-0.061,0.007,0.071,0.0,-0.059,0.007,0.075,-0.002,-2.775,-0.0,0.1,0.0
16.484,0.0,0.0,-0.032,2.0,-0.06,0.006,0.061,-0.201,-0.059,0.007,0.074,-0.002,-2.759,-0.0,0.1,0.0
16.536,0.0,0.0,-0.031,2.0,-0.06,0.006,0.061,0.0,-0.059,0.007,0.073,-0.002,-2.739,-0.0,0.1,0.0
16.595,0.0,0.0,-0.03,2.0,-0.06,0.013,0.126,1.296,-0.059,0.007,0.072,-0.002,-2.75,-0.0,0.1,0.0
16.624,0.0,0.0,-0.029,2.0,-0.06,0.013,0.126,0.0,-0.059,0.008,0.075,0.0,-2.77,-0.0,0.1,0.0
16.686,0.0,0.0,-0.034,2.0,-0.059,0.008,0.084,-0.838,-0.059,0.008,0.079,0.002,-2.761,-0.0,0.1,0.0
16.733,0.0,0.0,-0.039,1.986,-0.059,0.008,0.084,0.0,-0.059,0.008,0.079,0.002,-2.774,-0.0,0.1,0.0
16.785,0.0,0.0,-0.04,1.982,-0.06,0.01,0.105,0.418,-0.058,0.008,0.079,0.001,-2.759,-0.0,0.1,0.0
16.836,0.0,0.0,-0.041,1.979,-0.06,0.01,0.105,0.0,-0.058,0.008,0.081,0.001,-2.763,-0.0,0.1,0.0
16.896,0.0,0.0,-0.043,1.968,-0.061,0.012,0.117,0.252,-0.058,0.009,0.083,0.002,-2.763,-0.0,0.1,0.0
16.925,0.0,0.0,-0.045,1.958,-0.061,0.012,0.117,0.0,-0.059,0.009,0.085,0.002,-2.746,-0.0,0.1,0.0
16.981,0.0,0.0,-0.048,1.946,-0.06,0.008,0.075,-0.835,-0.059,0.009,0.087,0.002,-2.745,-0.0,0.1,0.0
17.021,0.0,0.0,-0.051,1.934,-0.06,0.008,0.075,0.0,-0.059,0.009,0.086,0.001,-2.739,-0.0,0.1,0.0
17.08,0.0,0.0,-0.05,1.939,-0.061,0.01,0.096,0.403,-0.058,0.009,0.086,-0.0,-2.724,-0.0,0.1,0.0
17.128,0.0,0.0,-0.048,1.944,-0.061,0.01,0.096,0.0,-0.059,0.009,0.086,-0.0,-2.762,-0.0,0.1,0.0
17.186,0.0,0.0,-0.048,1.945,-0.062,0.012,0.122,0.522,-0.059,0.009,0.087,-0.0,-2.755,-0.0,0.1,0.0
17.237,0.0,0.0,-0.049,1.944,-0.062,0.012,0.122,0.0,-0.06,0.009,0.089,0.001,-2.755,-0.0,0.1,0.0
17.282,0.0,0.0,-0.051,1.933,-0.062,0.011,0.112,-0.202,-0.06,0.009,0.091,0.001,-2.746,-0.0,0.1,0.0
17.331,0.0,0.0,-0.054,1.921,-0.062,0.011,0.112,0.0,-0.06,0.009,0.092,0.001,-2.764,-0.0,0.1,0.0
17.377,0.0,0.0,-0.056,1.912,-0.056,0.01,0.104,-0.157,-0.06,0.01,0.094,0.001,-2.745,-0.0,0.1,0.0
17.417,0.0,0.0,-0.057,1.904,-0.056,0.01,0.104,0.0,-0.058,0.01,0.095,0.002,-2.757,-0.0,0.1,0.0
17.47,0.0,0.0,-0.062,1.883,-0.056,0.01,0.104,0.0,-0.056,0.01,0.095,0.002,-2.749,-0.0,0.1,0.0
17.52,0.0,0.0,-0.065,1.871,-0.061,0.0,-0.0,-2.075,-0.055,0.01,0.096,0.002,-2.784,-0.0,0.1,0.0
17.578,0.0,0.0,-0.066,1.863,-0.061,0.012,0.12,2.407,-0.057,0.008,0.09,-0.004,-2.773,-0.0,0.1,0.0
17.627,0.0,0.0,-0.053,1.923,-0.061,0.012,0.12,0.0,-0.058,0.009,0.091,-0.002,-2.766,-0.0,0.1,0.0
17.676,0.0,0.0,-0.055,1.916,-0.061,0.012,0.12,0.0,-0.059,0.009,0.093,-0.001,-2.756,-0.0,0.1,0.0
17.726,0.0,0.0,-0.057,1.906,-0.061,0.008,0.083,-0.744,-0.059,0.009,0.094,-0.0,-2.765,-0.0,0.1,0.0
17.77,0.0,0.0,-0.059,1.895,-0.061,0.008,0.083,0.0,-0.059,0.009,0.093,-0.001,-2.758,-0.0,0.1,0.0
17.824,0.0,0.0,-0.057,1.904,-0.062,0.016,0.157,1.473,-0.059,0.009,0.093,-0.002,-2.776,-0.0,0.1,0.0
17.881,0.0,0.0,-0.056,1.911,-0.057,0.006,0.057,-1.995,-0.06,0.01,0.097,0.001,-2.751,-0.0,0.1,0.0
17.924,0.0,0.0,-0.062,1.884,-0.057,0.006,0.057,0.0,-0.058,0.009,0.094,-0.001,-2.741,-0.0,0.1,0.0
17.982,0.0,0.0,-0.06,1.892,-0.06,0.009,0.088,0.611,-0.057,0.009,0.092,-0.002,-2.737,-0.0,0.1,0.0
18.029,0.0,0.0,-0.057,1.904,-0.06,0.009,0.088,0.0,-0.058,0.009,0.091,-0.002,-2.757,-0.0,0.1,0.0
18.087,0.0,0.0,-0.055,1.913,-0.059,0.007,0.068,-0.39,-0.058,0.009,0.09,-0.002,-2.782,-0.0,0.1,0.0
18.125,0.0,0.0,-0.054,1.92,-0.059,0.007,0.068,0.0,-0.058,0.008,0.089,-0.003,-2.782,-0.0,0.1,0.0
18.183,0.0,0.0,-0.052,1.93,-0.062,0.006,0.059,-0.185,-0.058,0.008,0.087,-0.003,-2.768,-0.0,0.1,0.0
18.224,0.0,0.0,-0.049,1.94,-0.062,0.006,0.059,0.0,-0.059,0.008,0.085,-0.004,-2.763,-0.0,0.1,0.0
18.298,0.0,0.0,-0.044,1.962,-0.061,0.01,0.1,0.827,-0.06,0.007,0.082,-0.005,-2.735,-0.0,0.1,0.0
18.326,0.0,0.0,-0.04,1.98,-0.061,0.01,0.1,0.0,-0.06,0.008,0.083,-0.003,-2.733,-0.0,0.1,0.0
18.383,0.0,0.0,-0.042,1.972,-0.059,0.01,0.1,-0.002,-0.06,0.008,0.084,-0.002,-2.728,-0.0,0.1,0.0
18.433,0.0,0.0,-0.044,1.964,-0.059,0.01,0.1,0.0,-0.059,0.008,0.085,-0.001,-2.737,-0.0,0.1,0.0
18.489,0.0,0.0,-0.047,1.951,-0.06,0.005,0.055,-0.904,-0.058,0.009,0.086,0.0,-2.725,-0.0,0.1,0.0
18.534,0.0,0.0,-0.049,1.942,-0.06,0.005,0.055,0.0,-0.058,0.008,0.084,-0.002,-2.741,-0.0,0.1,0.0
18.589,0.0,0.0,-0.045,1.959,-0.06,0.006,0.063,0.155,-0.058,0.008,0.081,-0.003,-2.747,-0.0,0.1,0.0
18.648,0.0,0.0,-0.041,1.975,-0.06,0.006,0.063,0.0,-0.058,0.007,0.08,-0.003,-2.723,-0.0,0.1,0.0
18.672,0.0,0.0,-0.039,1.985,-0.06,0.006,0.063,0.0,-0.058,0.007,0.078,-0.003,-2.723,-0.0,0.1,0.0
18.726,0.0,0.0,-0.037,1.994,-0.064,0.01,0.104,0.821,-0.058,0.007,0.077,-0.003,-2.73,-0.0,0.1,0.0
18.77,0.0,0.0,-0.035,2.0,-0.059,0.011,0.108,0.09,-0.06,0.007,0.078,-0.002,-2.717,-0.0,0.1,0.0
18.814,0.0,0.0,-0.035,2.0,-0.059,0.011,0.108,0.0,-0.059,0.008,0.08,-0.0,-2.711,-0.0,0.1,0.0
18.872,0.0,0.0,-0.04,1.98,-0.062,0.008,0.075,-0.656,-0.058,0.008,0.082,0.001,-2.696,-0.0,0.1,0.0
18.915,0.0,0.0,-0.044,1.963,-0.062,0.008,0.075,0.0,-0.06,0.008,0.081,-0.0,-2.738,-0.0,0.1,0.0
18.966,0.0,0.0,-0.041,1.977,-0.062,0.008,0.075,0.0,-0.06,0.008,0.081,-0.001,-2.752,-0.0,0.1,0.0
19.022,0.0,0.0,-0.039,1.986,-0.06,0.006,0.056,-0.382,-0.061,0.008,0.08,-0.002,-2.763,-0.0,0.1,0.0
19.095,0.0,0.0,-0.038,1.992,-0.058,0.008,0.083,0.535,-0.06,0.007,0.078,-0.002,-2.771,-0.0,0.1,0.0
19.125,0.0,0.0,-0.036,1.998,-0.058,0.008,0.083,0.0,-0.059,0.008,0.079,-0.001,-2.751,-0.0,0.1,0.0
19.173,0.0,0.0,-0.038,1.989,-0.06,0.008,0.08,-0.072,-0.058,0.008,0.079,-0.001,-2.74,-0.0,0.1,0.0
19.22,0.0,0.0,-0.04,1.984,-0.06,0.008,0.08,0.0,-0.058,0.008,0.079,-0.001,-2.751,-0.0,0.1,0.0
19.287,0.0,0.0,-0.039,1.987,-0.062,0.004,0.042,-0.741,-0.058,0.008,0.079,-0.001,-2.753,-0.0,0.1,0.0
19.332,0.0,0.0,-0.038,1.989,-0.062,0.004,0.042,0.0,-0.06,0.007,0.076,-0.003,-2.758,-0.0,0.1,0.0
19.385,0.0,0.0,-0.033,2.0,-0.059,0.007,0.074,0.636,-0.06,0.006,0.073,-0.004,-2.776,-0.0,0.1,0.0
19.427,0.0,0.0,-0.028,2.0,-0.059,0.007,0.074,0.0,-0.059,0.007,0.073,-0.003,-2.766,-0.0,0.1,0.0
19.489,0.0,0.0,-0.03,2.0,-0.06,0.009,0.092,0.344,-0.058,0.007,0.073,-0.002,-2.772,-0.0,0.1,0.0
19.532,0.0,0.0,-0.031,2.0,-0.06,0.009,0.092,0.0,-0.058,0.007,0.074,-0.001,-2.753,-0.0,0.1,0.0
19.572,0.0,0.0,-0.032,2.0,-0.06,0.009,0.092,0.0,-0.058,0.007,0.075,-0.0,-2.744,-0.0,0.1,0.0
19.626,0.0,0.0,-0.034,2.0,-0.06,0.003,0.025,-1.322,-0.058,0.008,0.076,0.0,-2.757,-0.0,0.1,0.0
19.674,0.0,0.0,-0.036,2.0,-0.06,0.002,0.015,-0.203,-0.058,0.007,0.073,-0.002,-2.758,-0.0,0.1,0.0
19.725,0.0,0.0,-0.03,2.0,-0.06,0.002,0.015,0.0,-0.059,0.006,0.068,-0.004,-2.747,-0.0,0.1,0.0
19.781,0.0,0.0,-0.023,2.0,-0.062,0.007,0.075,1.189,-0.059,0.005,0.064,-0.006,-2.749,-0.0,0.1,0.0
19.83,0.0,0.0,-0.017,2.0,-0.062,0.007,0.075,0.0,-0.06,0.006,0.064,-0.004,-2.756,-0.0,0.1,0.0
19.873,0.0,0.0,-0.017,2.0,-0.062,0.006,0.062,-0.249,-0.06,0.006,0.065,-0.003,-2.754,-0.0,0.1,0.0
19.936,0.0,0.0,-0.017,2.0,-0.062,0.006,0.062,0.0,-0.061,0.006,0.064,-0.003,-2.766,-0.0,0.1,0.0
19.976,0.0,0.0,-0.016,2.0,-0.059,0.014,0.138,1.514,-0.061,0.006,0.064,-0.002,-2.751,-0.0,0.1,0.0
20.031,0.0,0.0,-0.016,2.0,-0.059,0.014,0.138,0.0,-0.059,0.007,0.069,0.002,-2.761,-0.0,0.1,0.0
20.097,0.0,0.0,-0.026,2.0,-0.06,0.008,0.077,-1.211,-0.058,0.008,0.073,0.004,-2.751,-0.0,0.1,0.0
20.126,0.0,0.0,-0.034,2.0,-0.06,0.008,0.077,0.0,-0.059,0.008,0.074,0.003,-2.741,-0.0,0.1,0.0
20.169,0.0,0.0,-0.034,2.0,-0.06,0.008,0.077,0.0,-0.059,0.008,0.074,0.002,-2.727,-0.0,0.1,0.0
20.215,0.0,0.0,-0.034,2.0,-0.061,0.01,0.101,0.467,-0.059,0.008,0.075,0.001,-2.782,-0.0,0.1,0.0
20.27,0.0,0.0,-0.034,2.0,-0.059,0.011,0.108,0.153,-0.059,0.008,0.076,0.001,-2.778,-0.0,0.1,0.0
20.317,0.0,0.0,-0.035,2.0,-0.059,0.011,0.108,0.0,-0.058,0.008,0.078,0.002,-2.784,-0.0,0.1,0.0
20.375,0.0,0.0,-0.04,1.983,-0.061,0.011,0.105,-0.06,-0.058,0.009,0.081,0.003,-2.776,-0.0,0.1,0.0
20.428,0.0,0.0,-0.043,1.966,-0.061,0.011,0.105,0.0,-0.059,0.009,0.082,0.002,-2.775,-0.0,0.1,0.0
20.487,0.0,0.0,-0.044,1.962,-0.06,0.015,0.147,0.828,-0.059,0.009,0.084,0.002,-2.78,-0.0,0.1,0.0
20.537,0.0,0.0,-0.046,1.955,-0.06,0.015,0.147,0.0,-0.059,0.009,0.088,0.004,-2.764,-0.0,0.1,0.0
20.592,0.0,0.0,-0.052,1.926,-0.059,0.012,0.125,-0.447,-0.059,0.01,0.092,0.005,-2.772,-0.0,0.1,0.0
20.639,0.0,0.0,-0.058,1.899,-0.059,0.012,0.125,0.0,-0.058,0.01,0.095,0.004,-2.764,-0.0,0.1,0.0
20.679,0.0,0.0,-0.062,1.882,-0.059,0.011,0.112,-0.253,-0.058,0.01,0.097,0.004,-2.753,-0.0,0.1,0.0
20.731,0.0,0.0,-0.065,1.868,-0.059,0.011,0.112,0.0,-0.058,0.01,0.098,0.003,-2.761,-0.0,0.1,0.0
20.788,0.0,0.0,-0.067,1.86,-0.062,0.007,0.067,-0.893,-0.058,0.01,0.099,0.003,-2.767,-0.0,0.1,0.0
20.83,0.0,0.0,-0.068,1.855,-0.062,0.007,0.067,0.0,-0.059,0.01,0.097,-0.0,-2.756,-0.0,0.1,0.0
20.882,0.0,0.0,-0.063,1.879,-0.059,0.007,0.075,0.154,-0.059,0.009,0.095,-0.002,-2.751,-0.0,0.1,0.0
20.937,0.0,0.0,-0.058,1.899,-0.059,0.007,0.075,0.0,-0.059,0.009,0.093,-0.003,-2.741,-0.0,0.1,0.0
21.003,0.0,0.0,-0.057,1.904,-0.059,0.019,0.189,2.272,-0.058,0.009,0.092,-0.003,-2.726,-0.0,0.1,0.0
21.028,0.0,0.0,-0.056,1.912,-0.059,0.019,0.189,0.0,-0.058,0.01,0.098,0.002,-2.719,-0.0,0.1,0.0
21.105,0.0,0.0,-0.067,1.863,-0.058,0.011,0.108,-1.607,-0.057,0.011,0.104,0.005,-2.756,-0.0,0.1,0.0
21.131,0.0,0.0,-0.076,1.819,-0.058,0.011,0.108,0.0,-0.057,0.011,0.105,0.003,-2.746,-0.0,0.1,0.0
21.195,0.0,0.0,-0.077,1.815,-0.063,0.012,0.12,0.24,-0.056,0.011,0.105,0.002,-2.761,-0.0,0.1,0.0
21.229,0.0,0.0,-0.078,1.813,-0.063,0.012,0.12,0.0,-0.059,0.011,0.106,0.001,-2.735,-0.0,0.1,0.0
21.284,0.0,0.0,-0.075,1.823,-0.06,0.013,0.128,0.156,-0.06,0.011,0.107,0.0,-2.754,-0.0,0.1,0.0
21.33,0.0,0.0,-0.075,1.826,-0.06,0.013,0.128,0.0,-0.059,0.011,0.108,0.001,-2.734,-0.0,0.1,0.0
21.39,0.0,0.0,-0.078,1.812,-0.06,0.01,0.103,-0.504,-0.058,0.011,0.109,0.001,-2.738,-0.0,0.1,0.0
21.451,0.0,0.0,-0.08,1.801,-0.06,0.01,0.103,0.0,-0.058,0.011,0.109,0.0,-2.727,-0.0,0.1,0.0
21.481,0.0,0.0,-0.079,1.805,-0.057,0.01,0.096,-0.135,-0.058,0.011,0.109,-0.001,-2.732,-0.0,0.1,0.0
21.521,0.0,0.0,-0.078,1.81,-0.057,0.01,0.096,0.0,-0.057,0.011,0.108,-0.001,-2.713,-0.0,0.1,0.0
21.576,0.0,0.0,-0.079,1.809,-0.058,0.01,0.1,0.073,-0.056,0.01,0.107,-0.001,-2.733,-0.0,0.1,0.0
21.619,0.0,0.0,-0.078,1.811,-0.058,0.01,0.1,0.0,-0.056,0.01,0.106,-0.002,-2.729,-0.0,0.1,0.0
21.677,0.0,0.0,-0.077,1.818,-0.064,0.014,0.141,0.83,-0.057,0.01,0.105,-0.002,-2.748,-0.0,0.1,0.0
21.72,0.0,0.0,-0.075,1.823,-0.064,0.014,0.141,0.0,-0.059,0.01,0.107,-0.001,-2.73,-0.0,0.1,0.0
21.778,0.0,0.0,-0.075,1.823,-0.057,0.014,0.136,-0.112,-0.06,0.011,0.109,-0.001,-2.745,-0.0,0.1,0.0
21.835,0.0,0.0,-0.077,1.817,-0.057,0.014,0.136,0.0,-0.058,0.011,0.111,0.001,-2.72,-0.0,0.1,0.0
21.899,0.0,0.0,-0.083,1.791,-0.058,0.01,0.099,-0.73,-0.057,0.012,0.113,0.002,-2.727,-0.0,0.1,0.0
21.925,0.0,0.0,-0.087,1.772,-0.058,0.01,0.099,0.0,-0.056,0.011,0.112,0.0,-2.718,-0.0,0.1,0.0
21.983,0.0,0.0,-0.085,1.779,-0.057,0.01,0.104,0.1,-0.056,0.011,0.111,-0.001,-2.734,-0.0,0.1,0.0
22.04,0.0,0.0,-0.084,1.786,-0.057,0.01,0.104,0.0,-0.056,0.011,0.11,-0.001,-2.713,-0.0,0.1,0.0
22.1,0.0,0.0,-0.083,1.787,-0.061,0.01,0.096,-0.161,-0.055,0.011,0.11,-0.001,-2.736,-0.0,0.1,0.0
22.124,0.0,0.0,-0.083,1.79,-0.061,0.01,0.096,0.0,-0.057,0.01,0.108,-0.003,-2.729,-0.0,0.1,0.0
22.178,0.0,0.0,-0.078,1.81,-0.061,0.008,0.084,-0.247,-0.058,0.01,0.107,-0.003,-2.752,-0.0,0.1,0.0
22.224,0.0,0.0,-0.075,1.825,-0.061,0.008,0.084,0.0,-0.059,0.01,0.105,-0.004,-2.742,-0.0,0.1,0.0
22.282,0.0,0.0,-0.072,1.839,-0.058,0.01,0.105,0.416,-0.059,0.009,0.103,-0.004,-2.731,-0.0,0.1,0.0
22.338,0.0,0.0,-0.069,1.852,-0.058,0.01,0.105,0.0,-0.058,0.01,0.103,-0.003,-2.727,-0.0,0.1,0.0
22.399,0.0,0.0,-0.07,1.846,-0.06,0.01,0.104,-0.006,-0.057,0.01,0.103,-0.002,-2.721,-0.0,0.1,0.0
22.433,0.0,0.0,-0.071,1.843,-0.06,0.01,0.104,0.0,-0.058,0.01,0.103,-0.002,-2.701,-0.0,0.1,0.0
22.486,0.0,0.0,-0.07,1.847,-0.06,0.01,0.096,-0.165,-0.058,0.01,0.102,-0.002,-2.74,-0.0,0.1,0.0
22.542,0.0,0.0,-0.069,1.85,-0.06,0.01,0.096,0.0,-0.058,0.01,0.102,-0.002,-2.748,-0.0,0.1,0.0
22.594,0.0,0.0,-0.068,1.854,-0.06,0.011,0.113,0.334,-0.058,0.01,0.101,-0.002,-2.761,-0.0,0.1,0.0
22.623,0.0,0.0,-0.068,1.858,-0.06,0.011,0.113,0.0,-0.058,0.01,0.101,-0.002,-2.76,-0.0,0.1,0.0
22.687,0.0,0.0,-0.068,1.854,-0.059,0.009,0.087,-0.511,-0.058,0.01,0.102,-0.001,-2.784,-0.0,0.1,0.0
22.745,0.0,0.0,-0.069,1.85,-0.059,0.009,0.087,0.0,-0.058,0.01,0.101,-0.002,-2.756,-0.0,0.1,0.0
22.783,0.0,0.0,-0.068,1.856,-0.058,0.013,0.133,0.913,-0.058,0.01,0.1,-0.002,-2.767,-0.0,0.1,0.0
22.838,0.0,0.0,-0.067,1.862,-0.058,0.013,0.133,0.0,-0.057,0.01,0.102,-0.0,-2.749,-0.0,0.1,0.0
22.907,0.0,0.0,-0.071,1.843,-0.059,0.006,0.063,-1.403,-0.057,0.011,0.104,0.001,-2.749,-0.0,0.1,0.0
22.934,0.0,0.0,-0.074,1.828,-0.059,0.006,0.063,0.0,-0.057,0.01,0.101,-0.002,-2.74,-0.0,0.1,0.0
22.995,0.0,0.0,-0.069,1.852,-0.059,0.01,0.1,0.748,-0.057,0.009,0.098,-0.003,-2.743,-0.0,0.1,0.0
23.023,0.0,0.0,-0.064,1.873,-0.059,0.01,0.1,0.0,-0.057,0.009,0.098,-0.003,-2.737,-0.0,0.1,0.0
23.076,0.0,0.0,-0.064,1.873,-0.063,0.01,0.1,0.002,-0.057,0.009,0.098,-0.002,-2.751,-0.0,0.1,0.0
23.127,0.0,0.0,-0.064,1.873,-0.063,0.01,0.1,0.0,-0.059,0.009,0.097,-0.003,-2.733,-0.0,0.1,0.0
23.196,0.0,0.0,-0.062,1.884,-0.056,0.006,0.065,-0.705,-0.06,0.009,0.097,-0.003,-2.743,-0.0,0.1,0.0
23.237,0.0,0.0,-0.061,1.89,-0.056,0.006,0.065,0.0,-0.057,0.009,0.095,-0.003,-2.732,-0.0,0.1,0.0
23.271,0.0,0.0,-0.061,1.89,-0.06,0.0,-0.0,-1.299,-0.056,0.009,0.093,-0.003,-2.727,-0.0,0.1,0.0
23.319,0.0,0.0,-0.059,1.896,-0.06,0.0,-0.0,0.0,-0.057,0.007,0.086,-0.007,-2.719,-0.0,0.1,0.0
23.378,0.0,0.0,-0.047,1.951,-0.06,0.005,0.051,1.016,-0.058,0.006,0.08,-0.009,-2.748,-0.0,0.1,0.0
23.426,0.0,0.0,-0.036,1.998,-0.06,0.005,0.051,0.0,-0.058,0.006,0.077,-0.008,-2.761,-0.0,0.1,0.0
23.484,0.0,0.0,-0.033,2.0,-0.06,0.006,0.063,0.243,-0.058,0.006,0.074,-0.007,-2.773,-0.0,0.1,0.0
23.528,0.0,0.0,-0.03,2.0,-0.06,0.006,0.063,0.0,-0.059,0.006,0.073,-0.006,-2.749,-0.0,0.1,0.0
23.583,0.0,0.0,-0.029,2.0,-0.061,0.007,0.075,0.232,-0.059,0.006,0.072,-0.005,-2.761,-0.0,0.1,0.0
23.627,0.0,0.0,-0.027,2.0,-0.061,0.007,0.075,0.0,-0.06,0.006,0.071,-0.004,-2.746,-0.0,0.1,0.0
23.688,0.0,0.0,-0.026,2.0,-0.06,0.011,0.112,0.746,-0.06,0.006,0.071,-0.003,-2.751,-0.0,0.1,0.0
23.745,0.0,0.0,-0.026,2.0,-0.06,0.011,0.112,0.0,-0.059,0.007,0.074,-0.001,-2.734,-0.0,0.1,0.0
23.808,0.0,0.0,-0.031,2.0,-0.059,0.007,0.075,-0.741,-0.059,0.008,0.076,0.001,-2.735,-0.0,0.1,0.0
23.839,0.0,0.0,-0.035,2.0,-0.059,0.007,0.075,0.0,-0.059,0.008,0.076,0.001,-2.719,-0.0,0.1,0.0
23.889,0.0,0.0,-0.036,2.0,-0.058,0.009,0.094,0.374,-0.058,0.008,0.076,0.0,-2.737,-0.0,0.1,0.0
23.942,0.0,0.0,-0.036,2.0,-0.058,0.009,0.094,0.0,-0.057,0.008,0.077,0.001,-2.727,-0.0,0.1,0.0
23.996,0.0,0.0,-0.038,1.989,-0.063,0.007,0.071,-0.453,-0.057,0.008,0.078,0.001,-2.736,-0.0,0.1,0.0
24.025,0.0,0.0,-0.041,1.98,-0.063,0.007,0.071,0.0,-0.059,0.008,0.077,-0.001,-2.718,-0.0,0.1,0.0
24.088,0.0,0.0,-0.036,2.0,-0.061,0.01,0.099,0.567,-0.061,0.007,0.077,-0.002,-2.736,-0.0,0.1,0.0
24.138,0.0,0.0,-0.033,2.0,-0.061,0.01,0.099,0.0,-0.06,0.008,0.078,-0.001,-2.724,-0.0,0.1,0.0
24.209,0.0,0.0,-0.036,1.999,-0.06,0.006,0.057,-0.842,-0.06,0.008,0.079,0.0,-2.722,-0.0,0.1,0.0
24.239,0.0,0.0,-0.039,1.988,-0.06,0.006,0.057,0.0,-0.059,0.008,0.078,-0.001,-2.716,-0.0,0.1,0.0
24.288,0.0,0.0,-0.037,1.995,-0.06,0.005,0.05,-0.15,-0.059,0.007,0.076,-0.002,-2.723,-0.0,0.1,0.0
24.342,0.0,0.0,-0.035,2.0,-0.06,0.005,0.05,0.0,-0.059,0.007,0.074,-0.002,-2.708,-0.0,0.1,0.0
24.41,0.0,0.0,-0.032,2.0,-0.059,0.01,0.104,1.091,-0.059,0.007,0.073,-0.003,-2.715,-0.0,0.1,0.0
24.443,0.0,0.0,-0.029,2.0,-0.059,0.01,0.104,0.0,-0.058,0.007,0.074,-0.001,-2.719,-0.0,0.1,0.0
24.491,0.0,0.0,-0.033,2.0,-0.062,0.012,0.125,0.423,-0.058,0.008,0.076,0.0,-2.73,-0.0,0.1,0.0
24.522,0.0,0.0,-0.036,1.998,-0.062,0.012,0.125,0.0,-0.059,0.008,0.079,0.001,-2.713,-0.0,0.1,0.0
24.577,0.0,0.0,-0.039,1.985,-0.053,0.01,0.097,-0.569,-0.06,0.009,0.082,0.002,-2.743,-0.0,0.1,0.0
24.625,0.0,0.0,-0.043,1.969,-0.053,0.01,0.097,0.0,-0.056,0.009,0.084,0.003,-2.734,-0.0,0.1,0.0
24.685,0.0,0.0,-0.05,1.939,-0.061,0.015,0.155,1.166,-0.054,0.009,0.085,0.003,-2.727,-0.0,0.1,0.0
24.736,0.0,0.0,-0.054,1.921,-0.061,0.015,0.155,0.0,-0.057,0.01,0.09,0.004,-2.713,-0.0,0.1,0.0
24.79,0.0,0.0,-0.057,1.906,-0.059,0.01,0.104,-1.027,-0.058,0.01,0.094,0.005,-2.753,-0.0,0.1,0.0
24.836,0.0,0.0,-0.062,1.885,-0.059,0.01,0.104,0.0,-0.058,0.01,0.095,0.003,-2.737,-0.0,0.1,0.0
24.895,0.0,0.0,-0.063,1.879,-0.059,0.006,0.058,-0.911,-0.057,0.01,0.096,0.002,-2.752,-0.0,0.1,0.0
24.921,0.0,0.0,-0.064,1.875,-0.059,0.006,0.058,0.0,-0.057,0.009,0.093,-0.0,-2.742,-0.0,0.1,0.0
24.974,0.0,0.0,-0.059,1.895,-0.057,0.013,0.126,1.366,-0.058,0.009,0.091,-0.002,-2.763,-0.0,0.1,0.0
25.029,0.0,0.0,-0.055,1.914,-0.057,0.013,0.126,0.0,-0.056,0.009,0.093,-0.0,-2.739,-0.0,0.1,0.0
25.091,0.0,0.0,-0.06,1.891,-0.06,0.008,0.079,-0.955,-0.056,0.01,0.095,0.001,-2.76,-0.0,0.1,0.0
25.114,0.0,0.0,-0.065,1.872,-0.06,0.008,0.079,0.0,-0.057,0.009,0.094,-0.001,-2.752,-0.0,0.1,0.0
25.173,0.0,0.0,-0.061,1.888,-0.06,0.008,0.079,0.0,-0.057,0.009,0.093,-0.002,-2.748,-0.0,0.1,0.0
25.232,0.0,0.0,-0.058,1.901,-0.063,0.009,0.092,0.265,-0.058,0.009,0.092,-0.002,-2.724,-0.0,0.1,0.0
25.291,0.0,0.0,-0.056,1.911,-0.063,0.009,0.092,0.0,-0.059,0.009,0.091,-0.003,-2.755,-0.0,0.1,0.0
25.316,0.0,0.0,-0.053,1.922,-0.063,0.009,0.092,0.0,-0.06,0.009,0.091,-0.003,-2.768,-0.0,0.1,0.0
25.381,0.0,0.0,-0.052,1.928,-0.063,0.009,0.092,0.0,-0.061,0.009,0.091,-0.002,-2.781,-0.0,0.1,0.0
25.45,0.0,0.0,-0.051,1.932,-0.062,0.01,0.1,0.163,-0.061,0.009,0.09,-0.002,-2.777,-0.0,0.1,0.0
25.471,0.0,0.0,-0.051,1.934,-0.062,0.01,0.1,0.0,-0.061,0.009,0.091,-0.002,-2.777,-0.0,0.1,0.0
25.533,0.0,0.0,-0.052,1.93,-0.057,0.006,0.061,-0.781,-0.061,0.009,0.091,-0.001,-2.749,-0.0,0.1,0.0
25.605,0.0,0.0,-0.052,1.927,-0.062,0.005,0.048,-0.26,-0.059,0.009,0.089,-0.002,-2.724,-0.0,0.1,0.0
25.629,0.0,0.0,-0.052,1.928,-0.062,0.005,0.048,0.0,-0.06,0.008,0.086,-0.003,-2.721,-0.0,0.1,0.0
25.692,0.0,0.0,-0.046,1.956,-0.058,0.013,0.13,1.646,-0.06,0.007,0.083,-0.005,-2.752,-0.0,0.1,0.0
25.727,0.0,0.0,-0.041,1.979,-0.058,0.013,0.13,0.0,-0.058,0.008,0.086,-0.001,-2.731,-0.0,0.1,0.0
25.793,0.0,0.0,-0.048,1.945,-0.056,0.005,0.054,-1.532,-0.057,0.009,0.089,0.001,-2.752,-0.0,0.1,0.0
25.826,0.0,0.0,-0.054,1.918,-0.056,0.005,0.054,0.0,-0.056,0.009,0.087,-0.0,-2.744,-0.0,0.1,0.0
25.885,0.0,0.0,-0.052,1.928,-0.058,0.002,0.021,-0.657,-0.056,0.008,0.084,-0.002,-2.746,-0.0,0.1,0.0
25.934,0.0,0.0,-0.049,1.941,-0.058,0.002,0.021,0.0,-0.056,0.007,0.08,-0.004,-2.729,-0.0,0.1,0.0
25.986,0.0,0.0,-0.042,1.975,-0.057,0.011,0.111,1.808,-0.056,0.006,0.076,-0.006,-2.731,-0.0,0.1,0.0
26.032,0.0,0.0,-0.035,2.0,-0.057,0.011,0.111,0.0,-0.056,0.007,0.077,-0.003,-2.723,-0.0,0.1,0.0
26.105,0.0,0.0,-0.038,1.989,-0.061,0.007,0.067,-0.879,-0.056,0.008,0.079,-0.001,-2.701,-0.0,0.1,0.0
26.123,0.0,0.0,-0.042,1.973,-0.061,0.007,0.067,0.0,-0.058,0.007,0.078,-0.002,-2.7,-0.0,0.1,0.0
26.177,0.0,0.0,-0.038,1.99,-0.061,0.007,0.067,0.0,-0.059,0.007,0.077,-0.003,-2.742,-0.0,0.1,0.0
26.231,0.0,0.0,-0.036,2.0,-0.061,0.007,0.067,0.0,-0.059,0.007,0.076,-0.003,-2.724,-0.0,0.1,0.0
26.295,0.0,0.0,-0.034,2.0,-0.062,0.012,0.117,0.987,-0.059,0.007,0.075,-0.003,-2.732,-0.0,0.1,0.0
26.325,0.0,0.0,-0.032,2.0,-0.062,0.012,0.117,0.0,-0.06,0.008,0.078,-0.001,-2.727,-0.0,0.1,0.0
26.387,0.0,0.0,-0.036,2.0,-0.059,0.012,0.119,0.037,-0.06,0.008,0.08,0.001,-2.737,-0.0,0.1,0.0
26.446,0.0,0.0,-0.039,1.986,-0.059,0.012,0.119,0.0,-0.059,0.009,0.083,0.002,-2.75,-0.0,0.1,0.0
26.476,0.0,0.0,-0.044,1.962,-0.06,0.01,0.1,-0.369,-0.058,0.009,0.085,0.003,-2.741,-0.0,0.1,0.0
26.535,0.0,0.0,-0.049,1.942,-0.06,0.01,0.1,0.0,-0.058,0.009,0.086,0.002,-2.726,-0.0,0.1,0.0
26.595,0.0,0.0,-0.05,1.936,-0.059,0.007,0.067,-0.659,-0.058,0.009,0.087,0.002,-2.726,-0.0,0.1,0.0
26.618,0.0,0.0,-0.051,1.93,-0.059,0.007,0.067,0.0,-0.058,0.009,0.086,0.0,-2.719,-0.0,0.1,0.0
26.691,0.0,0.0,-0.05,1.939,-0.059,0.01,0.102,0.704,-0.058,0.008,0.085,-0.001,-2.725,-0.0,0.1,0.0
26.748,0.0,0.0,-0.047,1.949,-0.059,0.01,0.102,0.0,-0.058,0.008,0.086,-0.0,-2.74,-0.0,0.1,0.0
26.783,0.0,0.0,-0.049,1.942,-0.062,0.016,0.159,1.132,-0.058,0.009,0.087,0.0,-2.73,-0.0,0.1,0.0
26.837,0.0,0.0,-0.05,1.936,-0.062,0.016,0.159,0.0,-0.059,0.01,0.091,0.002,-2.713,-0.0,0.1,0.0
26.878,0.0,0.0,-0.056,1.909,-0.06,0.01,0.103,-1.117,-0.059,0.01,0.096,0.004,-2.734,-0.0,0.1,0.0
26.938,0.0,0.0,-0.062,1.882,-0.06,0.01,0.103,0.0,-0.059,0.01,0.097,0.003,-2.719,-0.0,0.1,0.0
26.99,0.0,0.0,-0.064,1.876,-0.058,0.012,0.116,0.26,-0.058,0.01,0.097,0.002,-2.726,-0.0,0.1,0.0
27.04,0.0,0.0,-0.064,1.873,-0.058,0.012,0.116,0.0,-0.058,0.01,0.099,0.002,-2.728,-0.0,0.1,0.0
27.076,0.0,0.0,-0.067,1.859,-0.059,0.009,0.088,-0.568,-0.057,0.01,0.1,0.002,-2.77,-0.0,0.1,0.0
27.132,0.0,0.0,-0.069,1.849,-0.059,0.009,0.088,0.0,-0.057,0.01,0.099,0.0,-2.76,-0.0,0.1,0.0
27.192,0.0,0.0,-0.067,1.859,-0.06,0.008,0.075,-0.255,-0.058,0.01,0.098,-0.001,-2.761,-0.0,0.1,0.0
27.292,0.0,0.0,-0.066,1.867,-0.061,0.011,0.107,0.644,-0.058,0.009,0.097,-0.002,-2.746,-0.0,0.1,0.0
27.318,0.0,0.0,-0.062,1.882,-0.061,0.011,0.107,0.0,-0.059,0.009,0.097,-0.002,-2.737,-0.0,0.1,0.0
27.34,0.0,0.0,-0.062,1.882,-0.061,0.011,0.107,0.0,-0.059,0.009,0.097,-0.001,-2.751,-0.0,0.1,0.0
27.4,0.0,0.0,-0.063,1.881,-0.061,0.012,0.122,0.3,-0.059,0.01,0.098,-0.001,-2.744,-0.0,0.1,0.0
27.43,0.0,0.0,-0.063,1.878,-0.061,0.012,0.122,0.0,-0.059,0.01,0.099,-0.0,-2.741,-0.0,0.1,0.0
27.502,0.0,0.0,-0.065,1.869,-0.057,0.016,0.162,0.802,-0.059,0.01,0.101,0.0,-2.727,-0.0,0.1,0.0
27.532,0.0,0.0,-0.067,1.859,-0.057,0.016,0.162,0.0,-0.058,0.011,0.105,0.003,-2.73,-0.0,0.1,0.0
27.585,0.0,0.0,-0.076,1.82,-0.058,0.01,0.095,-1.339,-0.057,0.012,0.109,0.004,-2.773,-0.0,0.1,0.0
27.632,0.0,0.0,-0.083,1.789,-0.058,0.01,0.095,0.0,-0.056,0.011,0.108,0.002,-2.769,-0.0,0.1,0.0
27.681,0.0,0.0,-0.082,1.795,-0.058,0.01,0.096,0.002,-0.056,0.011,0.107,0.001,-2.78,-0.0,0.1,0.0
27.724,0.0,0.0,-0.08,1.803,-0.058,0.01,0.096,0.0,-0.056,0.01,0.107,-0.001,-2.766,-0.0,0.1,0.0
27.78,0.0,0.0,-0.078,1.812,-0.062,0.01,0.104,0.166,-0.057,0.01,0.106,-0.001,-2.753,-0.0,0.1,0.0
27.831,0.0,0.0,-0.076,1.82,-0.062,0.01,0.104,0.0,-0.058,0.01,0.105,-0.002,-2.761,-0.0,0.1,0.0
27.882,0.0,0.0,-0.073,1.832,-0.06,0.012,0.121,0.34,-0.059,0.01,0.105,-0.002,-2.748,-0.0,0.1,0.0
27.938,0.0,0.0,-0.072,1.84,-0.06,0.012,0.121,0.0,-0.059,0.01,0.105,-0.002,-2.738,-0.0,0.1,0.0
27.973,0.0,0.0,-0.073,1.832,-0.059,0.006,0.059,-1.244,-0.059,0.01,0.106,-0.001,-2.737,-0.0,0.1,0.0
28.035,0.0,0.0,-0.075,1.825,-0.059,0.006,0.059,0.0,-0.058,0.01,0.103,-0.003,-2.725,-0.0,0.1,0.0
28.112,0.0,0.0,-0.07,1.845,-0.064,0.0,-0.0,-1.174,-0.058,0.009,0.1,-0.004,-2.73,-0.0,0.1,0.0
28.136,0.0,0.0,-0.066,1.866,-0.064,0.0,-0.0,0.0,-0.06,0.008,0.092,-0.008,-2.745,-0.0,0.1,0.0
28.2,0.0,0.0,-0.052,1.928,-0.061,0.007,0.075,1.499,-0.061,0.006,0.085,-0.011,-2.737,-0.0,0.1,0.0
28.224,0.0,0.0,-0.04,1.981,-0.061,0.007,0.075,0.0,-0.061,0.007,0.084,-0.008,-2.728,-0.0,0.1,0.0
28.284,0.0,0.0,-0.04,1.983,-0.064,0.008,0.079,0.074,-0.06,0.007,0.083,-0.007,-2.733,-0.0,0.1,0.0
28.337,0.0,0.0,-0.039,1.986,-0.064,0.008,0.079,0.0,-0.062,0.007,0.082,-0.006,-2.719,-0.0,0.1,0.0
28.393,0.0,0.0,-0.037,1.996,-0.059,0.004,0.037,-0.825,-0.062,0.007,0.081,-0.005,-2.697,-0.0,0.1,0.0
28.464,0.0,0.0,-0.035,2.0,-0.059,0.007,0.071,0.678,-0.06,0.007,0.078,-0.005,-2.738,-0.0,0.1,0.0
28.495,0.0,0.0,-0.034,2.0,-0.059,0.007,0.071,0.0,-0.059,0.007,0.077,-0.003,-2.724,-0.0,0.1,0.0
28.519,0.0,0.0,-0.034,2.0,-0.059,0.007,0.071,0.0,-0.059,0.007,0.076,-0.003,-2.723,-0.0,0.1,0.0
28.583,0.0,0.0,-0.034,2.0,-0.058,0.005,0.048,-0.462,-0.058,0.007,0.076,-0.002,-2.726,-0.0,0.1,0.0
28.636,0.0,0.0,-0.034,2.0,-0.058,0.005,0.048,0.0,-0.057,0.007,0.074,-0.003,-2.717,-0.0,0.1,0.0
28.706,0.0,0.0,-0.032,2.0,-0.058,0.007,0.074,0.523,-0.057,0.007,0.072,-0.003,-2.718,-0.0,0.1,0.0
28.737,0.0,0.0,-0.03,2.0,-0.058,0.007,0.074,0.0,-0.057,0.007,0.071,-0.002,-2.731,-0.0,0.1,0.0
28.798,0.0,0.0,-0.03,2.0,-0.062,0.003,0.033,-0.82,-0.057,0.007,0.071,-0.002,-2.707,-0.0,0.1,0.0
28.822,0.0,0.0,-0.03,2.0,-0.062,0.003,0.033,0.0,-0.059,0.006,0.068,-0.004,-2.704,-0.0,0.1,0.0
28.899,0.0,0.0,-0.024,2.0,-0.058,0.005,0.049,0.311,-0.06,0.006,0.066,-0.005,-2.678,-0.0,0.1,0.0
28.933,0.0,0.0,-0.018,2.0,-0.058,0.005,0.049,0.0,-0.058,0.006,0.064,-0.004,-2.704,-0.0,0.1,0.0
28.986,0.0,0.0,-0.018,2.0,-0.059,0.012,0.124,1.505,-0.058,0.006,0.063,-0.004,-2.716,-0.0,0.1,0.0
29.045,0.0,0.0,-0.017,2.0,-0.059,0.012,0.124,0.0,-0.058,0.007,0.067,-0.0,-2.731,-0.0,0.1,0.0
29.079,0.0,0.0,-0.024,2.0,-0.062,0.012,0.116,-0.173,-0.057,0.007,0.07,0.002,-2.712,-0.0,0.1,0.0
29.141,0.0,0.0,-0.03,2.0,-0.062,0.012,0.116,0.0,-0.059,0.008,0.073,0.002,-2.705,-0.0,0.1,0.0
29.205,0.0,0.0,-0.032,2.0,-0.06,0.016,0.163,0.941,-0.06,0.008,0.076,0.003,-2.703,-0.0,0.1,0.0
29.229,0.0,0.0,-0.035,2.0,-0.06,0.016,0.163,0.0,-0.06,0.009,0.082,0.005,-2.697,-0.0,0.1,0.0
29.323,0.0,0.0,-0.045,1.961,-0.061,0.01,0.1,-1.249,-0.059,0.01,0.088,0.007,-2.705,-0.0,0.1,0.0
29.347,0.0,0.0,-0.053,1.922,-0.061,0.01,0.1,0.0,-0.059,0.01,0.089,0.005,-2.712,-0.0,0.1,0.0
29.38,0.0,0.0,-0.054,1.919,-0.06,0.011,0.107,0.146,-0.059,0.01,0.09,0.004,-2.696,-0.0,0.1,0.0
29.437,0.0,0.0,-0.055,1.916,-0.06,0.011,0.107,0.0,-0.059,0.01,0.091,0.003,-2.72,-0.0,0.1,0.0
29.489,0.0,0.0,-0.057,1.905,-0.062,0.0,-0.0,-2.148,-0.058,0.01,0.093,0.003,-2.71,-0.0,0.1,0.0
29.549,0.0,0.0,-0.059,1.898,-0.062,0.0,-0.0,0.0,-0.059,0.008,0.087,-0.003,-2.733,-0.0,0.1,0.0
29.579,0.0,0.0,-0.047,1.95,-0.063,0.007,0.072,1.431,-0.06,0.007,0.08,-0.006,-2.715,-0.0,0.1,0.0
29.628,0.0,0.0,-0.037,1.997,-0.063,0.007,0.072,0.0,-0.061,0.007,0.079,-0.006,-2.712,-0.0,0.1,0.0
29.7,0.0,0.0,-0.034,2.0,-0.063,0.008,0.08,0.161,-0.061,0.007,0.078,-0.005,-2.709,-0.0,0.1,0.0
29.726,0.0,0.0,-0.033,2.0,-0.063,0.008,0.08,0.0,-0.061,0.007,0.078,-0.004,-2.705,-0.0,0.1,0.0
29.785,0.0,0.0,-0.033,2.0,-0.058,0.011,0.108,0.575,-0.061,0.007,0.077,-0.003,-2.706,-0.0,0.1,0.0
29.866,0.0,0.0,-0.033,2.0,-0.057,0.005,0.045,-1.259,-0.059,0.008,0.079,-0.0,-2.72,-0.0,0.1,0.0
29.888,0.0,0.0,-0.039,1.985,-0.057,0.005,0.045,0.0,-0.058,0.008,0.077,-0.001,-2.713,-0.0,0.1,0.0
29.943,0.0,0.0,-0.037,1.994,-0.057,0.005,0.045,0.0,-0.057,0.007,0.075,-0.002,-2.719,-0.0,0.1,0.0
29.977,0.0,0.0,-0.035,2.0,-0.062,0.013,0.131,1.72,-0.057,0.007,0.073,-0.003,-2.723,-0.0,0.1,0.0
30.041,0.0,0.0,-0.032,2.0,-0.062,0.013,0.131,0.0,-0.059,0.007,0.076,-0.001,-2.75,-0.0,0.1,0.0
30.108,0.0,0.0,-0.035,2.0,-0.062,0.009,0.087,-0.892,-0.06,0.008,0.08,0.001,-2.724,-0.0,0.1,0.0
30.135,0.0,0.0,-0.039,1.986,-0.062,0.009,0.087,0.0,-0.06,0.008,0.08,0.0,-2.731,-0.0,0.1,0.0
30.207,0.0,0.0,-0.039,1.986,-0.058,0.013,0.128,0.83,-0.06,0.008,0.08,0.0,-2.736,-0.0,0.1,0.0
30.239,0.0,0.0,-0.039,1.985,-0.058,0.013,0.128,0.0,-0.059,0.009,0.084,0.002,-2.74,-0.0,0.1,0.0
30.304,0.0,0.0,-0.047,1.952,-0.059,0.009,0.087,-0.817,-0.058,0.009,0.087,0.004,-2.722,-0.0,0.1,0.0
30.329,0.0,0.0,-0.052,1.926,-0.059,0.009,0.087,0.0,-0.057,0.009,0.087,0.002,-2.74,-0.0,0.1,0.0
30.389,0.0,0.0,-0.052,1.926,-0.058,0.003,0.029,-1.16,-0.057,0.009,0.087,0.001,-2.775,-0.0,0.1,0.0
30.448,0.0,0.0,-0.052,1.927,-0.058,0.003,0.029,0.0,-0.057,0.008,0.083,-0.002,-2.785,-0.0,0.1,0.0
30.481,0.0,0.0,-0.046,1.954,-0.055,0.012,0.123,1.868,-0.057,0.007,0.08,-0.004,-2.766,-0.0,0.1,0.0
30.528,0.0,0.0,-0.04,1.98,-0.055,0.012,0.123,0.0,-0.056,0.008,0.082,-0.001,-2.776,-0.0,0.1,0.0
30.591,0.0,0.0,-0.047,1.952,-0.059,0.007,0.075,-0.956,-0.055,0.009,0.085,0.001,-2.775,-0.0,0.1,0.0
30.623,0.0,0.0,-0.052,1.929,-0.059,0.007,0.075,0.0,-0.056,0.008,0.084,-0.0,-2.755,-0.0,0.1,0.0
30.688,0.0,0.0,-0.049,1.942,-0.06,0.008,0.079,0.087,-0.057,0.008,0.083,-0.001,-2.757,-0.0,0.1,0.0
30.742,0.0,0.0,-0.047,1.952,-0.06,0.008,0.079,0.0,-0.057,0.008,0.083,-0.002,-2.778,-0.0,0.1,0.0
30.806,0.0,0.0,-0.045,1.961,-0.06,0.011,0.114,0.699,-0.058,0.008,0.082,-0.002,-2.761,-0.0,0.1,0.0
30.831,0.0,0.0,-0.043,1.967,-0.06,0.011,0.114,0.0,-0.058,0.008,0.084,-0.001,-2.781,-0.0,0.1,0.0
30.887,0.0,0.0,-0.046,1.955,-0.059,0.005,0.049,-1.301,-0.058,0.009,0.086,0.0,-2.764,-0.0,0.1,0.0
30.943,0.0,0.0,-0.049,1.943,-0.059,0.005,0.049,0.0,-0.058,0.008,0.083,-0.001,-2.768,-0.0,0.1,0.0
31.006,0.0,0.0,-0.045,1.958,-0.057,0.005,0.048,-0.024,-0.058,0.008,0.081,-0.003,-2.743,-0.0,0.1,0.0
31.032,0.0,0.0,-0.042,1.974,-0.057,0.005,0.048,0.0,-0.057,0.007,0.079,-0.003,-2.762,-0.0,0.1,0.0
31.105,0.0,0.0,-0.039,1.986,-0.06,0.0,0.004,-0.877,-0.057,0.007,0.076,-0.004,-2.74,-0.0,0.1,0.0
31.129,0.0,0.0,-0.036,1.999,-0.06,0.0,0.004,0.0,-0.058,0.006,0.071,-0.006,-2.74,-0.0,0.1,0.0
31.201,0.0,0.0,-0.027,2.0,-0.058,0.016,0.159,3.096,-0.058,0.005,0.066,-0.008,-2.718,-0.0,0.1,0.0
31.225,0.0,0.0,-0.019,2.0,-0.058,0.016,0.159,0.0,-0.058,0.007,0.071,-0.002,-2.718,-0.0,0.1,0.0
31.295,0.0,0.0,-0.03,2.0,-0.062,0.011,0.108,-1.024,-0.057,0.008,0.077,0.002,-2.743,-0.0,0.1,0.0
31.322,0.0,0.0,-0.04,1.983,-0.062,0.011,0.108,0.0,-0.059,0.008,0.079,0.002,-2.767,-0.0,0.1,0.0
31.384,0.0,0.0,-0.04,1.98,-0.06,0.003,0.025,-1.655,-0.059,0.008,0.081,0.002,-2.738,-0.0,0.1,0.0
31.436,0.0,0.0,-0.042,1.974,-0.06,0.003,0.025,0.0,-0.059,0.007,0.077,-0.001,-2.76,-0.0,0.1,0.0
31.505,0.0,0.0,-0.036,1.999,-0.055,0.014,0.135,2.208,-0.059,0.007,0.074,-0.003,-2.733,-0.0,0.1,0.0
31.53,0.0,0.0,-0.031,2.0,-0.055,0.014,0.135,0.0,-0.056,0.008,0.078,0.001,-2.753,-0.0,0.1,0.0
31.591,0.0,0.0,-0.041,1.979,-0.058,0.007,0.068,-1.354,-0.055,0.009,0.082,0.003,-2.735,-0.0,0.1,0.0
31.617,0.0,0.0,-0.048,1.944,-0.058,0.007,0.068,0.0,-0.056,0.008,0.081,0.001,-2.737,-0.0,0.1,0.0
31.684,0.0,0.0,-0.045,1.958,-0.058,0.007,0.067,-0.01,-0.056,0.008,0.08,-0.0,-2.727,-0.0,0.1,0.0
31.747,0.0,0.0,-0.043,1.97,-0.058,0.007,0.067,0.0,-0.056,0.008,0.079,-0.001,-2.744,-0.0,0.1,0.0
31.788,0.0,0.0,-0.041,1.977,-0.063,0.01,0.104,0.743,-0.056,0.007,0.078,-0.002,-2.73,-0.0,0.1,0.0
31.865,0.0,0.0,-0.04,1.984,-0.06,0.007,0.067,-0.752,-0.059,0.008,0.079,-0.001,-2.739,-0.0,0.1,0.0
31.888,0.0,0.0,-0.039,1.987,-0.06,0.007,0.067,0.0,-0.059,0.007,0.078,-0.002,-2.731,-0.0,0.1,0.0
31.953,0.0,0.0,-0.037,1.993,-0.06,0.007,0.067,0.0,-0.059,0.007,0.077,-0.002,-2.747,-0.0,0.1,0.0
31.987,0.0,0.0,-0.036,2.0,-0.062,0.003,0.029,-0.759,-0.059,0.007,0.076,-0.002,-2.733,-0.0,0.1,0.0
32.037,0.0,0.0,-0.035,2.0,-0.062,0.003,0.029,0.0,-0.06,0.006,0.073,-0.004,-2.725,-0.0,0.1,0.0
32.104,0.0,0.0,-0.028,2.0,-0.056,0.011,0.113,1.692,-0.06,0.006,0.069,-0.005,-2.717,-0.0,0.1,0.0
32.129,0.0,0.0,-0.022,2.0,-0.056,0.011,0.113,0.0,-0.058,0.007,0.072,-0.002,-2.717,-0.0,0.1,0.0
32.195,0.0,0.0,-0.03,2.0,-0.063,0.009,0.088,-0.505,-0.057,0.008,0.075,0.001,-2.722,-0.0,0.1,0.0
32.233,0.0,0.0,-0.036,1.999,-0.063,0.009,0.088,0.0,-0.059,0.007,0.075,0.0,-2.75,-0.0,0.1,0.0
32.288,0.0,0.0,-0.034,2.0,-0.062,0.011,0.107,0.385,-0.06,0.007,0.076,-0.0,-2.729,-0.0,0.1,0.0
32.351,0.0,0.0,-0.033,2.0,-0.062,0.011,0.107,0.0,-0.06,0.008,0.078,0.001,-2.746,-0.0,0.1,0.0
32.39,0.0,0.0,-0.036,1.999,-0.063,0.012,0.12,0.247,-0.06,0.008,0.08,0.001,-2.73,-0.0,0.1,0.0
32.45,0.0,0.0,-0.039,1.986,-0.063,0.012,0.12,0.0,-0.061,0.009,0.082,0.002,-2.761,-0.0,0.1,0.0
32.485,0.0,0.0,-0.042,1.973,-0.06,0.002,0.025,-1.902,-0.061,0.009,0.085,0.002,-2.743,-0.0,0.1,0.0
32.546,0.0,0.0,-0.045,1.959,-0.06,0.002,0.025,0.0,-0.06,0.008,0.081,-0.001,-2.726,-0.0,0.1,0.0
32.599,0.0,0.0,-0.041,1.98,-0.058,0.01,0.104,1.592,-0.059,0.007,0.077,-0.003,-2.717,-0.0,0.1,0.0
32.626,0.0,0.0,-0.035,2.0,-0.058,0.01,0.104,0.0,-0.058,0.008,0.079,-0.001,-2.758,-0.0,0.1,0.0
32.682,0.0,0.0,-0.039,1.984,-0.06,0.005,0.05,-1.093,-0.058,0.008,0.081,0.0,-2.772,-0.0,0.1,0.0
32.74,0.0,0.0,-0.043,1.97,-0.06,0.005,0.05,0.0,-0.058,0.008,0.078,-0.001,-2.784,-0.0,0.1,0.0
32.795,0.0,0.0,-0.038,1.99,-0.063,0.014,0.139,1.781,-0.058,0.007,0.076,-0.003,-2.761,-0.0,0.1,0.0
32.824,0.0,0.0,-0.035,2.0,-0.063,0.014,0.139,0.0,-0.06,0.008,0.08,-0.0,-2.776,-0.0,0.1,0.0
32.879,0.0,0.0,-0.039,1.987,-0.061,0.012,0.124,-0.298,-0.061,0.009,0.084,0.002,-2.765,-0.0,0.1,0.0
32.932,0.0,0.0,-0.044,1.965,-0.061,0.012,0.124,0.0,-0.06,0.009,0.086,0.003,-2.765,-0.0,0.1,0.0
32.991,0.0,0.0,-0.049,1.944,-0.06,0.01,0.104,-0.399,-0.06,0.009,0.089,0.003,-2.748,-0.0,0.1,0.0
33.021,0.0,0.0,-0.053,1.925,-0.06,0.01,0.104,0.0,-0.059,0.01,0.09,0.003,-2.755,-0.0,0.1,0.0
33.092,0.0,0.0,-0.055,1.915,-0.059,0.011,0.112,0.159,-0.059,0.01,0.091,0.002,-2.751,-0.0,0.1,0.0
33.149,0.0,0.0,-0.057,1.908,-0.059,0.011,0.112,0.0,-0.058,0.01,0.093,0.002,-2.756,-0.0,0.1,0.0
33.188,0.0,0.0,-0.059,1.896,-0.061,0.01,0.1,-0.239,-0.058,0.01,0.094,0.002,-2.751,-0.0,0.1,0.0
33.248,0.0,0.0,-0.061,1.887,-0.061,0.01,0.1,0.0,-0.059,0.01,0.095,0.001,-2.756,-0.0,0.1,0.0
33.275,0.0,0.0,-0.06,1.891,-0.061,0.014,0.137,0.742,-0.059,0.009,0.095,0.0,-2.748,-0.0,0.1,0.0
33.332,0.0,0.0,-0.06,1.893,-0.061,0.014,0.137,0.0,-0.059,0.01,0.098,0.002,-2.753,-0.0,0.1,0.0
33.397,0.0,0.0,-0.064,1.874,-0.059,0.009,0.09,-0.94,-0.059,0.01,0.1,0.002,-2.734,-0.0,0.1,0.0
33.421,0.0,0.0,-0.068,1.857,-0.059,0.009,0.09,0.0,-0.058,0.01,0.1,0.001,-2.732,-0.0,0.1,0.0
33.488,0.0,0.0,-0.067,1.859,-0.059,0.009,0.092,0.044,-0.058,0.01,0.099,0.0,-2.71,-0.0,0.1,0.0
33.542,0.0,0.0,-0.067,1.863,-0.059,0.009,0.092,0.0,-0.058,0.01,0.098,-0.001,-2.751,-0.0,0.1,0.0
33.576,0.0,0.0,-0.066,1.865,-0.062,-0.01,-0.097,-3.771,-0.057,0.01,0.098,-0.001,-2.738,-0.0,0.1,0.0
33.637,0.0,0.0,-0.065,1.869,-0.062,-0.01,-0.097,0.0,-0.059,0.006,0.085,-0.01,-2.754,-0.0,0.1,0.0
33.699,0.0,0.0,-0.042,1.974,-0.06,0.013,0.129,4.516,-0.06,0.004,0.072,-0.015,-2.741,-0.0,0.1,0.0
33.728,0.0,0.0,-0.021,2.0,-0.06,0.013,0.129,0.0,-0.06,0.006,0.074,-0.009,-2.752,-0.0,0.1,0.0
33.801,0.0,0.0,-0.028,2.0,-0.058,0.012,0.124,-0.111,-0.059,0.007,0.077,-0.004,-2.73,-0.0,0.1,0.0
33.832,0.0,0.0,-0.034,2.0,-0.058,0.012,0.124,0.0,-0.058,0.008,0.08,-0.001,-2.742,-0.0,0.1,0.0
33.895,0.0,0.0,-0.041,1.979,-0.06,0.011,0.112,-0.238,-0.058,0.009,0.083,0.001,-2.728,-0.0,0.1,0.0
33.923,0.0,0.0,-0.046,1.955,-0.06,0.011,0.112,0.0,-0.058,0.009,0.085,0.002,-2.74,-0.0,0.1,0.0
33.976,0.0,0.0,-0.048,1.945,-0.056,0.012,0.12,0.16,-0.058,0.009,0.086,0.002,-2.736,-0.0,0.1,0.0
34.036,0.0,0.0,-0.051,1.935,-0.056,0.012,0.12,0.0,-0.056,0.009,0.089,0.003,-2.751,-0.0,0.1,0.0
34.103,0.0,0.0,-0.056,1.908,-0.061,0.012,0.121,0.022,-0.055,0.01,0.091,0.003,-2.747,-0.0,0.1,0.0
34.13,0.0,0.0,-0.061,1.888,-0.061,0.012,0.121,0.0,-0.057,0.01,0.093,0.003,-2.769,-0.0,0.1,0.0
34.195,0.0,0.0,-0.061,1.887,-0.06,0.01,0.1,-0.428,-0.058,0.01,0.095,0.002,-2.748,-0.0,0.1,0.0
34.222,0.0,0.0,-0.062,1.882,-0.06,0.01,0.1,0.0,-0.058,0.01,0.095,0.001,-2.77,-0.0,0.1,0.0
34.289,0.0,0.0,-0.062,1.883,-0.059,0.008,0.082,-0.359,-0.058,0.01,0.096,0.001,-2.751,-0.0,0.1,0.0
34.357,0.0,0.0,-0.062,1.883,-0.059,0.008,0.082,0.0,-0.058,0.009,0.095,-0.0,-2.721,-0.0,0.1,0.0
34.382,0.0,0.0,-0.061,1.888,-0.061,0.01,0.1,0.359,-0.057,0.009,0.094,-0.001,-2.716,-0.0,0.1,0.0
34.443,0.0,0.0,-0.06,1.894,-0.061,0.01,0.1,0.0,-0.059,0.009,0.094,-0.001,-2.763,-0.0,0.1,0.0
34.477,0.0,0.0,-0.058,1.9,-0.062,0.007,0.075,-0.493,-0.059,0.009,0.094,-0.001,-2.748,-0.0,0.1,0.0
34.533,0.0,0.0,-0.058,1.903,-0.062,0.007,0.075,0.0,-0.06,0.009,0.092,-0.002,-2.763,-0.0,0.1,0.0
34.586,0.0,0.0,-0.055,1.916,-0.06,0.013,0.133,1.158,-0.06,0.008,0.091,-0.003,-2.749,-0.0,0.1,0.0
34.639,0.0,0.0,-0.052,1.927,-0.06,0.013,0.133,0.0,-0.059,0.009,0.093,-0.001,-2.767,-0.0,0.1,0.0
34.712,0.0,0.0,-0.058,1.903,-0.06,0.015,0.155,0.443,-0.059,0.01,0.096,0.001,-2.77,-0.0,0.1,0.0
34.735,0.0,0.0,-0.062,1.883,-0.06,0.015,0.155,0.0,-0.058,0.011,0.1,0.003,-2.759,-0.0,0.1,0.0
34.801,0.0,0.0,-0.068,1.854,-0.062,0.003,0.028,-2.544,-0.058,0.011,0.104,0.004,-2.744,-0.0,0.1,0.0
34.834,0.0,0.0,-0.074,1.829,-0.062,0.003,0.028,0.0,-0.059,0.01,0.099,-0.001,-2.762,-0.0,0.1,0.0
34.892,0.0,0.0,-0.064,1.873,-0.059,0.003,0.033,0.101,-0.06,0.008,0.094,-0.004,-2.754,-0.0,0.1,0.0
34.924,0.0,0.0,-0.056,1.912,-0.059,0.003,0.033,0.0,-0.059,0.008,0.089,-0.006,-2.754,-0.0,0.1,0.0
35.006,0.0,0.0,-0.05,1.937,-0.058,0.005,0.053,0.41,-0.059,0.007,0.085,-0.007,-2.769,-0.0,0.1,0.0
35.042,0.0,0.0,-0.044,1.962,-0.058,0.005,0.053,0.0,-0.058,0.007,0.082,-0.006,-2.754,-0.0,0.1,0.0
35.103,0.0,0.0,-0.042,1.973,-0.059,0.006,0.061,0.155,-0.057,0.007,0.08,-0.006,-2.739,-0.0,0.1,0.0
35.138,0.0,0.0,-0.039,1.985,-0.059,0.006,0.061,0.0,-0.058,0.007,0.078,-0.005,-2.746,-0.0,0.1,0.0
35.203,0.0,0.0,-0.037,1.996,-0.061,0.01,0.104,0.849,-0.058,0.007,0.077,-0.005,-2.738,-0.0,0.1,0.0
35.228,0.0,0.0,-0.035,2.0,-0.061,0.01,0.104,0.0,-0.059,0.007,0.078,-0.003,-2.739,-0.0,0.1,0.0
35.302,0.0,0.0,-0.036,1.999,-0.06,0.006,0.06,-0.871,-0.059,0.008,0.079,-0.002,-2.734,-0.0,0.1,0.0
35.327,0.0,0.0,-0.038,1.991,-0.06,0.006,0.06,0.0,-0.059,0.007,0.078,-0.002,-2.734,-0.0,0.1,0.0
35.404,0.0,0.0,-0.036,2.0,-0.058,0.01,0.099,0.785,-0.059,0.007,0.076,-0.003,-2.751,-0.0,0.1,0.0
35.429,0.0,0.0,-0.034,2.0,-0.058,0.01,0.099,0.0,-0.058,0.008,0.078,-0.001,-2.767,-0.0,0.1,0.0
35.488,0.0,0.0,-0.037,1.993,-0.059,0.01,0.1,0.005,-0.058,0.008,0.079,0.0,-2.75,-0.0,0.1,0.0
35.549,0.0,0.0,-0.04,1.98,-0.059,0.01,0.1,0.0,-0.058,0.008,0.08,0.001,-2.755,-0.0,0.1,0.0
35.584,0.0,0.0,-0.042,1.972,-0.064,0.016,0.159,1.181,-0.058,0.008,0.081,0.001,-2.742,-0.0,0.1,0.0
35.648,0.0,0.0,-0.044,1.965,-0.064,0.016,0.159,0.0,-0.06,0.009,0.086,0.003,-2.745,-0.0,0.1,0.0
35.681,0.0,0.0,-0.049,1.943,-0.061,0.008,0.083,-1.504,-0.061,0.01,0.091,0.004,-2.738,-0.0,0.1,0.0
35.747,0.0,0.0,-0.055,1.917,-0.061,0.008,0.083,0.0,-0.06,0.009,0.091,0.002,-2.769,-0.0,0.1,0.0
35.782,0.0,0.0,-0.054,1.918,-0.059,0.004,0.037,-0.919,-0.06,0.009,0.091,0.001,-2.757,-0.0,0.1,0.0
35.84,0.0,0.0,-0.054,1.921,-0.059,0.004,0.037,0.0,-0.059,0.008,0.087,-0.001,-2.759,-0.0,0.1,0.0
35.921,0.0,0.0,-0.049,1.94,-0.063,0.01,0.096,1.171,-0.058,0.008,0.084,-0.003,-2.761,-0.0,0.1,0.0
35.949,0.0,0.0,-0.045,1.961,-0.063,0.01,0.096,0.0,-0.06,0.008,0.084,-0.003,-2.752,-0.0,0.1,0.0
35.987,0.0,0.0,-0.044,1.966,-0.058,0.01,0.099,0.066,-0.06,0.008,0.084,-0.002,-2.746,-0.0,0.1,0.0
36.077,0.0,0.0,-0.043,1.966,-0.06,0.008,0.078,-0.433,-0.059,0.008,0.085,-0.001,-2.743,-0.0,0.1,0.0
36.101,0.0,0.0,-0.047,1.949,-0.06,0.008,0.078,0.0,-0.059,0.008,0.085,-0.001,-2.745,-0.0,0.1,0.0
36.126,0.0,0.0,-0.046,1.954,-0.06,0.008,0.078,0.0,-0.059,0.008,0.084,-0.001,-2.735,-0.0,0.1,0.0
36.198,0.0,0.0,-0.045,1.959,-0.061,0.011,0.109,0.627,-0.059,0.008,0.083,-0.002,-2.743,-0.0,0.1,0.0
36.225,0.0,0.0,-0.044,1.963,-0.061,0.011,0.109,0.0,-0.059,0.008,0.085,-0.001,-2.761,-0.0,0.1,0.0
36.29,0.0,0.0,-0.046,1.954,-0.059,0.011,0.107,-0.033,-0.059,0.009,0.086,0.0,-2.746,-0.0,0.1,0.0
36.343,0.0,0.0,-0.048,1.945,-0.059,0.011,0.107,0.0,-0.058,0.009,0.088,0.001,-2.747,-0.0,0.1,0.0
36.418,0.0,0.0,-0.051,1.931,-0.058,0.017,0.166,1.177,-0.058,0.009,0.089,0.001,-2.749,-0.0,0.1,0.0
36.447,0.0,0.0,-0.054,1.92,-0.058,0.017,0.166,0.0,-0.057,0.01,0.094,0.004,-2.739,-0.0,0.1,0.0
36.47,0.0,0.0,-0.063,1.878,-0.058,0.006,0.062,-2.08,-0.056,0.011,0.099,0.006,-2.734,-0.0,0.1,0.0
36.542,0.0,0.0,-0.071,1.842,-0.058,0.006,0.062,0.0,-0.056,0.01,0.097,0.002,-2.734,-0.0,0.1,0.0
36.608,0.0,0.0,-0.067,1.862,-0.063,0.016,0.161,1.979,-0.056,0.009,0.095,-0.0,-2.756,-0.0,0.1,0.0
36.633,0.0,0.0,-0.063,1.88,-0.063,0.016,0.161,0.0,-0.059,0.01,0.099,0.001,-2.776,-0.0,0.1,0.0
36.711,0.0,0.0,-0.066,1.866,-0.058,0.005,0.046,-2.311,-0.06,0.011,0.103,0.002,-2.787,-0.0,0.1,0.0
36.744,0.0,0.0,-0.07,1.846,-0.058,0.005,0.046,0.0,-0.058,0.01,0.099,-0.0,-2.765,-0.0,0.1,0.0
36.805,0.0,0.0,-0.066,1.864,-0.061,0.009,0.086,0.809,-0.057,0.009,0.096,-0.003,-2.782,-0.0,0.1,0.0
36.825,0.0,0.0,-0.062,1.885,-0.061,0.009,0.086,0.0,-0.058,0.009,0.095,-0.003,-2.782,-0.0,0.1,0.0
36.882,0.0,0.0,-0.059,1.896,-0.061,0.01,0.1,0.269,-0.059,0.009,0.094,-0.003,-2.747,-0.0,0.1,0.0
36.932,0.0,0.0,-0.057,1.905,-0.061,0.01,0.1,0.0,-0.059,0.009,0.094,-0.003,-2.746,-0.0,0.1,0.0
36.985,0.0,0.0,-0.057,1.906,-0.059,0.008,0.081,-0.376,-0.06,0.009,0.094,-0.002,-2.734,-0.0,0.1,0.0
37.049,0.0,0.0,-0.057,1.906,-0.059,0.008,0.081,0.0,-0.059,0.009,0.093,-0.002,-2.721,-0.0,0.1,0.0
37.088,0.0,0.0,-0.056,1.908,-0.058,0.01,0.104,0.468,-0.058,0.009,0.092,-0.002,-2.728,-0.0,0.1,0.0
37.147,0.0,0.0,-0.056,1.912,-0.058,0.01,0.104,0.0,-0.057,0.009,0.092,-0.001,-2.769,-0.0,0.1,0.0
37.184,0.0,0.0,-0.058,1.901,-0.059,0.008,0.083,-0.424,-0.057,0.009,0.093,-0.0,-2.762,-0.0,0.1,0.0
37.246,0.0,0.0,-0.06,1.894,-0.059,0.008,0.083,0.0,-0.057,0.009,0.092,-0.001,-2.762,-0.0,0.1,0.0
37.274,0.0,0.0,-0.058,1.903,-0.059,0.009,0.092,0.18,-0.058,0.009,0.091,-0.002,-2.753,-0.0,0.1,0.0
37.345,0.0,0.0,-0.056,1.91,-0.059,0.009,0.092,0.0,-0.058,0.009,0.091,-0.002,-2.761,-0.0,0.1,0.0
37.375,0.0,0.0,-0.056,1.911,-0.058,0.01,0.099,0.143,-0.058,0.009,0.091,-0.002,-2.755,-0.0,0.1,0.0
37.451,0.0,0.0,-0.056,1.912,-0.058,0.01,0.099,0.0,-0.057,0.009,0.091,-0.001,-2.728,-0.0,0.1,0.0
37.486,0.0,0.0,-0.057,1.906,-0.059,0.01,0.1,0.012,-0.057,0.009,0.092,-0.001,-2.746,-0.0,0.1,0.0
37.547,0.0,0.0,-0.058,1.901,-0.059,0.01,0.1,0.0,-0.057,0.009,0.092,-0.001,-2.749,-0.0,0.1,0.0
37.573,0.0,0.0,-0.058,1.901,-0.058,0.005,0.046,-1.082,-0.057,0.009,0.092,-0.001,-2.745,-0.0,0.1,0.0
37.633,0.0,0.0,-0.058,1.9,-0.058,0.005,0.046,0.0,-0.057,0.008,0.089,-0.003,-2.75,-0.0,0.1,0.0
37.692,0.0,0.0,-0.053,1.922,-0.06,0.012,0.121,1.505,-0.057,0.008,0.086,-0.004,-2.749,-0.0,0.1,0.0
37.726,0.0,0.0,-0.049,1.942,-0.06,0.012,0.121,0.0,-0.058,0.008,0.088,-0.002,-2.747,-0.0,0.1,0.0
37.793,0.0,0.0,-0.051,1.932,-0.057,0.008,0.075,-0.908,-0.058,0.009,0.09,-0.001,-2.745,-0.0,0.1,0.0
37.825,0.0,0.0,-0.054,1.92,-0.057,0.008,0.075,0.0,-0.057,0.009,0.089,-0.001,-2.75,-0.0,0.1,0.0
37.896,0.0,0.0,-0.053,1.922,-0.06,0.004,0.04,-0.712,-0.056,0.008,0.088,-0.001,-2.746,-0.0,0.1,0.0
37.926,0.0,0.0,-0.053,1.926,-0.06,0.004,0.04,0.0,-0.057,0.008,0.084,-0.004,-2.738,-0.0,0.1,0.0
38.0,0.0,0.0,-0.046,1.957,-0.059,0.01,0.1,1.206,-0.058,0.007,0.081,-0.005,-2.744,-0.0,0.1,0.0
38.029,0.0,0.0,-0.04,1.983,-0.059,0.01,0.1,0.0,-0.058,0.008,0.082,-0.003,-2.788,-0.0,0.1,0.0
38.107,0.0,0.0,-0.042,1.973,-0.059,0.005,0.055,-0.904,-0.058,0.008,0.082,-0.002,-2.79,-0.0,0.1,0.0
38.131,0.0,0.0,-0.044,1.964,-0.059,0.005,0.055,0.0,-0.058,0.007,0.08,-0.003,-2.782,-0.0,0.1,0.0
38.202,0.0,0.0,-0.041,1.978,-0.06,0.013,0.129,1.478,-0.058,0.007,0.078,-0.003,-2.789,-0.0,0.1,0.0
38.228,0.0,0.0,-0.038,1.991,-0.06,0.013,0.129,0.0,-0.058,0.008,0.081,-0.001,-2.783,-0.0,0.1,0.0
38.297,0.0,0.0,-0.042,1.972,-0.059,0.003,0.025,-2.074,-0.059,0.009,0.084,0.001,-2.752,-0.0,0.1,0.0
38.327,0.0,0.0,-0.047,1.952,-0.059,0.003,0.025,0.0,-0.058,0.008,0.08,-0.002,-2.747,-0.0,0.1,0.0
38.407,0.0,0.0,-0.041,1.979,-0.061,0.0,-0.0,-0.502,-0.058,0.007,0.076,-0.004,-2.771,-0.0,0.1,0.0
38.43,0.0,0.0,-0.035,2.0,-0.061,0.0,-0.0,0.0,-0.059,0.006,0.071,-0.007,-2.771,-0.0,0.1,0.0
38.513,0.0,0.0,-0.025,2.0,-0.063,0.015,0.151,3.021,-0.059,0.005,0.066,-0.008,-2.769,-0.0,0.1,0.0
38.537,0.0,0.0,-0.017,2.0,-0.063,0.015,0.151,0.0,-0.061,0.006,0.07,-0.003,-2.758,-0.0,0.1,0.0
38.615,0.0,0.0,-0.024,2.0,-0.061,0.016,0.164,0.268,-0.061,0.008,0.075,0.001,-2.765,-0.0,0.1,0.0
38.644,0.0,0.0,-0.032,2.0,-0.061,0.016,0.164,0.0,-0.06,0.009,0.081,0.004,-2.75,-0.0,0.1,0.0
38.713,0.0,0.0,-0.042,1.971,-0.061,0.004,0.044,-2.411,-0.06,0.01,0.087,0.006,-2.753,-0.0,0.1,0.0
38.747,0.0,0.0,-0.052,1.93,-0.061,0.004,0.044,0.0,-0.059,0.009,0.085,0.003,-2.739,-0.0,0.1,0.0
38.775,0.0,0.0,-0.047,1.95,-0.056,0.012,0.118,1.478,-0.059,0.008,0.082,-0.0,-2.739,-0.0,0.1,0.0
38.843,0.0,0.0,-0.043,1.971,-0.056,0.012,0.118,0.0,-0.057,0.009,0.085,0.002,-2.727,-0.0,0.1,0.0
38.908,0.0,0.0,-0.049,1.94,-0.059,0.011,0.107,-0.209,-0.056,0.009,0.087,0.003,-2.771,-0.0,0.1,0.0
38.928,0.0,0.0,-0.054,1.917,-0.059,0.011,0.107,0.0,-0.057,0.009,0.088,0.002,-2.762,-0.0,0.1,0.0
38.991,0.0,0.0,-0.055,1.916,-0.057,0.007,0.074,-0.672,-0.057,0.009,0.09,0.002,-2.783,-0.0,0.1,0.0
39.047,0.0,0.0,-0.056,1.912,-0.057,0.007,0.074,0.0,-0.056,0.009,0.089,0.001,-2.765,-0.0,0.1,0.0
39.072,0.0,0.0,-0.055,1.915,-0.056,0.01,0.099,0.511,-0.056,0.009,0.088,-0.0,-2.761,-0.0,0.1,0.0
39.139,0.0,0.0,-0.054,1.92,-0.056,0.01,0.099,0.0,-0.055,0.009,0.088,0.0,-2.763,-0.0,0.1,0.0
39.212,0.0,0.0,-0.056,1.912,-0.058,0.009,0.092,-0.157,-0.055,0.009,0.089,0.0,-2.773,-0.0,0.1,0.0
39.233,0.0,0.0,-0.057,1.906,-0.058,0.009,0.092,0.0,-0.056,0.009,0.089,-0.0,-2.761,-0.0,0.1,0.0
39.312,0.0,0.0,-0.056,1.912,-0.061,0.003,0.028,-1.264,-0.056,0.009,0.089,-0.001,-2.781,-0.0,0.1,0.0
39.339,0.0,0.0,-0.055,1.916,-0.061,0.003,0.028,0.0,-0.058,0.008,0.085,-0.004,-2.781,-0.0,0.1,0.0
39.402,0.0,0.0,-0.046,1.957,-0.059,0.011,0.111,1.661,-0.059,0.007,0.08,-0.006,-2.795,-0.0,0.1,0.0
39.433,0.0,0.0,-0.038,1.992,-0.059,0.011,0.111,0.0,-0.058,0.008,0.082,-0.003,-2.785,-0.0,0.1,0.0
39.511,0.0,0.0,-0.042,1.974,-0.06,0.008,0.08,-0.629,-0.058,0.008,0.084,-0.001,-2.788,-0.0,0.1,0.0
39.532,0.0,0.0,-0.045,1.958,-0.06,0.008,0.08,0.0,-0.058,0.008,0.083,-0.001,-2.788,-0.0,0.1,0.0
39.613,0.0,0.0,-0.044,1.962,-0.059,0.007,0.067,-0.253,-0.058,0.008,0.083,-0.002,-2.789,-0.0,0.1,0.0
39.633,0.0,0.0,-0.044,1.966,-0.059,0.007,0.067,0.0,-0.058,0.008,0.081,-0.002,-2.789,-0.0,0.1,0.0
39.708,0.0,0.0,-0.043,1.971,-0.059,0.004,0.037,-0.597,-0.058,0.008,0.08,-0.002,-2.761,-0.0,0.1,0.0
39.732,0.0,0.0,-0.041,1.977,-0.059,0.004,0.037,0.0,-0.058,0.007,0.077,-0.004,-2.752,-0.0,0.1,0.0
39.809,0.0,0.0,-0.036,1.999,-0.058,0.016,0.159,2.434,-0.058,0.006,0.074,-0.005,-2.794,-0.0,0.1,0.0
39.836,0.0,0.0,-0.032,2.0,-0.058,0.016,0.159,0.0,-0.057,0.008,0.079,0.0,-2.785,-0.0,0.1,0.0
39.909,0.0,0.0,-0.041,1.976,-0.06,0.014,0.136,-0.466,-0.057,0.009,0.085,0.003,-2.781,-0.0,0.1,0.0
39.932,0.0,0.0,-0.05,1.936,-0.06,0.014,0.136,0.0,-0.058,0.009,0.088,0.004,-2.773,-0.0,0.1,0.0
40.011,0.0,0.0,-0.054,1.919,-0.061,0.009,0.086,-0.993,-0.058,0.01,0.091,0.004,-2.778,-0.0,0.1,0.0
40.033,0.0,0.0,-0.058,1.901,-0.061,0.009,0.086,0.0,-0.059,0.009,0.091,0.002,-2.778,-0.0,0.1,0.0
40.112,0.0,0.0,-0.056,1.908,-0.063,0.007,0.071,-0.31,-0.059,0.009,0.091,0.001,-2.757,-0.0,0.1,0.0
40.133,0.0,0.0,-0.055,1.914,-0.063,0.007,0.071,0.0,-0.06,0.009,0.089,-0.001,-2.757,-0.0,0.1,0.0
40.204,0.0,0.0,-0.051,1.933,-0.057,0.007,0.067,-0.069,-0.061,0.008,0.088,-0.002,-2.776,-0.0,0.1,0.0
40.235,0.0,0.0,-0.048,1.947,-0.057,0.007,0.067,0.0,-0.058,0.008,0.087,-0.002,-2.786,-0.0,0.1,0.0
40.313,0.0,0.0,-0.049,1.943,-0.063,0.012,0.124,1.127,-0.057,0.008,0.085,-0.002,-2.779,-0.0,0.1,0.0
40.334,0.0,0.0,-0.048,1.944,-0.063,0.012,0.124,0.0,-0.059,0.008,0.087,-0.001,-2.769,-0.0,0.1,0.0
40.385,0.0,0.0,-0.049,1.94,-0.06,0.01,0.104,-0.398,-0.06,0.009,0.089,0.0,-2.788,-0.0,0.1,0.0
40.436,0.0,0.0,-0.052,1.93,-0.06,0.01,0.104,0.0,-0.059,0.009,0.09,0.0,-2.763,-0.0,0.1,0.0
40.497,0.0,0.0,-0.054,1.92,-0.057,0.01,0.096,-0.152,-0.059,0.009,0.091,0.001,-2.772,-0.0,0.1,0.0
40.523,0.0,0.0,-0.055,1.913,-0.057,0.01,0.096,0.0,-0.057,0.009,0.092,0.001,-2.763,-0.0,0.1,0.0
40.583,0.0,0.0,-0.058,1.903,-0.061,0.004,0.042,-1.08,-0.057,0.009,0.092,0.001,-2.758,-0.0,0.1,0.0
40.632,0.0,0.0,-0.059,1.898,-0.061,0.004,0.042,0.0,-0.058,0.008,0.088,-0.002,-2.755,-0.0,0.1,0.0
40.685,0.0,0.0,-0.051,1.933,-0.057,0.012,0.12,1.553,-0.059,0.008,0.085,-0.004,-2.765,-0.0,0.1,0.0
40.752,0.0,0.0,-0.045,1.961,-0.057,0.012,0.12,0.0,-0.057,0.008,0.087,-0.002,-2.751,-0.0,0.1,0.0
40.786,0.0,0.0,-0.051,1.934,-0.06,0.01,0.104,-0.306,-0.056,0.009,0.089,0.0,-2.772,-0.0,0.1,0.0
40.862,0.0,0.0,-0.055,1.913,-0.061,0.01,0.096,-0.176,-0.057,0.009,0.09,0.0,-2.745,-0.0,0.1,0.0
40.888,0.0,0.0,-0.055,1.912,-0.061,0.01,0.096,0.0,-0.058,0.009,0.09,-0.0,-2.765,-0.0,0.1,0.0
40.955,0.0,0.0,-0.054,1.918,-0.061,0.01,0.096,0.0,-0.059,0.009,0.09,-0.001,-2.744,-0.0,0.1,0.0
40.981,0.0,0.0,-0.054,1.921,-0.058,0.012,0.116,0.413,-0.059,0.009,0.09,-0.001,-2.747,-0.0,0.1,0.0
41.043,0.0,0.0,-0.053,1.922,-0.058,0.012,0.116,0.0,-0.058,0.009,0.092,0.001,-2.723,-0.0,0.1,0.0
41.084,0.0,0.0,-0.058,1.902,-0.059,0.005,0.053,-1.273,-0.057,0.01,0.094,0.001,-2.746,-0.0,0.1,0.0
41.156,0.0,0.0,-0.061,1.888,-0.059,0.005,0.053,0.0,-0.057,0.009,0.091,-0.001,-2.779,-0.0,0.1,0.0
41.186,0.0,0.0,-0.056,1.911,-0.062,0.013,0.133,1.613,-0.058,0.008,0.088,-0.003,-2.779,-0.0,0.1,0.0
41.267,0.0,0.0,-0.051,1.932,-0.059,0.011,0.108,-0.508,-0.059,0.009,0.091,-0.001,-2.779,-0.0,0.1,0.0
41.291,0.0,0.0,-0.054,1.921,-0.059,0.011,0.108,0.0,-0.058,0.009,0.092,-0.0,-2.801,-0.0,0.1,0.0
41.319,0.0,0.0,-0.056,1.91,-0.059,0.011,0.108,0.0,-0.058,0.009,0.093,0.0,-2.782,-0.0,0.1,0.0
41.394,0.0,0.0,-0.058,1.901,-0.059,0.01,0.101,-0.144,-0.058,0.009,0.094,0.0,-2.784,-0.0,0.1,0.0
41.448,0.0,0.0,-0.06,1.894,-0.059,0.01,0.101,0.0,-0.058,0.009,0.094,0.0,-2.77,-0.0,0.1,0.0
41.478,0.0,0.0,-0.06,1.892,-0.061,0.01,0.1,-0.008,-0.058,0.009,0.094,0.0,-2.793,-0.0,0.1,0.0
41.544,0.0,0.0,-0.061,1.89,-0.061,0.01,0.1,0.0,-0.059,0.009,0.095,-0.001,-2.797,-0.0,0.1,0.0
41.606,0.0,0.0,-0.059,1.895,-0.06,0.01,0.099,-0.021,-0.059,0.009,0.095,-0.001,-2.809,-0.0,0.1,0.0
41.627,0.0,0.0,-0.059,1.897,-0.06,0.01,0.099,0.0,-0.059,0.009,0.095,-0.001,-2.797,-0.0,0.1,0.0
41.703,0.0,0.0,-0.06,1.893,-0.061,0.013,0.132,0.651,-0.059,0.009,0.095,-0.001,-2.8,-0.0,0.1,0.0
41.727,0.0,0.0,-0.06,1.891,-0.061,0.013,0.132,0.0,-0.059,0.01,0.097,0.0,-2.792,-0.0,0.1,0.0
41.795,0.0,0.0,-0.063,1.878,-0.059,0.013,0.134,0.045,-0.059,0.01,0.099,0.001,-2.795,-0.0,0.1,0.0
41.817,0.0,0.0,-0.066,1.865,-0.059,0.013,0.134,0.0,-0.058,0.011,0.102,0.002,-2.787,-0.0,0.1,0.0
41.882,0.0,0.0,-0.071,1.844,-0.058,0.007,0.075,-1.179,-0.058,0.011,0.104,0.003,-2.805,-0.0,0.1,0.0
41.949,0.0,0.0,-0.075,1.827,-0.058,0.007,0.075,0.0,-0.057,0.01,0.102,0.001,-2.777,-0.0,0.1,0.0
41.985,0.0,0.0,-0.072,1.839,-0.063,0.012,0.121,0.925,-0.057,0.01,0.101,-0.001,-2.809,-0.0,0.1,0.0
42.065,0.0,0.0,-0.069,1.851,-0.058,0.007,0.073,-0.959,-0.059,0.01,0.101,-0.001,-2.791,-0.0,0.1,0.0
42.102,0.0,0.0,-0.068,1.856,-0.058,0.007,0.073,0.0,-0.058,0.01,0.1,-0.002,-2.801,-0.0,0.1,0.0
42.125,0.0,0.0,-0.066,1.864,-0.058,0.007,0.073,0.0,-0.057,0.009,0.098,-0.003,-2.791,-0.0,0.1,0.0
42.19,0.0,0.0,-0.064,1.874,-0.059,0.008,0.083,0.197,-0.057,0.009,0.096,-0.003,-2.807,-0.0,0.1,0.0
42.225,0.0,0.0,-0.062,1.885,-0.059,0.008,0.083,0.0,-0.057,0.009,0.094,-0.003,-2.788,-0.0,0.1,0.0
42.306,0.0,0.0,-0.06,1.893,-0.06,0.011,0.113,0.591,-0.057,0.009,0.093,-0.003,-2.766,-0.0,0.1,0.0
42.33,0.0,0.0,-0.058,1.9,-0.06,0.011,0.113,0.0,-0.058,0.009,0.094,-0.002,-2.758,-0.0,0.1,0.0
42.408,0.0,0.0,-0.059,1.896,-0.056,0.007,0.07,-0.859,-0.058,0.009,0.095,-0.001,-2.81,-0.0,0.1,0.0
42.438,0.0,0.0,-0.061,1.89,-0.056,0.007,0.07,0.0,-0.057,0.009,0.093,-0.002,-2.8,-0.0,0.1,0.0
42.518,0.0,0.0,-0.06,1.894,-0.064,0.011,0.108,0.767,-0.056,0.009,0.092,-0.002,-2.798,-0.0,0.1,0.0
42.541,0.0,0.0,-0.058,1.901,-0.064,0.011,0.108,0.0,-0.059,0.009,0.092,-0.003,-2.798,-0.0,0.1,0.0
42.601,0.0,0.0,-0.055,1.915,-0.057,0.007,0.075,-0.672,-0.061,0.009,0.093,-0.002,-2.822,-0.0,0.1,0.0
42.626,0.0,0.0,-0.054,1.92,-0.057,0.007,0.075,0.0,-0.058,0.009,0.091,-0.002,-2.802,-0.0,0.1,0.0
42.701,0.0,0.0,-0.055,1.914,-0.06,0.01,0.096,0.431,-0.057,0.009,0.09,-0.002,-2.795,-0.0,0.1,0.0
42.724,0.0,0.0,-0.055,1.914,-0.06,0.01,0.096,0.0,-0.058,0.009,0.09,-0.002,-2.795,-0.0,0.1,0.0
42.825,0.0,0.0,-0.055,1.916,-0.062,0.009,0.087,-0.174,-0.058,0.009,0.09,-0.001,-2.779,-0.0,0.1,0.0
42.888,0.0,0.0,-0.055,1.917,-0.057,0.004,0.037,-1.001,-0.059,0.009,0.09,-0.002,-2.79,-0.0,0.1,0.0
42.965,0.0,0.0,-0.052,1.926,-0.066,0.01,0.1,1.245,-0.057,0.008,0.086,-0.003,-2.793,-0.0,0.1,0.0
42.988,0.0,0.0,-0.049,1.943,-0.066,0.01,0.1,0.0,-0.061,0.008,0.086,-0.003,-2.793,-0.0,0.1,0.0
43.016,0.0,0.0,-0.045,1.959,-0.066,0.01,0.1,0.0,-0.062,0.008,0.087,-0.003,-2.778,-0.0,0.1,0.0
43.09,0.0,0.0,-0.044,1.965,-0.059,0.01,0.1,0.009,-0.063,0.008,0.087,-0.002,-2.77,-0.0,0.1,0.0
43.118,0.0,0.0,-0.044,1.966,-0.059,0.01,0.1,0.0,-0.061,0.009,0.088,-0.001,-2.763,-0.0,0.1,0.0
43.201,0.0,0.0,-0.049,1.943,-0.062,0.012,0.121,0.416,-0.059,0.009,0.089,0.0,-2.726,-0.0,0.1,0.0
43.221,0.0,0.0,-0.052,1.929,-0.062,0.012,0.121,0.0,-0.06,0.009,0.091,0.001,-2.721,-0.0,0.1,0.0
43.284,0.0,0.0,-0.054,1.92,-0.057,0.014,0.137,0.324,-0.06,0.01,0.093,0.001,-2.768,-0.0,0.1,0.0
43.371,0.0,0.0,-0.056,1.909,-0.062,0.014,0.136,-0.032,-0.058,0.01,0.096,0.003,-2.775,-0.0,0.1,0.0
43.398,0.0,0.0,-0.064,1.876,-0.062,0.014,0.136,0.0,-0.059,0.01,0.099,0.003,-2.768,-0.0,0.1,0.0
43.424,0.0,0.0,-0.066,1.865,-0.062,0.014,0.136,0.0,-0.06,0.011,0.101,0.003,-2.76,-0.0,0.1,0.0
43.508,0.0,0.0,-0.069,1.852,-0.063,0.01,0.1,-0.717,-0.06,0.011,0.104,0.003,-2.755,-0.0,0.1,0.0
43.542,0.0,0.0,-0.072,1.84,-0.063,0.01,0.1,0.0,-0.06,0.011,0.103,0.001,-2.741,-0.0,0.1,0.0
43.627,0.0,0.0,-0.07,1.846,-0.061,0.016,0.163,1.258,-0.061,0.01,0.103,0.0,-2.734,-0.0,0.1,0.0
43.715,0.0,0.0,-0.069,1.852,-0.059,0.006,0.057,-2.114,-0.06,0.011,0.107,0.002,-2.748,-0.0,0.1,0.0
43.744,0.0,0.0,-0.076,1.821,-0.059,0.006,0.057,0.0,-0.059,0.01,0.104,-0.0,-2.748,-0.0,0.1,0.0
43.8,0.0,0.0,-0.072,1.838,-0.06,0.011,0.108,1.029,-0.058,0.01,0.101,-0.002,-2.749,-0.0,0.1,0.0
43.817,0.0,0.0,-0.068,1.857,-0.06,0.011,0.108,0.0,-0.058,0.01,0.101,-0.002,-2.749,-0.0,0.1,0.0
43.87,0.0,0.0,-0.068,1.855,-0.059,0.014,0.14,0.644,-0.058,0.01,0.101,-0.001,-2.771,-0.0,0.1,0.0
43.932,0.0,0.0,-0.069,1.853,-0.059,0.014,0.14,0.0,-0.058,0.01,0.104,0.0,-2.753,-0.0,0.1,0.0
43.995,0.0,0.0,-0.073,1.835,-0.062,0.007,0.067,-1.476,-0.058,0.011,0.106,0.001,-2.746,-0.0,0.1,0.0
44.017,0.0,0.0,-0.076,1.819,-0.062,0.007,0.067,0.0,-0.059,0.01,0.103,-0.002,-2.737,-0.0,0.1,0.0
44.078,0.0,0.0,-0.07,1.848,-0.06,0.011,0.108,0.833,-0.06,0.009,0.1,-0.003,-2.736,-0.0,0.1,0.0
44.128,0.0,0.0,-0.065,1.872,-0.06,0.011,0.108,0.0,-0.059,0.01,0.101,-0.002,-2.713,-0.0,0.1,0.0
44.182,0.0,0.0,-0.066,1.866,-0.057,0.009,0.091,-0.338,-0.059,0.01,0.101,-0.002,-2.765,-0.0,0.1,0.0
44.249,0.0,0.0,-0.067,1.862,-0.057,0.009,0.091,0.0,-0.057,0.01,0.1,-0.001,-2.761,-0.0,0.1,0.0
44.291,0.0,0.0,-0.068,1.855,-0.06,0.011,0.107,0.304,-0.056,0.01,0.099,-0.001,-2.782,-0.0,0.1,0.0
44.325,0.0,0.0,-0.068,1.854,-0.06,0.011,0.107,0.0,-0.057,0.01,0.1,-0.001,-2.752,-0.0,0.1,0.0
44.395,0.0,0.0,-0.068,1.857,-0.057,0.007,0.066,-0.813,-0.057,0.01,0.1,-0.001,-2.769,-0.0,0.1,0.0
44.424,0.0,0.0,-0.068,1.858,-0.057,0.007,0.066,0.0,-0.057,0.009,0.097,-0.002,-2.759,-0.0,0.1,0.0
44.507,0.0,0.0,-0.065,1.871,-0.062,0.013,0.129,1.267,-0.056,0.009,0.095,-0.003,-2.756,-0.0,0.1,0.0
44.532,0.0,0.0,-0.062,1.885,-0.062,0.013,0.129,0.0,-0.058,0.009,0.097,-0.002,-2.75,-0.0,0.1,0.0
44.602,0.0,0.0,-0.063,1.881,-0.061,0.005,0.055,-1.496,-0.059,0.01,0.099,-0.001,-2.8,-0.0,0.1,0.0
44.629,0.0,0.0,-0.064,1.872,-0.061,0.005,0.055,0.0,-0.059,0.009,0.096,-0.003,-2.786,-0.0,0.1,0.0
44.708,0.0,0.0,-0.059,1.895,-0.06,0.009,0.095,0.812,-0.059,0.008,0.092,-0.004,-2.781,-0.0,0.1,0.0
44.733,0.0,0.0,-0.055,1.916,-0.06,0.009,0.095,0.0,-0.059,0.009,0.092,-0.003,-2.775,-0.0,0.1,0.0
44.8,0.0,0.0,-0.055,1.914,-0.06,0.013,0.133,0.757,-0.058,0.009,0.092,-0.002,-2.783,-0.0,0.1,0.0
44.827,0.0,0.0,-0.056,1.912,-0.06,0.013,0.133,0.0,-0.059,0.009,0.094,-0.001,-2.766,-0.0,0.1,0.0
44.89,0.0,0.0,-0.059,1.895,-0.059,0.003,0.025,-2.158,-0.059,0.01,0.097,0.001,-2.756,-0.0,0.1,0.0
44.945,0.0,0.0,-0.063,1.878,-0.059,0.003,0.025,0.0,-0.058,0.009,0.092,-0.003,-2.758,-0.0,0.1,0.0
44.973,0.0,0.0,-0.056,1.911,-0.063,0.008,0.08,1.093,-0.058,0.008,0.087,-0.005,-2.771,-0.0,0.1,0.0
45.032,0.0,0.0,-0.049,1.942,-0.063,0.008,0.08,0.0,-0.059,0.008,0.086,-0.005,-2.749,-0.0,0.1,0.0
45.114,0.0,0.0,-0.046,1.957,-0.063,0.008,0.08,0.0,-0.06,0.008,0.085,-0.004,-2.739,-0.0,0.1,0.0
45.146,0.0,0.0,-0.044,1.966,-0.063,0.008,0.08,0.0,-0.061,0.008,0.084,-0.004,-2.758,-0.0,0.1,0.0
45.186,0.0,0.0,-0.042,1.972,-0.061,0.01,0.105,0.498,-0.061,0.008,0.084,-0.003,-2.744,-0.0,0.1,0.0
45.249,0.0,0.0,-0.041,1.977,-0.061,0.01,0.105,0.0,-0.06,0.008,0.085,-0.002,-2.749,-0.0,0.1,0.0
45.273,0.0,0.0,-0.044,1.963,-0.061,0.01,0.104,-0.019,-0.06,0.008,0.086,-0.001,-2.742,-0.0,0.1,0.0
45.339,0.0,0.0,-0.047,1.951,-0.061,0.01,0.104,0.0,-0.06,0.009,0.087,0.0,-2.725,-0.0,0.1,0.0
45.419,0.0,0.0,-0.049,1.943,-0.059,0.011,0.108,0.094,-0.059,0.009,0.088,0.0,-2.702,-0.0,0.1,0.0
45.493,0.0,0.0,-0.05,1.935,-0.058,0.005,0.05,-1.174,-0.059,0.009,0.089,0.001,-2.765,-0.0,0.1,0.0
45.521,0.0,0.0,-0.054,1.921,-0.058,0.005,0.05,0.0,-0.058,0.008,0.087,-0.001,-2.757,-0.0,0.1,0.0
45.599,0.0,0.0,-0.05,1.936,-0.06,0.01,0.104,1.083,-0.057,0.008,0.084,-0.002,-2.751,-0.0,0.1,0.0
45.628,0.0,0.0,-0.047,1.953,-0.06,0.01,0.104,0.0,-0.058,0.008,0.085,-0.001,-2.743,-0.0,0.1,0.0
45.708,0.0,0.0,-0.048,1.947,-0.063,0.009,0.091,-0.249,-0.058,0.008,0.086,-0.001,-2.742,-0.0,0.1,0.0
45.731,0.0,0.0,-0.049,1.941,-0.063,0.009,0.091,0.0,-0.06,0.008,0.086,-0.001,-2.742,-0.0,0.1,0.0
45.808,0.0,0.0,-0.047,1.95,-0.063,0.009,0.091,0.0,-0.06,0.008,0.086,-0.001,-2.734,-0.0,0.1,0.0
45.829,0.0,0.0,-0.046,1.954,-0.063,0.009,0.091,0.0,-0.061,0.008,0.086,-0.001,-2.736,-0.0,0.1,0.0
45.906,0.0,0.0,-0.046,1.956,-0.061,0.011,0.112,0.409,-0.061,0.008,0.086,-0.001,-2.77,-0.0,0.1,0.0
45.929,0.0,0.0,-0.046,1.956,-0.061,0.011,0.112,0.0,-0.06,0.009,0.088,-0.0,-2.761,-0.0,0.1,0.0
45.993,0.0,0.0,-0.049,1.941,-0.06,0.006,0.06,-1.028,-0.06,0.009,0.09,0.001,-2.763,-0.0,0.1,0.0
46.071,0.0,0.0,-0.052,1.928,-0.061,0.007,0.075,0.284,-0.059,0.009,0.088,-0.001,-2.761,-0.0,0.1,0.0
46.093,0.0,0.0,-0.049,1.94,-0.061,0.007,0.075,0.0,-0.059,0.008,0.087,-0.001,-2.761,-0.0,0.1,0.0
46.126,0.0,0.0,-0.048,1.948,-0.061,0.007,0.075,0.0,-0.06,0.008,0.086,-0.002,-2.746,-0.0,0.1,0.0
46.21,0.0,0.0,-0.046,1.955,-0.057,0.007,0.068,-0.13,-0.06,0.008,0.085,-0.002,-2.736,-0.0,0.1,0.0
46.246,0.0,0.0,-0.045,1.962,-0.057,0.007,0.068,0.0,-0.058,0.008,0.083,-0.002,-2.741,-0.0,0.1,0.0
46.28,0.0,0.0,-0.045,1.958,-0.061,0.009,0.091,0.456,-0.057,0.008,0.082,-0.002,-2.737,-0.0,0.1,0.0
46.362,0.0,0.0,-0.045,1.96,-0.062,0.01,0.1,0.177,-0.058,0.008,0.082,-0.002,-2.748,-0.0,0.1,0.0
46.389,0.0,0.0,-0.043,1.966,-0.062,0.01,0.1,0.0,-0.059,0.008,0.083,-0.001,-2.747,-0.0,0.1,0.0
46.46,0.0,0.0,-0.043,1.967,-0.059,0.007,0.07,-0.594,-0.06,0.008,0.084,-0.001,-2.761,-0.0,0.1,0.0
46.485,0.0,0.0,-0.044,1.965,-0.059,0.007,0.07,0.0,-0.059,0.008,0.083,-0.001,-2.753,-0.0,0.1,0.0
46.563,0.0,0.0,-0.043,1.967,-0.059,0.009,0.091,0.423,-0.059,0.008,0.082,-0.002,-2.753,-0.0,0.1,0.0
46.593,0.0,0.0,-0.042,1.971,-0.059,0.009,0.091,0.0,-0.058,0.008,0.082,-0.001,-2.743,-0.0,0.1,0.0
46.653,0.0,0.0,-0.044,1.964,-0.059,0.009,0.091,0.0,-0.058,0.008,0.083,-0.001,-2.754,-0.0,0.1,0.0
46.679,0.0,0.0,-0.045,1.959,-0.061,0.013,0.128,0.73,-0.058,0.008,0.083,-0.0,-2.743,-0.0,0.1,0.0
46.737,0.0,0.0,-0.046,1.955,-0.061,0.013,0.128,0.0,-0.058,0.009,0.086,0.001,-2.742,-0.0,0.1,0.0
46.8,0.0,0.0,-0.049,1.94,-0.06,0.006,0.063,-1.292,-0.059,0.009,0.089,0.002,-2.783,-0.0,0.1,0.0
46.821,0.0,0.0,-0.053,1.924,-0.06,0.006,0.063,0.0,-0.059,0.009,0.087,-0.0,-2.775,-0.0,0.1,0.0
46.881,0.0,0.0,-0.05,1.937,-0.059,0.009,0.092,0.569,-0.059,0.008,0.085,-0.001,-2.786,-0.0,0.1,0.0
46.937,0.0,0.0,-0.047,1.95,-0.059,0.009,0.092,0.0,-0.058,0.008,0.086,-0.001,-2.774,-0.0,0.1,0.0
46.994,0.0,0.0,-0.048,1.944,-0.058,0.01,0.1,0.168,-0.058,0.008,0.086,-0.001,-2.785,-0.0,0.1,0.0
47.022,0.0,0.0,-0.049,1.941,-0.058,0.01,0.1,0.0,-0.057,0.009,0.087,-0.0,-2.771,-0.0,0.1,0.0
47.092,0.0,0.0,-0.051,1.932,-0.057,0.009,0.089,-0.219,-0.057,0.009,0.088,0.0,-2.743,-0.0,0.1,0.0
47.161,0.0,0.0,-0.053,1.924,-0.059,0.008,0.079,-0.198,-0.056,0.009,0.088,0.0,-2.776,-0.0,0.1,0.0
47.179,0.0,0.0,-0.053,1.922,-0.059,0.008,0.079,0.0,-0.057,0.009,0.087,-0.001,-2.776,-0.0,0.1,0.0
47.245,0.0,0.0,-0.052,1.93,-0.059,0.008,0.079,0.0,-0.057,0.008,0.086,-0.001,-2.769,-0.0,0.1,0.0
47.286,0.0,0.0,-0.05,1.936,-0.06,0.015,0.155,1.527,-0.057,0.008,0.086,-0.002,-2.762,-0.0,0.1,0.0
47.376,0.0,0.0,-0.049,1.942,-0.059,0.004,0.037,-2.36,-0.058,0.009,0.09,0.001,-2.764,-0.0,0.1,0.0
47.443,0.0,0.0,-0.055,1.914,-0.059,0.004,0.037,0.0,-0.058,0.008,0.086,-0.002,-2.763,-0.0,0.1,0.0
47.516,0.0,0.0,-0.049,1.94,-0.062,0.012,0.123,1.719,-0.058,0.008,0.083,-0.004,-2.76,-0.0,0.1,0.0
47.543,0.0,0.0,-0.044,1.964,-0.062,0.012,0.123,0.0,-0.059,0.008,0.085,-0.002,-2.769,-0.0,0.1,0.0
47.575,0.0,0.0,-0.046,1.954,-0.062,0.003,0.028,-1.902,-0.059,0.009,0.087,-0.0,-2.754,-0.0,0.1,0.0
47.644,0.0,0.0,-0.049,1.94,-0.062,0.003,0.028,0.0,-0.06,0.008,0.083,-0.003,-2.765,-0.0,0.1,0.0
47.676,0.0,0.0,-0.042,1.974,-0.055,0.01,0.104,1.523,-0.06,0.007,0.079,-0.005,-2.759,-0.0,0.1,0.0
47.743,0.0,0.0,-0.035,2.0,-0.055,0.01,0.104,0.0,-0.057,0.008,0.081,-0.002,-2.762,-0.0,0.1,0.0
47.779,0.0,0.0,-0.042,1.972,-0.056,0.006,0.057,-0.94,-0.056,0.008,0.082,0.0,-2.75,-0.0,0.1,0.0
47.846,0.0,0.0,-0.047,1.95,-0.056,0.006,0.057,0.0,-0.055,0.008,0.081,-0.001,-2.751,-0.0,0.1,0.0
47.869,0.0,0.0,-0.045,1.961,-0.059,0.007,0.071,0.268,-0.055,0.007,0.079,-0.002,-2.748,-0.0,0.1,0.0
47.929,0.0,0.0,-0.042,1.972,-0.059,0.007,0.071,0.0,-0.056,0.007,0.078,-0.002,-2.728,-0.0,0.1,0.0
47.99,0.0,0.0,-0.039,1.984,-0.058,0.007,0.067,-0.08,-0.057,0.007,0.077,-0.003,-2.722,-0.0,0.1,0.0
48.049,0.0,0.0,-0.038,1.993,-0.058,0.007,0.067,0.0,-0.057,0.007,0.076,-0.003,-2.741,-0.0,0.1,0.0
48.079,0.0,0.0,-0.036,2.0,-0.061,0.007,0.069,0.033,-0.057,0.007,0.075,-0.003,-2.753,-0.0,0.1,0.0
48.14,0.0,0.0,-0.035,2.0,-0.061,0.007,0.069,0.0,-0.058,0.007,0.074,-0.003,-2.768,-0.0,0.1,0.0
48.216,0.0,0.0,-0.032,2.0,-0.061,0.016,0.163,1.89,-0.059,0.007,0.074,-0.003,-2.743,-0.0,0.1,0.0
48.245,0.0,0.0,-0.03,2.0,-0.061,0.016,0.163,0.0,-0.059,0.008,0.079,0.001,-2.764,-0.0,0.1,0.0
48.284,0.0,0.0,-0.039,1.986,-0.057,0.005,0.046,-2.35,-0.059,0.009,0.085,0.004,-2.744,-0.0,0.1,0.0
48.365,0.0,0.0,-0.048,1.947,-0.061,0.01,0.104,1.162,-0.058,0.009,0.083,0.001,-2.74,-0.0,0.1,0.0
48.398,0.0,0.0,-0.046,1.957,-0.061,0.01,0.104,0.0,-0.059,0.009,0.084,0.001,-2.726,-0.0,0.1,0.0
48.42,0.0,0.0,-0.046,1.954,-0.061,0.01,0.104,0.0,-0.059,0.009,0.085,0.001,-2.726,-0.0,0.1,0.0
48.523,0.0,0.0,-0.047,1.949,-0.06,0.004,0.037,-1.333,-0.059,0.009,0.086,0.001,-2.735,-0.0,0.1,0.0
48.546,0.0,0.0,-0.049,1.943,-0.06,0.004,0.037,0.0,-0.059,0.008,0.083,-0.001,-2.758,-0.0,0.1,0.0
48.623,0.0,0.0,-0.044,1.966,-0.061,0.012,0.116,1.58,-0.059,0.007,0.08,-0.003,-2.743,-0.0,0.1,0.0
48.707,0.0,0.0,-0.039,1.989,-0.06,0.007,0.071,-0.902,-0.059,0.008,0.082,-0.001,-2.737,-0.0,0.1,0.0
48.728,0.0,0.0,-0.041,1.976,-0.06,0.007,0.071,0.0,-0.059,0.008,0.081,-0.002,-2.741,-0.0,0.1,0.0
48.811,0.0,0.0,-0.04,1.98,-0.058,0.01,0.096,0.51,-0.059,0.008,0.08,-0.002,-2.736,-0.0,0.1,0.0
48.829,0.0,0.0,-0.039,1.985,-0.058,0.01,0.096,0.0,-0.058,0.008,0.081,-0.001,-2.738,-0.0,0.1,0.0
48.9,0.0,0.0,-0.043,1.97,-0.06,0.024,0.24,2.864,-0.057,0.008,0.082,0.0,-2.72,-0.0,0.1,0.0
48.921,0.0,0.0,-0.045,1.96,-0.06,0.024,0.24,0.0,-0.058,0.01,0.092,0.006,-2.731,-0.0,0.1,0.0
48.986,0.0,0.0,-0.061,1.889,-0.06,0.011,0.108,-2.639,-0.058,0.012,0.102,0.01,-2.748,-0.0,0.1,0.0
49.047,0.0,0.0,-0.076,1.821,-0.06,0.011,0.108,0.0,-0.058,0.012,0.103,0.007,-2.771,-0.0,0.1,0.0
49.068,0.0,0.0,-0.075,1.823,-0.061,0.006,0.064,-0.864,-0.058,0.011,0.104,0.005,-2.76,-0.0,0.1,0.0
49.133,0.0,0.0,-0.075,1.825,-0.061,0.006,0.064,0.0,-0.059,0.01,0.102,0.001,-2.754,-0.0,0.1,0.0
49.209,0.0,0.0,-0.07,1.849,-0.062,0.009,0.092,0.549,-0.059,0.01,0.099,-0.002,-2.75,-0.0,0.1,0.0
49.233,0.0,0.0,-0.065,1.871,-0.062,0.009,0.092,0.0,-0.06,0.009,0.098,-0.002,-2.743,-0.0,0.1,0.0
49.311,0.0,0.0,-0.063,1.881,-0.058,0.004,0.041,-1.009,-0.06,0.009,0.098,-0.002,-2.739,-0.0,0.1,0.0
49.345,0.0,0.0,-0.061,1.888,-0.058,0.004,0.041,0.0,-0.058,0.009,0.094,-0.004,-2.746,-0.0,0.1,0.0
49.383,0.0,0.0,-0.057,1.904,-0.063,0.004,0.035,-0.125,-0.057,0.008,0.09,-0.005,-2.775,-0.0,0.1,0.0
49.463,0.0,0.0,-0.053,1.924,-0.063,0.011,0.112,1.53,-0.059,0.007,0.086,-0.007,-2.77,-0.0,0.1,0.0
49.488,0.0,0.0,-0.044,1.963,-0.063,0.011,0.112,0.0,-0.06,0.008,0.087,-0.005,-2.758,-0.0,0.1,0.0
49.57,0.0,0.0,-0.045,1.958,-0.061,0.006,0.059,-1.064,-0.061,0.008,0.088,-0.003,-2.757,-0.0,0.1,0.0
49.593,0.0,0.0,-0.047,1.95,-0.061,0.006,0.059,0.0,-0.06,0.008,0.086,-0.003,-2.75,-0.0,0.1,0.0
49.62,0.0,0.0,-0.045,1.961,-0.061,0.006,0.059,0.0,-0.06,0.008,0.083,-0.004,-2.758,-0.0,0.1,0.0
49.683,0.0,0.0,-0.042,1.973,-0.059,0.01,0.096,0.749,-0.06,0.007,0.081,-0.004,-2.749,-0.0,0.1,0.0
49.744,0.0,0.0,-0.039,1.985,-0.059,0.01,0.096,0.0,-0.059,0.008,0.082,-0.002,-2.751,-0.0,0.1,0.0
49.814,0.0,0.0,-0.042,1.973,-0.063,0.008,0.083,-0.257,-0.058,0.008,0.083,-0.001,-2.73,-0.0,0.1,0.0
49.842,0.0,0.0,-0.044,1.964,-0.063,0.008,0.083,0.0,-0.06,0.008,0.082,-0.002,-2.743,-0.0,0.1,0.0
49.912,0.0,0.0,-0.042,1.974,-0.059,0.011,0.107,0.483,-0.061,0.008,0.082,-0.002,-2.771,-0.0,0.1,0.0
49.943,0.0,0.0,-0.04,1.98,-0.059,0.011,0.107,0.0,-0.059,0.008,0.084,-0.0,-2.781,-0.0,0.1,0.0
50.03,0.0,0.0,-0.045,1.96,-0.06,0.006,0.056,-1.029,-0.059,0.009,0.085,0.001,-2.78,-0.0,0.1,0.0
50.124,0.0,0.0,-0.048,1.945,-0.059,0.011,0.108,1.037,-0.059,0.008,0.083,-0.001,-2.746,-0.0,0.1,0.0
50.143,0.0,0.0,-0.045,1.962,-0.059,0.011,0.108,0.0,-0.058,0.008,0.085,0.0,-2.74,-0.0,0.1,0.0
50.208,0.0,0.0,-0.047,1.949,-0.061,0.01,0.102,-0.12,-0.058,0.009,0.086,0.001,-2.722,-0.0,0.1,0.0
50.235,0.0,0.0,-0.05,1.938,-0.061,0.01,0.102,0.0,-0.059,0.009,0.087,0.001,-2.742,-0.0,0.1,0.0
50.311,0.0,0.0,-0.05,1.936,-0.06,0.013,0.133,0.623,-0.059,0.009,0.088,0.0,-2.739,-0.0,0.1,0.0
50.333,0.0,0.0,-0.051,1.933,-0.06,0.013,0.133,0.0,-0.059,0.009,0.091,0.002,-2.755,-0.0,0.1,0.0
50.41,0.0,0.0,-0.056,1.912,-0.06,0.009,0.087,-0.921,-0.059,0.01,0.094,0.003,-2.735,-0.0,0.1,0.0
50.435,0.0,0.0,-0.06,1.893,-0.06,0.009,0.087,0.0,-0.059,0.01,0.094,0.001,-2.756,-0.0,0.1,0.0
50.524,0.0,0.0,-0.059,1.896,-0.061,0.012,0.117,0.598,-0.058,0.009,0.093,0.0,-2.744,-0.0,0.1,0.0
50.604,0.0,0.0,-0.058,1.9,-0.057,0.01,0.096,-0.413,-0.059,0.01,0.095,0.001,-2.721,-0.0,0.1,0.0
50.625,0.0,0.0,-0.06,1.894,-0.057,0.01,0.096,0.0,-0.057,0.01,0.095,0.001,-2.723,-0.0,0.1,0.0
50.686,0.0,0.0,-0.062,1.885,-0.059,0.006,0.055,-0.82,-0.057,0.01,0.095,0.0,-2.698,-0.0,0.1,0.0
50.772,0.0,0.0,-0.063,1.881,-0.059,0.004,0.041,-0.279,-0.057,0.009,0.092,-0.002,-2.76,-0.0,0.1,0.0
50.798,0.0,0.0,-0.058,1.903,-0.059,0.004,0.041,0.0,-0.057,0.008,0.088,-0.004,-2.752,-0.0,0.1,0.0
50.826,0.0,0.0,-0.052,1.93,-0.059,0.004,0.041,0.0,-0.057,0.007,0.085,-0.005,-2.75,-0.0,0.1,0.0
50.911,0.0,0.0,-0.046,1.955,-0.061,0.009,0.088,0.936,-0.057,0.007,0.081,-0.006,-2.751,-0.0,0.1,0.0
50.929,0.0,0.0,-0.041,1.977,-0.061,0.009,0.088,0.0,-0.059,0.007,0.081,-0.005,-2.751,-0.0,0.1,0.0
50.998,0.0,0.0,-0.04,1.982,-0.06,0.007,0.067,-0.416,-0.059,0.007,0.081,-0.004,-2.748,-0.0,0.1,0.0
51.029,0.0,0.0,-0.04,1.983,-0.06,0.007,0.067,0.0,-0.059,0.007,0.08,-0.003,-2.743,-0.0,0.1,0.0
51.113,0.0,0.0,-0.039,1.989,-0.06,0.005,0.05,-0.335,-0.059,0.007,0.079,-0.003,-2.745,-0.0,0.1,0.0
51.15,0.0,0.0,-0.037,1.995,-0.06,0.005,0.05,0.0,-0.059,0.007,0.076,-0.004,-2.763,-0.0,0.1,0.0
51.178,0.0,0.0,-0.034,2.0,-0.06,0.022,0.225,3.497,-0.059,0.007,0.074,-0.004,-2.771,-0.0,0.1,0.0
51.248,0.0,0.0,-0.03,2.0,-0.06,0.022,0.225,0.0,-0.059,0.009,0.084,0.003,-2.778,-0.0,0.1,0.0
51.285,0.0,0.0,-0.047,1.952,-0.059,0.012,0.124,-2.024,-0.059,0.011,0.093,0.008,-2.769,-0.0,0.1,0.0
51.364,0.0,0.0,-0.062,1.884,-0.06,0.0,-0.0,-2.48,-0.058,0.011,0.096,0.007,-2.771,-0.0,0.1,0.0
51.385,0.0,0.0,-0.066,1.867,-0.06,0.0,-0.0,0.0,-0.058,0.009,0.09,0.0,-2.754,-0.0,0.1,0.0
51.445,0.0,0.0,-0.054,1.918,-0.06,0.0,-0.0,0.0,-0.059,0.008,0.084,-0.004,-2.772,-0.0,0.1,0.0
51.507,0.0,0.0,-0.044,1.965,-0.059,0.012,0.125,2.493,-0.059,0.006,0.078,-0.007,-2.767,-0.0,0.1,0.0
51.526,0.0,0.0,-0.034,2.0,-0.059,0.012,0.125,0.0,-0.058,0.007,0.08,-0.003,-2.776,-0.0,0.1,0.0
51.617,0.0,0.0,-0.04,1.982,-0.058,0.007,0.067,-1.15,-0.058,0.008,0.083,-0.001,-2.76,-0.0,0.1,0.0
51.641,0.0,0.0,-0.045,1.959,-0.058,0.007,0.067,0.0,-0.058,0.008,0.082,-0.001,-2.782,-0.0,0.1,0.0
51.712,0.0,0.0,-0.044,1.965,-0.062,0.016,0.156,1.787,-0.057,0.008,0.081,-0.002,-2.768,-0.0,0.1,0.0
51.733,0.0,0.0,-0.042,1.972,-0.062,0.016,0.156,0.0,-0.059,0.009,0.085,0.001,-2.768,-0.0,0.1,0.0
51.82,0.0,0.0,-0.048,1.945,-0.06,0.01,0.095,-1.219,-0.059,0.01,0.09,0.003,-2.766,-0.0,0.1,0.0
51.893,0.0,0.0,-0.055,1.917,-0.058,0.004,0.037,-1.162,-0.059,0.009,0.091,0.002,-2.739,-0.0,0.1,0.0
51.919,0.0,0.0,-0.055,1.914,-0.058,0.004,0.037,0.0,-0.058,0.009,0.087,-0.001,-2.734,-0.0,0.1,0.0
51.996,0.0,0.0,-0.051,1.934,-0.057,0.01,0.104,1.329,-0.057,0.008,0.084,-0.003,-2.713,-0.0,0.1,0.0
52.028,0.0,0.0,-0.046,1.955,-0.057,0.01,0.104,0.0,-0.057,0.008,0.085,-0.001,-2.749,-0.0,0.1,0.0
52.102,0.0,0.0,-0.049,1.943,-0.062,0.009,0.086,-0.367,-0.056,0.009,0.086,-0.0,-2.727,-0.0,0.1,0.0
52.128,0.0,0.0,-0.051,1.933,-0.062,0.009,0.086,0.0,-0.058,0.008,0.086,-0.001,-2.756,-0.0,0.1,0.0
52.208,0.0,0.0,-0.048,1.947,-0.063,0.01,0.099,0.274,-0.059,0.008,0.085,-0.002,-2.743,-0.0,0.1,0.0
52.232,0.0,0.0,-0.046,1.956,-0.063,0.01,0.099,0.0,-0.06,0.008,0.086,-0.002,-2.743,-0.0,0.1,0.0
52.319,0.0,0.0,-0.046,1.957,-0.061,0.004,0.042,-1.145,-0.061,0.008,0.087,-0.001,-2.724,-0.0,0.1,0.0
52.409,0.0,0.0,-0.046,1.955,-0.06,0.006,0.057,0.297,-0.06,0.008,0.083,-0.003,-2.713,-0.0,0.1,0.0
52.431,0.0,0.0,-0.042,1.972,-0.06,0.006,0.057,0.0,-0.06,0.008,0.081,-0.003,-2.713,-0.0,0.1,0.0
52.512,0.0,0.0,-0.04,1.982,-0.056,0.011,0.108,1.028,-0.059,0.007,0.079,-0.003,-2.726,-0.0,0.1,0.0
52.541,0.0,0.0,-0.038,1.993,-0.056,0.011,0.108,0.0,-0.057,0.008,0.081,-0.001,-2.723,-0.0,0.1,0.0
52.615,0.0,0.0,-0.043,1.967,-0.06,0.006,0.064,-0.883,-0.056,0.008,0.083,0.001,-2.732,-0.0,0.1,0.0
52.643,0.0,0.0,-0.048,1.947,-0.06,0.006,0.064,0.0,-0.057,0.008,0.082,-0.001,-2.729,-0.0,0.1,0.0
52.681,0.0,0.0,-0.044,1.965,-0.061,0.008,0.083,0.373,-0.058,0.008,0.08,-0.002,-2.714,-0.0,0.1,0.0
52.775,0.0,0.0,-0.041,1.979,-0.057,0.013,0.129,0.919,-0.059,0.008,0.08,-0.002,-2.715,-0.0,0.1,0.0
52.795,0.0,0.0,-0.04,1.983,-0.057,0.013,0.129,0.0,-0.057,0.008,0.083,0.001,-2.715,-0.0,0.1,0.0
52.871,0.0,0.0,-0.047,1.952,-0.058,0.011,0.108,-0.417,-0.056,0.009,0.086,0.002,-2.691,-0.0,0.1,0.0
52.897,0.0,0.0,-0.052,1.927,-0.058,0.011,0.108,0.0,-0.056,0.009,0.088,0.002,-2.695,-0.0,0.1,0.0
52.926,0.0,0.0,-0.054,1.917,-0.058,0.011,0.108,0.0,-0.056,0.009,0.089,0.002,-2.716,-0.0,0.1,0.0
53.036,0.0,0.0,-0.056,1.909,-0.061,0.009,0.089,-0.384,-0.056,0.009,0.091,0.002,-2.734,-0.0,0.1,0.0
53.066,0.0,0.0,-0.058,1.902,-0.064,0.008,0.079,-0.191,-0.058,0.009,0.09,0.0,-2.724,-0.0,0.1,0.0
53.093,0.0,0.0,-0.055,1.913,-0.064,0.008,0.079,0.0,-0.06,0.008,0.089,-0.002,-2.715,-0.0,0.1,0.0
53.165,0.0,0.0,-0.05,1.935,-0.06,0.018,0.183,2.077,-0.061,0.008,0.088,-0.003,-2.721,-0.0,0.1,0.0
53.188,0.0,0.0,-0.047,1.95,-0.06,0.018,0.183,0.0,-0.06,0.01,0.094,0.002,-2.715,-0.0,0.1,0.0
53.281,0.0,0.0,-0.059,1.896,-0.059,0.005,0.048,-2.697,-0.059,0.011,0.1,0.005,-2.714,-0.0,0.1,0.0
53.304,0.0,0.0,-0.069,1.85,-0.059,0.005,0.048,0.0,-0.058,0.01,0.097,0.002,-2.721,-0.0,0.1,0.0
53.326,0.0,0.0,-0.065,1.871,-0.059,0.005,0.048,0.0,-0.058,0.009,0.094,-0.001,-2.728,-0.0,0.1,0.0
53.401,0.0,0.0,-0.06,1.893,-0.061,0.013,0.126,1.562,-0.057,0.008,0.091,-0.003,-2.711,-0.0,0.1,0.0
53.425,0.0,0.0,-0.055,1.915,-0.061,0.013,0.126,0.0,-0.058,0.009,0.093,-0.001,-2.732,-0.0,0.1,0.0
53.503,0.0,0.0,-0.057,1.905,-0.06,0.014,0.137,0.213,-0.059,0.009,0.095,-0.0,-2.728,-0.0,0.1,0.0
53.533,0.0,0.0,-0.06,1.894,-0.06,0.014,0.137,0.0,-0.058,0.01,0.097,0.001,-2.75,-0.0,0.1,0.0
53.616,0.0,0.0,-0.064,1.873,-0.06,0.009,0.091,-0.909,-0.058,0.01,0.1,0.002,-2.749,-0.0,0.1,0.0
53.637,0.0,0.0,-0.069,1.854,-0.06,0.009,0.091,0.0,-0.058,0.01,0.1,0.001,-2.749,-0.0,0.1,0.0
53.718,0.0,0.0,-0.067,1.859,-0.059,0.015,0.147,1.113,-0.058,0.01,0.099,-0.0,-2.716,-0.0,0.1,0.0
53.799,0.0,0.0,-0.066,1.864,-0.058,0.017,0.172,0.493,-0.058,0.01,0.102,0.001,-2.71,-0.0,0.1,0.0
53.825,0.0,0.0,-0.071,1.842,-0.058,0.017,0.172,0.0,-0.057,0.011,0.107,0.004,-2.732,-0.0,0.1,0.0
53.914,0.0,0.0,-0.079,1.806,-0.06,0.013,0.133,-0.776,-0.057,0.012,0.111,0.005,-2.773,-0.0,0.1,0.0
53.943,0.0,0.0,-0.086,1.775,-0.06,0.013,0.133,0.0,-0.057,0.012,0.113,0.004,-2.762,-0.0,0.1,0.0
54.02,0.0,0.0,-0.087,1.77,-0.058,0.014,0.141,0.162,-0.058,0.012,0.114,0.003,-2.777,-0.0,0.1,0.0
54.095,0.0,0.0,-0.088,1.764,-0.061,0.017,0.167,0.516,-0.057,0.012,0.116,0.003,-2.746,-0.0,0.1,0.0
54.174,0.0,0.0,-0.092,1.748,-0.059,0.005,0.045,-2.431,-0.058,0.013,0.12,0.003,-2.743,-0.0,0.1,0.0
54.235,0.0,0.0,-0.095,1.733,-0.059,0.005,0.045,0.0,-0.057,0.011,0.115,-0.001,-2.756,-0.0,0.1,0.0
54.297,0.0,0.0,-0.088,1.768,-0.056,0.009,0.091,0.912,-0.057,0.01,0.11,-0.004,-2.761,-0.0,0.1,0.0
54.325,0.0,0.0,-0.08,1.802,-0.056,0.009,0.091,0.0,-0.056,0.01,0.109,-0.004,-2.761,-0.0,0.1,0.0
54.407,0.0,0.0,-0.08,1.803,-0.061,0.01,0.101,0.201,-0.055,0.01,0.107,-0.003,-2.752,-0.0,0.1,0.0
54.439,0.0,0.0,-0.079,1.808,-0.061,0.01,0.101,0.0,-0.057,0.01,0.106,-0.004,-2.756,-0.0,0.1,0.0
54.517,0.0,0.0,-0.075,1.825,-0.059,0.006,0.057,-0.876,-0.058,0.01,0.105,-0.004,-2.76,-0.0,0.1,0.0
54.537,0.0,0.0,-0.073,1.836,-0.059,0.006,0.057,0.0,-0.058,0.009,0.102,-0.005,-2.749,-0.0,0.1,0.0
54.603,0.0,0.0,-0.067,1.859,-0.062,0.011,0.112,1.099,-0.058,0.009,0.098,-0.006,-2.736,-0.0,0.1,0.0
54.626,0.0,0.0,-0.063,1.881,-0.062,0.011,0.112,0.0,-0.059,0.009,0.098,-0.005,-2.737,-0.0,0.1,0.0
54.701,0.0,0.0,-0.062,1.883,-0.058,0.012,0.116,0.083,-0.06,0.009,0.099,-0.003,-2.737,-0.0,0.1,0.0
54.725,0.0,0.0,-0.062,1.882,-0.058,0.012,0.116,0.0,-0.058,0.01,0.1,-0.002,-2.737,-0.0,0.1,0.0
54.807,0.0,0.0,-0.066,1.865,-0.058,0.01,0.103,-0.258,-0.057,0.01,0.101,-0.0,-2.788,-0.0,0.1,0.0
54.841,0.0,0.0,-0.069,1.853,-0.058,0.01,0.103,0.0,-0.057,0.01,0.101,-0.0,-2.774,-0.0,0.1,0.0
54.92,0.0,0.0,-0.07,1.849,-0.06,0.007,0.075,-0.567,-0.056,0.01,0.101,-0.0,-2.776,-0.0,0.1,0.0
55.002,0.0,0.0,-0.07,1.847,-0.059,0.014,0.14,1.313,-0.058,0.009,0.099,-0.002,-2.75,-0.0,0.1,0.0
55.029,0.0,0.0,-0.065,1.867,-0.059,0.014,0.14,0.0,-0.057,0.01,0.101,-0.0,-2.744,-0.0,0.1,0.0
55.103,0.0,0.0,-0.07,1.848,-0.06,0.01,0.104,-0.724,-0.057,0.011,0.104,0.001,-2.743,-0.0,0.1,0.0
55.128,0.0,0.0,-0.074,1.831,-0.06,0.01,0.104,0.0,-0.058,0.01,0.104,0.0,-2.761,-0.0,0.1,0.0
55.195,0.0,0.0,-0.073,1.835,-0.058,0.017,0.167,1.246,-0.058,0.01,0.104,-0.0,-2.739,-0.0,0.1,0.0
55.222,0.0,0.0,-0.072,1.838,-0.058,0.017,0.167,0.0,-0.057,0.011,0.108,0.002,-2.761,-0.0,0.1,0.0
55.308,0.0,0.0,-0.079,1.805,-0.06,0.01,0.1,-1.325,-0.057,0.012,0.112,0.004,-2.753,-0.0,0.1,0.0
55.339,0.0,0.0,-0.086,1.776,-0.06,0.01,0.1,0.0,-0.057,0.011,0.111,0.002,-2.737,-0.0,0.1,0.0
55.422,0.0,0.0,-0.083,1.787,-0.057,0.011,0.112,0.243,-0.058,0.011,0.11,0.0,-2.733,-0.0,0.1,0.0
55.448,0.0,0.0,-0.082,1.795,-0.057,0.011,0.112,0.0,-0.057,0.011,0.11,-0.0,-2.733,-0.0,0.1,0.0
55.485,0.0,0.0,-0.083,1.789,-0.06,0.01,0.099,-0.265,-0.056,0.011,0.111,-0.0,-2.717,-0.0,0.1,0.0
55.55,0.0,0.0,-0.083,1.787,-0.06,0.01,0.099,0.0,-0.057,0.011,0.109,-0.001,-2.704,-0.0,0.1,0.0
55.577,0.0,0.0,-0.08,1.801,-0.059,0.006,0.057,-0.852,-0.058,0.01,0.109,-0.002,-2.698,-0.0,0.1,0.0
55.645,0.0,0.0,-0.078,1.812,-0.059,0.006,0.057,0.0,-0.058,0.01,0.105,-0.004,-2.762,-0.0,0.1,0.0
55.721,0.0,0.0,-0.072,1.837,-0.06,0.025,0.254,3.944,-0.058,0.009,0.101,-0.005,-2.771,-0.0,0.1,0.0
55.789,0.0,0.0,-0.067,1.86,-0.06,0.01,0.096,-3.166,-0.058,0.011,0.111,0.002,-2.76,-0.0,0.1,0.0
55.883,0.0,0.0,-0.082,1.791,-0.061,0.011,0.111,0.316,-0.058,0.011,0.11,0.0,-2.751,-0.0,0.1,0.0
55.966,0.0,0.0,-0.08,1.8,-0.059,0.008,0.083,-0.564,-0.059,0.011,0.11,-0.0,-2.746,-0.0,0.1,0.0
55.985,0.0,0.0,-0.08,1.804,-0.059,0.008,0.083,0.0,-0.058,0.01,0.108,-0.002,-2.746,-0.0,0.1,0.0
56.077,0.0,0.0,-0.078,1.813,-0.059,0.008,0.082,-0.019,-0.057,0.01,0.106,-0.002,-2.765,-0.0,0.1,0.0
56.103,0.0,0.0,-0.075,1.824,-0.059,0.008,0.082,0.0,-0.057,0.01,0.104,-0.003,-2.787,-0.0,0.1,0.0
56.126,0.0,0.0,-0.072,1.836,-0.059,0.008,0.082,0.0,-0.057,0.01,0.102,-0.004,-2.787,-0.0,0.1,0.0
56.206,0.0,0.0,-0.07,1.848,-0.059,0.01,0.104,0.429,-0.057,0.009,0.101,-0.004,-2.789,-0.0,0.1,0.0
56.23,0.0,0.0,-0.068,1.858,-0.059,0.01,0.104,0.0,-0.057,0.009,0.1,-0.003,-2.778,-0.0,0.1,0.0
56.313,0.0,0.0,-0.067,1.859,-0.061,0.01,0.097,-0.139,-0.057,0.01,0.1,-0.003,-2.791,-0.0,0.1,0.0
56.345,0.0,0.0,-0.067,1.859,-0.061,0.01,0.097,0.0,-0.058,0.009,0.1,-0.003,-2.771,-0.0,0.1,0.0
56.37,0.0,0.0,-0.066,1.867,-0.057,0.01,0.096,-0.006,-0.059,0.009,0.099,-0.003,-2.764,-0.0,0.1,0.0
56.447,0.0,0.0,-0.065,1.872,-0.057,0.01,0.096,0.0,-0.057,0.01,0.099,-0.002,-2.761,-0.0,0.1,0.0
56.472,0.0,0.0,-0.066,1.865,-0.059,0.004,0.042,-1.091,-0.056,0.01,0.098,-0.001,-2.756,-0.0,0.1,0.0
56.561,0.0,0.0,-0.067,1.862,-0.059,0.004,0.042,0.0,-0.057,0.009,0.094,-0.004,-2.768,-0.0,0.1,0.0
56.591,0.0,0.0,-0.059,1.895,-0.063,0.003,0.027,-0.298,-0.058,0.008,0.09,-0.006,-2.766,-0.0,0.1,0.0
56.671,0.0,0.0,-0.053,1.924,-0.058,0.005,0.054,0.536,-0.059,0.007,0.085,-0.008,-2.766,-0.0,0.1,0.0
56.697,0.0,0.0,-0.043,1.967,-0.058,0.005,0.054,0.0,-0.058,0.007,0.083,-0.007,-2.766,-0.0,0.1,0.0
56.725,0.0,0.0,-0.042,1.974,-0.058,0.005,0.054,0.0,-0.057,0.007,0.08,-0.006,-2.772,-0.0,0.1,0.0
56.805,0.0,0.0,-0.04,1.983,-0.059,0.006,0.057,0.067,-0.057,0.007,0.078,-0.006,-2.753,-0.0,0.1,0.0
56.827,0.0,0.0,-0.037,1.994,-0.059,0.006,0.057,0.0,-0.057,0.007,0.076,-0.005,-2.758,-0.0,0.1,0.0
56.908,0.0,0.0,-0.034,2.0,-0.06,0.008,0.079,0.432,-0.057,0.006,0.074,-0.005,-2.772,-0.0,0.1,0.0
56.935,0.0,0.0,-0.032,2.0,-0.06,0.008,0.079,0.0,-0.058,0.007,0.074,-0.004,-2.772,-0.0,0.1,0.0
57.013,0.0,0.0,-0.032,2.0,-0.062,0.009,0.088,0.183,-0.058,0.007,0.074,-0.003,-2.779,-0.0,0.1,0.0
57.036,0.0,0.0,-0.031,2.0,-0.062,0.009,0.088,0.0,-0.06,0.007,0.074,-0.002,-2.769,-0.0,0.1,0.0
57.134,0.0,0.0,-0.031,2.0,-0.059,0.013,0.127,0.79,-0.06,0.007,0.075,-0.002,-2.775,-0.0,0.1,0.0
57.159,0.0,0.0,-0.031,2.0,-0.064,0.009,0.092,-0.71,-0.059,0.008,0.078,0.001,-2.766,-0.0,0.1,0.0
57.178,0.0,0.0,-0.038,1.99,-0.064,0.009,0.092,0.0,-0.061,0.008,0.079,0.0,-2.757,-0.0,0.1,0.0
57.245,0.0,0.0,-0.037,1.995,-0.064,0.009,0.092,0.0,-0.062,0.008,0.08,0.0,-2.752,-0.0,0.1,0.0
57.318,0.0,0.0,-0.037,1.995,-0.058,0.011,0.108,0.316,-0.062,0.008,0.08,0.0,-2.749,-0.0,0.1,0.0
57.347,0.0,0.0,-0.037,1.994,-0.058,0.011,0.108,0.0,-0.06,0.009,0.082,0.002,-2.732,-0.0,0.1,0.0
57.385,0.0,0.0,-0.043,1.967,-0.064,0.007,0.067,-0.818,-0.058,0.009,0.084,0.002,-2.748,-0.0,0.1,0.0
57.468,0.0,0.0,-0.048,1.947,-0.058,0.007,0.07,0.06,-0.06,0.008,0.083,0.0,-2.73,-0.0,0.1,0.0
57.492,0.0,0.0,-0.043,1.969,-0.058,0.007,0.07,0.0,-0.058,0.008,0.082,-0.0,-2.747,-0.0,0.1,0.0
57.517,0.0,0.0,-0.044,1.965,-0.058,0.007,0.07,0.0,-0.057,0.008,0.081,-0.001,-2.747,-0.0,0.1,0.0
57.608,0.0,0.0,-0.043,1.966,-0.06,0.012,0.116,0.927,-0.057,0.008,0.081,-0.001,-2.729,-0.0,0.1,0.0
57.647,0.0,0.0,-0.043,1.97,-0.06,0.012,0.116,0.0,-0.058,0.008,0.083,0.0,-2.716,-0.0,0.1,0.0
57.676,0.0,0.0,-0.045,1.96,-0.06,0.012,0.116,0.0,-0.058,0.009,0.085,0.001,-2.716,-0.0,0.1,0.0
57.748,0.0,0.0,-0.048,1.948,-0.063,0.012,0.12,0.078,-0.058,0.009,0.087,0.001,-2.685,-0.0,0.1,0.0
57.771,0.0,0.0,-0.05,1.935,-0.063,0.012,0.12,0.0,-0.06,0.009,0.089,0.002,-2.685,-0.0,0.1,0.0
57.846,0.0,0.0,-0.052,1.93,-0.058,0.011,0.108,-0.245,-0.06,0.009,0.091,0.002,-2.716,-0.0,0.1,0.0
57.876,0.0,0.0,-0.054,1.921,-0.059,0.012,0.116,0.154,-0.059,0.01,0.092,0.002,-2.716,-0.0,0.1,0.0
57.952,0.0,0.0,-0.058,1.903,-0.059,0.012,0.116,0.0,-0.058,0.01,0.094,0.002,-2.703,-0.0,0.1,0.0
57.989,0.0,0.0,-0.061,1.889,-0.06,0.017,0.167,1.032,-0.058,0.01,0.095,0.002,-2.704,-0.0,0.1,0.0
58.075,0.0,0.0,-0.063,1.878,-0.058,0.005,0.05,-2.348,-0.058,0.011,0.1,0.004,-2.695,-0.0,0.1,0.0
58.15,0.0,0.0,-0.07,1.847,-0.058,0.005,0.05,0.0,-0.057,0.01,0.097,0.001,-2.695,-0.0,0.1,0.0
58.177,0.0,0.0,-0.065,1.868,-0.057,0.014,0.14,1.815,-0.057,0.009,0.094,-0.002,-2.702,-0.0,0.1,0.0
58.247,0.0,0.0,-0.06,1.89,-0.057,0.014,0.14,0.0,-0.056,0.01,0.097,0.001,-2.689,-0.0,0.1,0.0
58.271,0.0,0.0,-0.066,1.864,-0.059,0.005,0.05,-1.818,-0.056,0.01,0.1,0.002,-2.693,-0.0,0.1,0.0
58.332,0.0,0.0,-0.071,1.842,-0.059,0.005,0.05,0.0,-0.056,0.009,0.097,-0.001,-2.714,-0.0,0.1,0.0
58.4,0.0,0.0,-0.064,1.872,-0.058,0.009,0.092,0.841,-0.057,0.009,0.093,-0.003,-2.734,-0.0,0.1,0.0
58.42,0.0,0.0,-0.058,1.899,-0.058,0.009,0.092,0.0,-0.057,0.009,0.093,-0.003,-2.724,-0.0,0.1,0.0
58.483,0.0,0.0,-0.058,1.9,-0.061,0.01,0.096,0.081,-0.056,0.009,0.092,-0.002,-2.71,-0.0,0.1,0.0
58.571,0.0,0.0,-0.058,1.901,-0.058,0.004,0.037,-1.174,-0.058,0.009,0.092,-0.003,-2.706,-0.0,0.1,0.0
58.663,0.0,0.0,-0.056,1.909,-0.058,0.008,0.081,0.874,-0.057,0.008,0.088,-0.004,-2.707,-0.0,0.1,0.0
58.69,0.0,0.0,-0.051,1.933,-0.058,0.008,0.081,0.0,-0.057,0.008,0.087,-0.004,-2.737,-0.0,0.1,0.0
58.772,0.0,0.0,-0.05,1.935,-0.062,0.011,0.112,0.625,-0.057,0.008,0.086,-0.003,-2.753,-0.0,0.1,0.0
58.795,0.0,0.0,-0.05,1.937,-0.062,0.011,0.112,0.0,-0.059,0.008,0.088,-0.002,-2.753,-0.0,0.1,0.0
58.823,0.0,0.0,-0.049,1.939,-0.062,0.011,0.112,0.0,-0.06,0.009,0.089,-0.001,-2.765,-0.0,0.1,0.0
58.918,0.0,0.0,-0.05,1.936,-0.058,0.01,0.1,-0.238,-0.06,0.009,0.09,-0.001,-2.771,-0.0,0.1,0.0
58.942,0.0,0.0,-0.052,1.93,-0.058,0.01,0.1,0.0,-0.059,0.009,0.091,0.0,-2.762,-0.0,0.1,0.0
58.984,0.0,0.0,-0.055,1.916,-0.055,0.004,0.04,-1.211,-0.058,0.009,0.091,0.0,-2.751,-0.0,0.1,0.0
59.08,0.0,0.0,-0.057,1.907,-0.06,0.005,0.049,0.194,-0.056,0.009,0.088,-0.001,-2.765,-0.0,0.1,0.0
59.103,0.0,0.0,-0.054,1.919,-0.06,0.005,0.049,0.0,-0.057,0.008,0.085,-0.003,-2.781,-0.0,0.1,0.0
59.128,0.0,0.0,-0.048,1.947,-0.06,0.005,0.049,0.0,-0.058,0.007,0.082,-0.004,-2.773,-0.0,0.1,0.0
59.212,0.0,0.0,-0.043,1.97,-0.06,0.0,0.004,-0.901,-0.058,0.007,0.08,-0.005,-2.774,-0.0,0.1,0.0
59.233,0.0,0.0,-0.038,1.989,-0.06,0.0,0.004,0.0,-0.059,0.006,0.074,-0.007,-2.764,-0.0,0.1,0.0
59.294,0.0,0.0,-0.029,2.0,-0.06,0.011,0.115,2.215,-0.059,0.005,0.069,-0.009,-2.788,-0.0,0.1,0.0
59.352,0.0,0.0,-0.021,2.0,-0.06,0.011,0.115,0.0,-0.059,0.006,0.071,-0.005,-2.76,-0.0,0.1,0.0
59.373,0.0,0.0,-0.026,2.0,-0.062,0.007,0.071,-0.873,-0.059,0.007,0.074,-0.002,-2.771,-0.0,0.1,0.0
59.432,0.0,0.0,-0.031,2.0,-0.062,0.007,0.071,0.0,-0.06,0.007,0.073,-0.002,-2.771,-0.0,0.1,0.0
59.497,0.0,0.0,-0.029,2.0,-0.059,0.01,0.104,0.657,-0.06,0.007,0.073,-0.002,-2.764,-0.0,0.1,0.0
59.515,0.0,0.0,-0.029,2.0,-0.059,0.01,0.104,0.0,-0.059,0.008,0.075,0.0,-2.752,-0.0,0.1,0.0
59.58,0.0,0.0,-0.033,2.0,-0.061,0.013,0.128,0.471,-0.058,0.008,0.077,0.001,-2.763,-0.0,0.1,0.0
59.666,0.0,0.0,-0.037,1.994,-0.058,0.004,0.038,-1.802,-0.059,0.008,0.08,0.003,-2.79,-0.0,0.1,0.0
59.694,0.0,0.0,-0.042,1.974,-0.058,0.004,0.038,0.0,-0.058,0.008,0.077,0.0,-2.802,-0.0,0.1,0.0
59.782,0.0,0.0,-0.038,1.989,-0.059,0.009,0.091,1.075,-0.057,0.007,0.075,-0.002,-2.796,-0.0,0.1,0.0
59.862,0.0,0.0,-0.035,2.0,-0.06,0.01,0.104,0.245,-0.057,0.007,0.076,-0.001,-2.767,-0.0,0.1,0.0
59.885,0.0,0.0,-0.036,2.0,-0.06,0.01,0.104,0.0,-0.058,0.008,0.077,-0.0,-2.761,-0.0,0.1,0.0
59.973,0.0,0.0,-0.037,1.994,-0.058,0.007,0.075,-0.574,-0.059,0.008,0.079,0.0,-2.74,-0.0,0.1,0.0
60.063,0.0,0.0,-0.039,1.985,-0.058,0.007,0.069,-0.114,-0.058,0.008,0.079,0.0,-2.757,-0.0,0.1,0.0
60.095,0.0,0.0,-0.04,1.982,-0.058,0.007,0.069,0.0,-0.057,0.008,0.078,-0.0,-2.778,-0.0,0.1,0.0
60.126,0.0,0.0,-0.039,1.985,-0.058,0.007,0.069,0.0,-0.057,0.008,0.077,-0.001,-2.76,-0.0,0.1,0.0
60.205,0.0,0.0,-0.039,1.989,-0.061,0.01,0.104,0.688,-0.057,0.007,0.077,-0.001,-2.763,-0.0,0.1,0.0
60.232,0.0,0.0,-0.038,1.993,-0.061,0.01,0.104,0.0,-0.058,0.008,0.078,-0.001,-2.754,-0.0,0.1,0.0
60.324,0.0,0.0,-0.038,1.989,-0.055,0.008,0.084,-0.399,-0.059,0.008,0.08,-0.0,-2.738,-0.0,0.1,0.0
60.346,0.0,0.0,-0.04,1.983,-0.055,0.008,0.084,0.0,-0.056,0.008,0.08,0.001,-2.73,-0.0,0.1,0.0
60.369,0.0,0.0,-0.044,1.966,-0.059,0.008,0.077,-0.136,-0.055,0.008,0.08,0.001,-2.73,-0.0,0.1,0.0
60.437,0.0,0.0,-0.046,1.956,-0.059,0.008,0.077,0.0,-0.056,0.008,0.08,-0.0,-2.708,-0.0,0.1,0.0
60.506,0.0,0.0,-0.043,1.968,-0.06,0.01,0.103,0.522,-0.057,0.008,0.08,-0.001,-2.75,-0.0,0.1,0.0
60.528,0.0,0.0,-0.041,1.976,-0.06,0.01,0.103,0.0,-0.058,0.008,0.081,-0.001,-2.741,-0.0,0.1,0.0
60.618,0.0,0.0,-0.042,1.972,-0.06,0.012,0.12,0.347,-0.059,0.008,0.082,-0.0,-2.746,-0.0,0.1,0.0
60.637,0.0,0.0,-0.044,1.966,-0.06,0.012,0.12,0.0,-0.059,0.009,0.085,0.001,-2.738,-0.0,0.1,0.0
60.717,0.0,0.0,-0.047,1.95,-0.061,0.01,0.101,-0.39,-0.059,0.009,0.087,0.002,-2.744,-0.0,0.1,0.0
60.739,0.0,0.0,-0.05,1.935,-0.061,0.01,0.101,0.0,-0.059,0.009,0.088,0.001,-2.744,-0.0,0.1,0.0
60.826,0.0,0.0,-0.051,1.931,-0.062,0.003,0.032,-1.376,-0.059,0.009,0.089,0.001,-2.732,-0.0,0.1,0.0
60.911,0.0,0.0,-0.052,1.927,-0.058,0.011,0.107,1.494,-0.06,0.008,0.085,-0.002,-2.76,-0.0,0.1,0.0
60.93,0.0,0.0,-0.045,1.959,-0.058,0.011,0.107,0.0,-0.058,0.009,0.086,-0.001,-2.75,-0.0,0.1,0.0
60.991,0.0,0.0,-0.049,1.94,-0.061,0.0,-0.0,-2.135,-0.057,0.009,0.088,0.0,-2.767,-0.0,0.1,0.0
61.056,0.0,0.0,-0.052,1.926,-0.061,0.0,-0.0,0.0,-0.058,0.007,0.082,-0.004,-2.751,-0.0,0.1,0.0
61.078,0.0,0.0,-0.041,1.977,-0.057,0.01,0.104,2.083,-0.059,0.006,0.076,-0.007,-2.773,-0.0,0.1,0.0
61.148,0.0,0.0,-0.031,2.0,-0.057,0.01,0.104,0.0,-0.058,0.007,0.077,-0.004,-2.746,-0.0,0.1,0.0
61.182,0.0,0.0,-0.036,1.999,-0.06,0.012,0.117,0.253,-0.057,0.008,0.079,-0.001,-2.777,-0.0,0.1,0.0
61.269,0.0,0.0,-0.04,1.983,-0.063,0.007,0.067,-0.988,-0.058,0.008,0.081,-0.0,-2.75,-0.0,0.1,0.0
61.296,0.0,0.0,-0.043,1.971,-0.063,0.007,0.067,0.0,-0.06,0.008,0.08,-0.002,-2.748,-0.0,0.1,0.0
61.324,0.0,0.0,-0.038,1.99,-0.063,0.007,0.067,0.0,-0.061,0.007,0.079,-0.002,-2.738,-0.0,0.1,0.0
61.426,0.0,0.0,-0.035,2.0,-0.057,0.012,0.115,0.96,-0.061,0.007,0.077,-0.003,-2.764,-0.0,0.1,0.0
61.449,0.0,0.0,-0.033,2.0,-0.057,0.012,0.115,0.0,-0.059,0.008,0.08,0.0,-2.758,-0.0,0.1,0.0
61.489,0.0,0.0,-0.041,1.979,-0.061,0.014,0.141,0.508,-0.057,0.009,0.082,0.002,-2.774,-0.0,0.1,0.0
61.569,0.0,0.0,-0.046,1.954,-0.063,0.014,0.143,0.039,-0.058,0.009,0.086,0.003,-2.765,-0.0,0.1,0.0
61.645,0.0,0.0,-0.05,1.935,-0.063,0.014,0.143,0.0,-0.06,0.01,0.09,0.004,-2.753,-0.0,0.1,0.0
61.671,0.0,0.0,-0.054,1.918,-0.06,0.01,0.1,-0.853,-0.06,0.01,0.094,0.004,-2.746,-0.0,0.1,0.0
61.752,0.0,0.0,-0.059,1.899,-0.06,0.01,0.1,0.0,-0.059,0.01,0.094,0.003,-2.739,-0.0,0.1,0.0
61.781,0.0,0.0,-0.06,1.891,-0.06,0.015,0.148,0.96,-0.059,0.01,0.095,0.002,-2.76,-0.0,0.1,0.0
61.845,0.0,0.0,-0.061,1.887,-0.06,0.015,0.148,0.0,-0.059,0.01,0.099,0.003,-2.735,-0.0,0.1,0.0
61.909,0.0,0.0,-0.067,1.863,-0.058,0.009,0.091,-1.141,-0.059,0.011,0.102,0.004,-2.756,-0.0,0.1,0.0
61.928,0.0,0.0,-0.071,1.841,-0.058,0.009,0.091,0.0,-0.058,0.011,0.102,0.002,-2.747,-0.0,0.1,0.0
62.007,0.0,0.0,-0.071,1.841,-0.062,0.01,0.101,0.196,-0.057,0.01,0.101,0.001,-2.744,-0.0,0.1,0.0
62.03,0.0,0.0,-0.07,1.845,-0.062,0.01,0.101,0.0,-0.059,0.01,0.101,-0.0,-2.744,-0.0,0.1,0.0
62.117,0.0,0.0,-0.068,1.856,-0.062,0.009,0.092,-0.176,-0.059,0.01,0.101,-0.001,-2.734,-0.0,0.1,0.0
62.149,0.0,0.0,-0.066,1.863,-0.062,0.009,0.092,0.0,-0.06,0.01,0.1,-0.002,-2.724,-0.0,0.1,0.0
62.186,0.0,0.0,-0.064,1.872,-0.062,0.006,0.059,-0.66,-0.06,0.009,0.099,-0.002,-2.716,-0.0,0.1,0.0
62.272,0.0,0.0,-0.063,1.879,-0.061,0.005,0.05,-0.183,-0.06,0.009,0.096,-0.004,-2.718,-0.0,0.1,0.0
62.372,0.0,0.0,-0.058,1.899,-0.06,0.011,0.108,1.156,-0.06,0.008,0.093,-0.005,-2.766,-0.0,0.1,0.0
62.405,0.0,0.0,-0.054,1.919,-0.06,0.011,0.108,0.0,-0.059,0.009,0.093,-0.003,-2.761,-0.0,0.1,0.0
62.427,0.0,0.0,-0.056,1.909,-0.06,0.011,0.108,0.0,-0.059,0.009,0.094,-0.002,-2.753,-0.0,0.1,0.0
62.519,0.0,0.0,-0.058,1.901,-0.061,0.016,0.163,1.098,-0.059,0.009,0.095,-0.001,-2.755,-0.0,0.1,0.0
62.61,0.0,0.0,-0.059,1.895,-0.058,0.014,0.14,-0.454,-0.059,0.01,0.099,0.002,-2.747,-0.0,0.1,0.0
62.628,0.0,0.0,-0.066,1.865,-0.058,0.014,0.14,0.0,-0.058,0.011,0.102,0.003,-2.747,-0.0,0.1,0.0
62.705,0.0,0.0,-0.072,1.839,-0.055,0.013,0.129,-0.21,-0.057,0.011,0.105,0.004,-2.772,-0.0,0.1,0.0
62.744,0.0,0.0,-0.076,1.818,-0.055,0.013,0.129,0.0,-0.055,0.011,0.107,0.004,-2.761,-0.0,0.1,0.0
62.841,0.0,0.0,-0.081,1.797,-0.059,0.011,0.108,-0.433,-0.054,0.012,0.108,0.004,-2.75,-0.0,0.1,0.0
62.927,0.0,0.0,-0.084,1.783,-0.06,0.009,0.095,-0.253,-0.056,0.011,0.108,0.002,-2.744,-0.0,0.1,0.0
63.036,0.0,0.0,-0.082,1.793,-0.06,0.019,0.195,2.003,-0.057,0.011,0.107,-0.0,-2.747,-0.0,0.1,0.0
63.064,0.0,0.0,-0.078,1.809,-0.059,0.008,0.078,-2.346,-0.057,0.012,0.113,0.003,-2.757,-0.0,0.1,0.0
63.085,0.0,0.0,-0.087,1.772,-0.059,0.008,0.078,0.0,-0.057,0.011,0.111,0.0,-2.746,-0.0,0.1,0.0
63.148,0.0,0.0,-0.083,1.789,-0.059,0.008,0.078,0.0,-0.057,0.01,0.108,-0.002,-2.732,-0.0,0.1,0.0
63.167,0.0,0.0,-0.079,1.806,-0.06,0.011,0.108,0.596,-0.057,0.01,0.106,-0.003,-2.754,-0.0,0.1,0.0
63.226,0.0,0.0,-0.076,1.822,-0.06,0.011,0.108,0.0,-0.057,0.01,0.106,-0.003,-2.745,-0.0,0.1,0.0
63.293,0.0,0.0,-0.075,1.826,-0.061,0.016,0.159,1.022,-0.058,0.01,0.106,-0.003,-2.768,-0.0,0.1,0.0
63.317,0.0,0.0,-0.074,1.829,-0.061,0.016,0.159,0.0,-0.059,0.011,0.109,-0.0,-2.75,-0.0,0.1,0.0
63.391,0.0,0.0,-0.078,1.81,-0.06,0.009,0.087,-1.44,-0.059,0.011,0.112,0.001,-2.75,-0.0,0.1,0.0
63.417,0.0,0.0,-0.083,1.791,-0.06,0.009,0.087,0.0,-0.059,0.011,0.11,-0.001,-2.741,-0.0,0.1,0.0
63.513,0.0,0.0,-0.08,1.803,-0.058,0.014,0.14,1.062,-0.059,0.01,0.108,-0.002,-2.733,-0.0,0.1,0.0
63.537,0.0,0.0,-0.077,1.815,-0.058,0.014,0.14,0.0,-0.058,0.011,0.11,-0.0,-2.728,-0.0,0.1,0.0
63.617,0.0,0.0,-0.082,1.794,-0.062,0.009,0.088,-1.041,-0.057,0.011,0.112,0.001,-2.764,-0.0,0.1,0.0
63.698,0.0,0.0,-0.086,1.777,-0.059,0.012,0.122,0.689,-0.058,0.011,0.11,-0.001,-2.774,-0.0,0.1,0.0
63.725,0.0,0.0,-0.08,1.801,-0.059,0.012,0.122,0.0,-0.058,0.011,0.111,-0.001,-2.762,-0.0,0.1,0.0
63.815,0.0,0.0,-0.082,1.791,-0.057,0.01,0.104,-0.373,-0.057,0.011,0.112,-0.0,-2.761,-0.0,0.1,0.0
63.838,0.0,0.0,-0.084,1.785,-0.057,0.01,0.104,0.0,-0.056,0.011,0.111,-0.001,-2.753,-0.0,0.1,0.0
63.931,0.0,0.0,-0.084,1.784,-0.057,0.002,0.025,-1.581,-0.056,0.011,0.111,-0.001,-2.744,-0.0,0.1,0.0
64.007,0.0,0.0,-0.084,1.785,-0.06,0.012,0.125,2.004,-0.055,0.01,0.105,-0.005,-2.734,-0.0,0.1,0.0
64.029,0.0,0.0,-0.075,1.827,-0.06,0.012,0.125,0.0,-0.057,0.01,0.105,-0.003,-2.734,-0.0,0.1,0.0
64.127,0.0,0.0,-0.075,1.827,-0.06,0.011,0.107,-0.363,-0.057,0.01,0.106,-0.002,-2.75,-0.0,0.1,0.0
64.195,0.0,0.0,-0.075,1.823,-0.06,0.014,0.141,0.679,-0.058,0.01,0.106,-0.002,-2.77,-0.0,0.1,0.0
64.215,0.0,0.0,-0.075,1.827,-0.06,0.014,0.141,0.0,-0.058,0.011,0.108,-0.001,-2.761,-0.0,0.1,0.0
64.276,0.0,0.0,-0.078,1.811,-0.059,0.004,0.041,-1.983,-0.058,0.011,0.11,0.0,-2.783,-0.0,0.1,0.0
64.348,0.0,0.0,-0.081,1.797,-0.059,0.004,0.041,0.0,-0.057,0.01,0.105,-0.003,-2.754,-0.0,0.1,0.0
64.38,0.0,0.0,-0.074,1.829,-0.057,0.01,0.104,1.243,-0.057,0.009,0.101,-0.005,-2.742,-0.0,0.1,0.0
64.477,0.0,0.0,-0.067,1.86,-0.062,0.004,0.04,-1.266,-0.057,0.009,0.1,-0.004,-2.763,-0.0,0.1,0.0
64.549,0.0,0.0,-0.068,1.856,-0.062,0.004,0.04,0.0,-0.058,0.008,0.096,-0.006,-2.763,-0.0,0.1,0.0
64.58,0.0,0.0,-0.059,1.896,-0.059,0.01,0.104,1.266,-0.059,0.008,0.092,-0.007,-2.756,-0.0,0.1,0.0
64.661,0.0,0.0,-0.052,1.929,-0.059,0.01,0.104,0.0,-0.059,0.008,0.092,-0.005,-2.752,-0.0,0.1,0.0
64.691,0.0,0.0,-0.054,1.921,-0.059,0.01,0.104,0.0,-0.058,0.009,0.092,-0.003,-2.745,-0.0,0.1,0.0
64.775,0.0,0.0,-0.055,1.914,-0.062,-0.006,-0.059,-3.248,-0.058,0.009,0.092,-0.002,-2.752,-0.0,0.1,0.0
64.872,0.0,0.0,-0.057,1.908,-0.06,0.007,0.071,2.601,-0.059,0.006,0.082,-0.009,-2.729,-0.0,0.1,0.0
64.898,0.0,0.0,-0.038,1.99,-0.06,0.007,0.071,0.0,-0.059,0.007,0.08,-0.007,-2.72,-0.0,0.1,0.0
64.923,0.0,0.0,-0.037,1.993,-0.06,0.007,0.071,0.0,-0.059,0.007,0.079,-0.006,-2.713,-0.0,0.1,0.0
65.03,0.0,0.0,-0.037,1.997,-0.057,0.007,0.075,0.073,-0.059,0.007,0.078,-0.005,-2.77,-0.0,0.1,0.0
65.118,0.0,0.0,-0.036,2.0,-0.062,0.015,0.146,1.426,-0.057,0.007,0.078,-0.003,-2.76,-0.0,0.1,0.0
65.14,0.0,0.0,-0.038,1.993,-0.062,0.015,0.146,0.0,-0.059,0.008,0.082,-0.0,-2.758,-0.0,0.1,0.0
65.225,0.0,0.0,-0.042,1.971,-0.057,0.003,0.033,-2.26,-0.06,0.009,0.086,0.002,-2.752,-0.0,0.1,0.0
65.3,0.0,0.0,-0.048,1.947,-0.059,0.007,0.067,0.679,-0.058,0.008,0.083,-0.0,-2.727,-0.0,0.1,0.0
65.328,0.0,0.0,-0.045,1.961,-0.059,0.007,0.067,0.0,-0.058,0.008,0.081,-0.001,-2.722,-0.0,0.1,0.0
65.423,0.0,0.0,-0.043,1.969,-0.058,0.011,0.111,0.882,-0.058,0.008,0.08,-0.002,-2.753,-0.0,0.1,0.0
65.512,0.0,0.0,-0.041,1.977,-0.061,0.013,0.128,0.342,-0.057,0.008,0.082,-0.0,-2.748,-0.0,0.1,0.0
65.535,0.0,0.0,-0.045,1.961,-0.061,0.013,0.128,0.0,-0.058,0.009,0.085,0.001,-2.748,-0.0,0.1,0.0
65.617,0.0,0.0,-0.048,1.946,-0.063,0.01,0.104,-0.496,-0.059,0.009,0.088,0.002,-2.744,-0.0,0.1,0.0
65.703,0.0,0.0,-0.052,1.93,-0.063,0.01,0.104,0.0,-0.06,0.009,0.089,0.001,-2.738,-0.0,0.1,0.0
65.724,0.0,0.0,-0.051,1.933,-0.063,0.01,0.104,0.0,-0.061,0.009,0.09,0.001,-2.732,-0.0,0.1,0.0
65.813,0.0,0.0,-0.051,1.932,-0.061,0.007,0.067,-0.731,-0.061,0.009,0.091,0.0,-2.714,-0.0,0.1,0.0
65.836,0.0,0.0,-0.052,1.929,-0.061,0.007,0.067,0.0,-0.06,0.009,0.089,-0.001,-2.726,-0.0,0.1,0.0
65.901,0.0,0.0,-0.05,1.936,-0.059,0.015,0.148,1.62,-0.06,0.008,0.087,-0.002,-2.757,-0.0,0.1,0.0
65.921,0.0,0.0,-0.048,1.945,-0.059,0.015,0.148,0.0,-0.059,0.009,0.091,0.001,-2.75,-0.0,0.1,0.0
66.005,0.0,0.0,-0.056,1.91,-0.058,0.016,0.156,0.163,-0.058,0.01,0.095,0.003,-2.758,-0.0,0.1,0.0
66.027,0.0,0.0,-0.062,1.881,-0.058,0.016,0.156,0.0,-0.057,0.011,0.1,0.005,-2.753,-0.0,0.1,0.0
66.122,0.0,0.0,-0.07,1.847,-0.057,0.008,0.077,-1.59,-0.057,0.011,0.104,0.006,-2.757,-0.0,0.1,0.0
66.196,0.0,0.0,-0.076,1.819,-0.059,0.008,0.075,-0.027,-0.056,0.011,0.102,0.003,-2.754,-0.0,0.1,0.0
66.221,0.0,0.0,-0.074,1.829,-0.059,0.008,0.075,0.0,-0.056,0.01,0.101,0.0,-2.749,-0.0,0.1,0.0
66.318,0.0,0.0,-0.07,1.846,-0.064,0.007,0.072,-0.072,-0.057,0.01,0.099,-0.001,-2.746,-0.0,0.1,0.0
66.345,0.0,0.0,-0.067,1.862,-0.064,0.007,0.072,0.0,-0.059,0.009,0.096,-0.003,-2.763,-0.0,0.1,0.0
66.383,0.0,0.0,-0.06,1.892,-0.061,0.01,0.1,0.557,-0.061,0.008,0.094,-0.005,-2.756,-0.0,0.1,0.0
66.463,0.0,0.0,-0.055,1.914,-0.061,0.01,0.1,0.0,-0.06,0.009,0.094,-0.003,-2.766,-0.0,0.1,0.0
66.486,0.0,0.0,-0.056,1.908,-0.061,0.01,0.1,0.0,-0.06,0.009,0.094,-0.002,-2.757,-0.0,0.1,0.0
66.574,0.0,0.0,-0.057,1.904,-0.059,0.01,0.101,0.019,-0.059,0.009,0.094,-0.002,-2.756,-0.0,0.1,0.0
66.647,0.0,0.0,-0.058,1.902,-0.059,0.01,0.101,0.0,-0.059,0.009,0.095,-0.001,-2.743,-0.0,0.1,0.0
66.687,0.0,0.0,-0.059,1.895,-0.06,0.008,0.078,-0.451,-0.058,0.009,0.095,-0.001,-2.756,-0.0,0.1,0.0
66.784,0.0,0.0,-0.06,1.891,-0.062,0.019,0.195,2.343,-0.058,0.009,0.094,-0.002,-2.794,-0.0,0.1,0.0
66.869,0.0,0.0,-0.058,1.901,-0.059,0.011,0.112,-1.67,-0.059,0.01,0.1,0.002,-2.794,-0.0,0.1,0.0
66.897,0.0,0.0,-0.067,1.86,-0.059,0.011,0.112,0.0,-0.058,0.01,0.101,0.002,-2.777,-0.0,0.1,0.0
66.921,0.0,0.0,-0.07,1.849,-0.059,0.011,0.112,0.0,-0.058,0.01,0.102,0.002,-2.774,-0.0,0.1,0.0
67.008,0.0,0.0,-0.071,1.841,-0.06,0.008,0.075,-0.725,-0.057,0.01,0.103,0.001,-2.766,-0.0,0.1,0.0
67.038,0.0,0.0,-0.072,1.836,-0.06,0.008,0.075,0.0,-0.058,0.01,0.101,-0.001,-2.76,-0.0,0.1,0.0
67.128,0.0,0.0,-0.068,1.854,-0.061,0.011,0.108,0.643,-0.058,0.009,0.099,-0.002,-2.752,-0.0,0.1,0.0
67.205,0.0,0.0,-0.065,1.87,-0.057,0.008,0.082,-0.506,-0.059,0.009,0.099,-0.002,-2.764,-0.0,0.1,0.0
67.23,0.0,0.0,-0.065,1.871,-0.057,0.008,0.082,0.0,-0.057,0.009,0.098,-0.002,-2.759,-0.0,0.1,0.0
67.306,0.0,0.0,-0.065,1.869,-0.06,0.006,0.062,-0.401,-0.056,0.009,0.097,-0.002,-2.791,-0.0,0.1,0.0
67.33,0.0,0.0,-0.064,1.872,-0.06,0.006,0.062,0.0,-0.057,0.009,0.094,-0.004,-2.791,-0.0,0.1,0.0
67.422,0.0,0.0,-0.059,1.898,-0.064,0.014,0.137,1.495,-0.058,0.008,0.091,-0.005,-2.779,-0.0,0.1,0.0
67.507,0.0,0.0,-0.054,1.918,-0.058,0.015,0.15,0.264,-0.06,0.009,0.094,-0.003,-2.776,-0.0,0.1,0.0
67.531,0.0,0.0,-0.056,1.91,-0.058,0.015,0.15,0.0,-0.058,0.01,0.097,0.001,-2.771,-0.0,0.1,0.0
67.627,0.0,0.0,-0.064,1.874,-0.061,-0.013,-0.126,-5.533,-0.058,0.011,0.101,0.003,-2.74,-0.0,0.1,0.0
67.707,0.0,0.0,-0.07,1.845,-0.058,0.011,0.111,4.755,-0.059,0.007,0.086,-0.008,-2.762,-0.0,0.1,0.0
67.73,0.0,0.0,-0.044,1.963,-0.058,0.011,0.111,0.0,-0.058,0.008,0.087,-0.005,-2.758,-0.0,0.1,0.0
67.806,0.0,0.0,-0.048,1.945,-0.057,0.012,0.119,0.154,-0.057,0.008,0.088,-0.003,-2.757,-0.0,0.1,0.0
67.828,0.0,0.0,-0.051,1.931,-0.057,0.012,0.119,0.0,-0.056,0.009,0.09,-0.001,-2.757,-0.0,0.1,0.0
67.913,0.0,0.0,-0.056,1.91,-0.061,0.01,0.099,-0.407,-0.056,0.009,0.092,0.001,-2.756,-0.0,0.1,0.0
67.943,0.0,0.0,-0.06,1.894,-0.061,0.01,0.099,0.0,-0.057,0.009,0.092,-0.0,-2.747,-0.0,0.1,0.0
67.971,0.0,0.0,-0.058,1.903,-0.062,0.011,0.109,0.208,-0.058,0.009,0.092,-0.001,-2.769,-0.0,0.1,0.0
68.051,0.0,0.0,-0.057,1.907,-0.062,0.011,0.109,0.0,-0.059,0.009,0.093,-0.001,-2.746,-0.0,0.1,0.0
68.083,0.0,0.0,-0.056,1.908,-0.059,0.007,0.071,-0.763,-0.06,0.009,0.094,-0.001,-2.729,-0.0,0.1,0.0
68.171,0.0,0.0,-0.057,1.906,-0.062,0.011,0.108,0.734,-0.059,0.009,0.092,-0.001,-2.763,-0.0,0.1,0.0
68.192,0.0,0.0,-0.056,1.909,-0.062,0.011,0.108,0.0,-0.06,0.009,0.093,-0.001,-2.779,-0.0,0.1,0.0
68.212,0.0,0.0,-0.056,1.908,-0.062,0.011,0.108,0.0,-0.06,0.009,0.094,-0.001,-2.772,-0.0,0.1,0.0
68.309,0.0,0.0,-0.057,1.905,-0.06,0.014,0.14,0.645,-0.06,0.009,0.095,-0.0,-2.773,-0.0,0.1,0.0
68.329,0.0,0.0,-0.058,1.901,-0.06,0.014,0.14,0.0,-0.059,0.01,0.098,0.001,-2.773,-0.0,0.1,0.0
68.426,0.0,0.0,-0.064,1.876,-0.061,0.015,0.146,0.12,-0.059,0.011,0.1,0.003,-2.771,-0.0,0.1,0.0
68.509,0.0,0.0,-0.068,1.855,-0.058,0.01,0.104,-0.83,-0.059,0.011,0.104,0.003,-2.765,-0.0,0.1,0.0
68.531,0.0,0.0,-0.073,1.835,-0.058,0.01,0.104,0.0,-0.058,0.011,0.104,0.002,-2.769,-0.0,0.1,0.0
68.627,0.0,0.0,-0.074,1.829,-0.062,0.011,0.112,0.156,-0.057,0.011,0.104,0.002,-2.768,-0.0,0.1,0.0
68.701,0.0,0.0,-0.075,1.826,-0.06,0.009,0.089,-0.469,-0.059,0.01,0.104,0.0,-2.782,-0.0,0.1,0.0
68.718,0.0,0.0,-0.073,1.834,-0.06,0.009,0.089,0.0,-0.058,0.01,0.103,-0.001,-2.782,-0.0,0.1,0.0
68.807,0.0,0.0,-0.071,1.842,-0.059,0.012,0.123,0.686,-0.058,0.01,0.102,-0.002,-2.774,-0.0,0.1,0.0
68.832,0.0,0.0,-0.07,1.849,-0.059,0.012,0.123,0.0,-0.058,0.01,0.103,-0.0,-2.788,-0.0,0.1,0.0
68.928,0.0,0.0,-0.072,1.836,-0.06,0.012,0.121,-0.036,-0.057,0.01,0.105,0.0,-2.771,-0.0,0.1,0.0
69.004,0.0,0.0,-0.075,1.826,-0.059,0.007,0.075,-0.926,-0.058,0.011,0.106,0.0,-2.764,-0.0,0.1,0.0
69.02,0.0,0.0,-0.076,1.822,-0.059,0.007,0.075,0.0,-0.057,0.01,0.103,-0.001,-2.764,-0.0,0.1,0.0
69.111,0.0,0.0,-0.072,1.836,-0.059,0.01,0.096,0.422,-0.057,0.01,0.101,-0.003,-2.798,-0.0,0.1,0.0
69.132,0.0,0.0,-0.069,1.851,-0.059,0.01,0.096,0.0,-0.057,0.01,0.101,-0.002,-2.805,-0.0,0.1,0.0
69.223,0.0,0.0,-0.068,1.854,-0.058,0.009,0.087,-0.181,-0.057,0.01,0.1,-0.002,-2.798,-0.0,0.1,0.0
69.261,0.0,0.0,-0.068,1.858,-0.058,0.009,0.087,0.0,-0.057,0.009,0.099,-0.003,-2.809,-0.0,0.1,0.0
69.289,0.0,0.0,-0.066,1.864,-0.057,0.006,0.062,-0.503,-0.057,0.009,0.098,-0.003,-2.791,-0.0,0.1,0.0
69.395,0.0,0.0,-0.065,1.871,-0.06,0.01,0.1,0.755,-0.056,0.009,0.095,-0.004,-2.776,-0.0,0.1,0.0
69.416,0.0,0.0,-0.062,1.884,-0.06,0.01,0.1,0.0,-0.057,0.009,0.095,-0.003,-2.771,-0.0,0.1,0.0
69.489,0.0,0.0,-0.06,1.89,-0.063,0.0,-0.0,-1.992,-0.058,0.009,0.095,-0.003,-2.761,-0.0,0.1,0.0
69.57,0.0,0.0,-0.06,1.893,-0.063,0.011,0.114,2.284,-0.06,0.007,0.088,-0.007,-2.787,-0.0,0.1,0.0
69.596,0.0,0.0,-0.047,1.951,-0.063,0.011,0.114,0.0,-0.061,0.008,0.089,-0.005,-2.779,-0.0,0.1,0.0
69.624,0.0,0.0,-0.048,1.946,-0.063,0.011,0.114,0.0,-0.061,0.008,0.09,-0.003,-2.785,-0.0,0.1,0.0
69.713,0.0,0.0,-0.05,1.938,-0.06,0.013,0.134,0.396,-0.061,0.009,0.091,-0.002,-2.78,-0.0,0.1,0.0
69.739,0.0,0.0,-0.052,1.929,-0.06,0.013,0.134,0.0,-0.06,0.01,0.094,0.001,-2.799,-0.0,0.1,0.0
69.831,0.0,0.0,-0.058,1.902,-0.063,0.009,0.092,-0.841,-0.059,0.01,0.097,0.002,-2.766,-0.0,0.1,0.0
69.916,0.0,0.0,-0.063,1.88,-0.06,0.011,0.112,0.406,-0.06,0.01,0.096,0.001,-2.741,-0.0,0.1,0.0
70.006,0.0,0.0,-0.06,1.89,-0.061,0.005,0.046,-1.332,-0.06,0.01,0.097,0.001,-2.76,-0.0,0.1,0.0
70.029,0.0,0.0,-0.063,1.879,-0.061,0.005,0.046,0.0,-0.06,0.009,0.094,-0.002,-2.76,-0.0,0.1,0.0
70.126,0.0,0.0,-0.057,1.905,-0.057,0.01,0.104,1.17,-0.06,0.008,0.091,-0.004,-2.769,-0.0,0.1,0.0
70.221,0.0,0.0,-0.052,1.929,-0.06,0.008,0.078,-0.526,-0.058,0.009,0.091,-0.002,-2.732,-0.0,0.1,0.0
70.24,0.0,0.0,-0.055,1.912,-0.06,0.008,0.078,0.0,-0.058,0.009,0.09,-0.002,-2.753,-0.0,0.1,0.0
70.308,0.0,0.0,-0.054,1.921,-0.057,0.005,0.049,-0.572,-0.058,0.008,0.089,-0.003,-2.734,-0.0,0.1,0.0
70.326,0.0,0.0,-0.052,1.929,-0.057,0.005,0.049,0.0,-0.057,0.008,0.086,-0.003,-2.738,-0.0,0.1,0.0
70.394,0.0,0.0,-0.049,1.942,-0.059,0.01,0.096,0.935,-0.056,0.008,0.083,-0.004,-2.713,-0.0,0.1,0.0
70.493,0.0,0.0,-0.046,1.956,-0.062,0.005,0.05,-0.913,-0.057,0.008,0.084,-0.003,-2.76,-0.0,0.1,0.0
70.573,0.0,0.0,-0.046,1.953,-0.061,0.008,0.079,0.572,-0.059,0.007,0.081,-0.004,-2.766,-0.0,0.1,0.0
70.663,0.0,0.0,-0.04,1.983,-0.06,0.006,0.056,-0.455,-0.059,0.007,0.08,-0.004,-2.762,-0.0,0.1,0.0
70.688,0.0,0.0,-0.039,1.988,-0.06,0.006,0.056,0.0,-0.059,0.007,0.078,-0.004,-2.748,-0.0,0.1,0.0
70.777,0.0,0.0,-0.036,1.998,-0.057,0.009,0.088,0.632,-0.059,0.007,0.077,-0.004,-2.745,-0.0,0.1,0.0
70.854,0.0,0.0,-0.034,2.0,-0.057,0.009,0.088,0.0,-0.058,0.007,0.077,-0.002,-2.757,-0.0,0.1,0.0
70.878,0.0,0.0,-0.037,1.996,-0.059,0.007,0.068,-0.393,-0.057,0.008,0.078,-0.001,-2.749,-0.0,0.1,0.0
70.948,0.0,0.0,-0.039,1.988,-0.059,0.007,0.068,0.0,-0.057,0.007,0.077,-0.002,-2.76,-0.0,0.1,0.0
70.981,0.0,0.0,-0.037,1.995,-0.063,0.014,0.137,1.383,-0.057,0.007,0.076,-0.002,-2.748,-0.0,0.1,0.0
71.069,0.0,0.0,-0.036,2.0,-0.064,0.007,0.067,-1.417,-0.059,0.008,0.08,0.0,-2.75,-0.0,0.1,0.0
71.098,0.0,0.0,-0.039,1.986,-0.064,0.007,0.067,0.0,-0.061,0.007,0.078,-0.001,-2.75,-0.0,0.1,0.0
71.123,0.0,0.0,-0.035,2.0,-0.064,0.007,0.067,0.0,-0.062,0.007,0.077,-0.002,-2.745,-0.0,0.1,0.0
71.2,0.0,0.0,-0.032,2.0,-0.058,0.012,0.116,0.985,-0.062,0.007,0.076,-0.003,-2.726,-0.0,0.1,0.0
71.223,0.0,0.0,-0.03,2.0,-0.058,0.012,0.116,0.0,-0.06,0.008,0.079,0.0,-2.728,-0.0,0.1,0.0
71.295,0.0,0.0,-0.038,1.99,-0.059,0.013,0.133,0.344,-0.058,0.009,0.081,0.002,-2.715,-0.0,0.1,0.0
71.319,0.0,0.0,-0.044,1.964,-0.059,0.013,0.133,0.0,-0.058,0.009,0.085,0.003,-2.728,-0.0,0.1,0.0
71.405,0.0,0.0,-0.049,1.94,-0.058,0.01,0.096,-0.747,-0.058,0.01,0.088,0.004,-2.749,-0.0,0.1,0.0
71.43,0.0,0.0,-0.054,1.918,-0.058,0.01,0.096,0.0,-0.057,0.009,0.089,0.003,-2.781,-0.0,0.1,0.0
71.516,0.0,0.0,-0.055,1.913,-0.056,0.006,0.061,-0.7,-0.057,0.009,0.09,0.002,-2.763,-0.0,0.1,0.0
71.536,0.0,0.0,-0.056,1.91,-0.056,0.006,0.061,0.0,-0.056,0.009,0.088,0.001,-2.763,-0.0,0.1,0.0
71.634,0.0,0.0,-0.054,1.917,-0.061,0.009,0.094,0.659,-0.055,0.008,0.086,-0.001,-2.737,-0.0,0.1,0.0
71.72,0.0,0.0,-0.052,1.927,-0.059,0.009,0.092,-0.04,-0.057,0.008,0.086,-0.001,-2.738,-0.0,0.1,0.0
71.808,0.0,0.0,-0.05,1.937,-0.055,0.008,0.077,-0.29,-0.057,0.008,0.086,-0.001,-2.737,-0.0,0.1,0.0
71.831,0.0,0.0,-0.05,1.938,-0.055,0.008,0.077,0.0,-0.055,0.008,0.086,-0.001,-2.754,-0.0,0.1,0.0
71.924,0.0,0.0,-0.051,1.931,-0.057,0.007,0.074,-0.054,-0.054,0.008,0.085,-0.001,-2.743,-0.0,0.1,0.0
72.014,0.0,0.0,-0.052,1.93,-0.061,0.011,0.108,0.667,-0.055,0.008,0.084,-0.002,-2.738,-0.0,0.1,0.0
72.035,0.0,0.0,-0.049,1.94,-0.061,0.011,0.108,0.0,-0.057,0.008,0.085,-0.001,-2.753,-0.0,0.1,0.0
72.136,0.0,0.0,-0.048,1.944,-0.06,0.005,0.05,-1.153,-0.058,0.008,0.086,-0.001,-2.732,-0.0,0.1,0.0
72.221,0.0,0.0,-0.049,1.942,-0.061,0.014,0.14,1.798,-0.059,0.008,0.084,-0.003,-2.736,-0.0,0.1,0.0
72.244,0.0,0.0,-0.044,1.963,-0.061,0.014,0.14,0.0,-0.059,0.009,0.087,-0.0,-2.756,-0.0,0.1,0.0
72.275,0.0,0.0,-0.049,1.94,-0.061,0.0,-0.0,-2.798,-0.059,0.009,0.091,0.002,-2.738,-0.0,0.1,0.0
72.365,0.0,0.0,-0.054,1.917,-0.061,0.007,0.075,1.493,-0.06,0.008,0.085,-0.003,-2.742,-0.0,0.1,0.0
72.396,0.0,0.0,-0.044,1.964,-0.061,0.007,0.075,0.0,-0.06,0.008,0.083,-0.003,-2.732,-0.0,0.1,0.0
72.423,0.0,0.0,-0.042,1.971,-0.061,0.007,0.075,0.0,-0.06,0.008,0.083,-0.003,-2.752,-0.0,0.1,0.0
72.519,0.0,0.0,-0.041,1.977,-0.061,0.016,0.162,1.748,-0.06,0.008,0.082,-0.003,-2.741,-0.0,0.1,0.0
72.604,0.0,0.0,-0.04,1.981,-0.062,0.011,0.108,-1.087,-0.06,0.009,0.087,0.001,-2.732,-0.0,0.1,0.0
72.634,0.0,0.0,-0.049,1.943,-0.062,0.011,0.108,0.0,-0.06,0.009,0.088,0.001,-2.727,-0.0,0.1,0.0
72.722,0.0,0.0,-0.05,1.937,-0.06,0.004,0.038,-1.399,-0.06,0.009,0.089,0.001,-2.739,-0.0,0.1,0.0
72.8,0.0,0.0,-0.052,1.93,-0.056,0.005,0.046,0.156,-0.059,0.008,0.086,-0.001,-2.737,-0.0,0.1,0.0
72.824,0.0,0.0,-0.047,1.95,-0.056,0.005,0.046,0.0,-0.057,0.008,0.083,-0.002,-2.758,-0.0,0.1,0.0
72.917,0.0,0.0,-0.046,1.956,-0.064,0.01,0.099,1.073,-0.056,0.008,0.081,-0.003,-2.756,-0.0,0.1,0.0
72.941,0.0,0.0,-0.043,1.967,-0.064,0.01,0.099,0.0,-0.059,0.007,0.081,-0.003,-2.756,-0.0,0.1,0.0
72.976,0.0,0.0,-0.04,1.982,-0.057,0.004,0.041,-1.167,-0.061,0.008,0.082,-0.002,-2.731,-0.0,0.1,0.0
73.078,0.0,0.0,-0.039,1.986,-0.058,0.011,0.107,1.314,-0.059,0.007,0.079,-0.003,-2.703,-0.0,0.1,0.0
73.103,0.0,0.0,-0.038,1.991,-0.058,0.011,0.107,0.0,-0.058,0.008,0.081,-0.001,-2.703,-0.0,0.1,0.0
73.127,0.0,0.0,-0.042,1.972,-0.058,0.011,0.107,0.0,-0.057,0.008,0.082,0.0,-2.734,-0.0,0.1,0.0
73.236,0.0,0.0,-0.046,1.956,-0.061,0.011,0.112,0.11,-0.057,0.009,0.084,0.001,-2.734,-0.0,0.1,0.0
73.324,0.0,0.0,-0.049,1.944,-0.057,0.011,0.108,-0.083,-0.058,0.009,0.086,0.001,-2.749,-0.0,0.1,0.0
73.423,0.0,0.0,-0.049,1.939,-0.063,0.01,0.104,-0.086,-0.057,0.009,0.087,0.002,-2.735,-0.0,0.1,0.0
73.441,0.0,0.0,-0.053,1.924,-0.063,0.01,0.104,0.0,-0.059,0.009,0.088,0.001,-2.735,-0.0,0.1,0.0
73.521,0.0,0.0,-0.051,1.931,-0.061,0.007,0.071,-0.646,-0.06,0.009,0.089,0.0,-2.721,-0.0,0.1,0.0
73.599,0.0,0.0,-0.051,1.932,-0.059,0.011,0.108,0.73,-0.06,0.009,0.088,-0.001,-2.712,-0.0,0.1,0.0
73.621,0.0,0.0,-0.049,1.94,-0.059,0.011,0.108,0.0,-0.059,0.009,0.089,0.0,-2.712,-0.0,0.1,0.0
73.707,0.0,0.0,-0.053,1.924,-0.061,0.009,0.085,-0.452,-0.058,0.009,0.09,0.001,-2.734,-0.0,0.1,0.0
73.728,0.0,0.0,-0.056,1.912,-0.061,0.009,0.085,0.0,-0.058,0.009,0.09,-0.0,-2.751,-0.0,0.1,0.0
73.823,0.0,0.0,-0.054,1.92,-0.06,0.01,0.104,0.368,-0.059,0.009,0.09,-0.001,-2.758,-0.0,0.1,0.0
73.939,0.0,0.0,-0.053,1.925,-0.058,0.014,0.138,0.686,-0.059,0.009,0.09,-0.0,-2.739,-0.0,0.1,0.0
73.967,0.0,0.0,-0.054,1.919,-0.062,0.007,0.075,-1.26,-0.057,0.01,0.093,0.002,-2.732,-0.0,0.1,0.0
73.987,0.0,0.0,-0.061,1.89,-0.062,0.007,0.075,0.0,-0.059,0.009,0.092,-0.0,-2.732,-0.0,0.1,0.0
74.083,0.0,0.0,-0.056,1.908,-0.058,0.011,0.107,0.647,-0.059,0.009,0.091,-0.002,-2.746,-0.0,0.1,0.0
74.164,0.0,0.0,-0.053,1.923,-0.062,0.011,0.109,0.035,-0.058,0.009,0.092,-0.0,-2.739,-0.0,0.1,0.0
74.184,0.0,0.0,-0.057,1.906,-0.062,0.011,0.109,0.0,-0.059,0.009,0.093,-0.0,-2.739,-0.0,0.1,0.0
74.271,0.0,0.0,-0.056,1.908,-0.058,0.012,0.12,0.214,-0.06,0.009,0.094,-0.0,-2.738,-0.0,0.1,0.0
74.304,0.0,0.0,-0.057,1.906,-0.058,0.012,0.12,0.0,-0.059,0.01,0.095,0.001,-2.745,-0.0,0.1,0.0
74.329,0.0,0.0,-0.061,1.886,-0.058,0.012,0.12,0.0,-0.058,0.01,0.097,0.002,-2.755,-0.0,0.1,0.0
74.427,0.0,0.0,-0.065,1.871,-0.058,0.007,0.068,-1.027,-0.057,0.01,0.099,0.002,-2.736,-0.0,0.1,0.0
74.507,0.0,0.0,-0.067,1.859,-0.059,0.01,0.095,0.539,-0.057,0.01,0.097,-0.0,-2.737,-0.0,0.1,0.0
74.532,0.0,0.0,-0.064,1.873,-0.059,0.01,0.095,0.0,-0.057,0.009,0.096,-0.001,-2.756,-0.0,0.1,0.0
74.625,0.0,0.0,-0.063,1.877,-0.058,0.006,0.059,-0.736,-0.058,0.009,0.096,-0.001,-2.777,-0.0,0.1,0.0
74.711,0.0,0.0,-0.063,1.881,-0.058,0.005,0.046,-0.261,-0.057,0.009,0.094,-0.003,-2.779,-0.0,0.1,0.0
74.74,0.0,0.0,-0.059,1.898,-0.058,0.005,0.046,0.0,-0.057,0.008,0.09,-0.004,-2.772,-0.0,0.1,0.0
74.83,0.0,0.0,-0.053,1.921,-0.063,0.01,0.104,1.162,-0.057,0.008,0.087,-0.005,-2.739,-0.0,0.1,0.0
74.93,0.0,0.0,-0.049,1.944,-0.06,0.011,0.108,0.083,-0.059,0.008,0.087,-0.004,-2.759,-0.0,0.1,0.0
74.962,0.0,0.0,-0.047,1.949,-0.062,0.008,0.084,-0.486,-0.059,0.008,0.088,-0.003,-2.743,-0.0,0.1,0.0
74.984,0.0,0.0,-0.049,1.939,-0.062,0.008,0.084,0.0,-0.06,0.008,0.087,-0.003,-2.747,-0.0,0.1,0.0
75.066,0.0,0.0,-0.048,1.948,-0.06,0.011,0.109,0.511,-0.06,0.008,0.087,-0.003,-2.74,-0.0,0.1,0.0
75.096,0.0,0.0,-0.046,1.953,-0.06,0.011,0.109,0.0,-0.06,0.009,0.088,-0.001,-2.745,-0.0,0.1,0.0
75.13,0.0,0.0,-0.05,1.939,-0.06,0.011,0.109,0.0,-0.059,0.009,0.089,-0.0,-2.754,-0.0,0.1,0.0
75.219,0.0,0.0,-0.052,1.927,-0.059,0.013,0.126,0.348,-0.059,0.009,0.09,0.001,-2.75,-0.0,0.1,0.0
75.293,0.0,0.0,-0.054,1.918,-0.061,0.01,0.096,-0.601,-0.058,0.01,0.093,0.002,-2.729,-0.0,0.1,0.0
75.317,0.0,0.0,-0.059,1.898,-0.061,0.01,0.096,0.0,-0.059,0.009,0.093,0.001,-2.732,-0.0,0.1,0.0
75.411,0.0,0.0,-0.058,1.902,-0.059,0.012,0.116,0.4,-0.059,0.009,0.093,0.0,-2.731,-0.0,0.1,0.0
75.433,0.0,0.0,-0.057,1.905,-0.059,0.012,0.116,0.0,-0.059,0.01,0.095,0.001,-2.752,-0.0,0.1,0.0
75.532,0.0,0.0,-0.06,1.89,-0.058,0.01,0.099,-0.341,-0.058,0.01,0.096,0.001,-2.785,-0.0,0.1,0.0
75.63,0.0,0.0,-0.063,1.878,-0.062,0.009,0.087,-0.243,-0.057,0.01,0.096,0.001,-2.786,-0.0,0.1,0.0
75.71,0.0,0.0,-0.064,1.873,-0.06,0.015,0.152,1.303,-0.059,0.009,0.096,-0.001,-2.786,-0.0,0.1,0.0
75.735,0.0,0.0,-0.061,1.888,-0.06,0.015,0.152,0.0,-0.058,0.01,0.099,0.002,-2.776,-0.0,0.1,0.0
75.826,0.0,0.0,-0.067,1.86,-0.06,0.01,0.104,-0.959,-0.058,0.011,0.103,0.003,-2.8,-0.0,0.1,0.0
75.92,0.0,0.0,-0.073,1.835,-0.059,-0.003,-0.027,-2.628,-0.058,0.011,0.103,0.002,-2.805,-0.0,0.1,0.0
76.011,0.0,0.0,-0.072,1.837,-0.06,0.006,0.065,1.836,-0.058,0.009,0.095,-0.004,-2.802,-0.0,0.1,0.0
76.032,0.0,0.0,-0.059,1.898,-0.06,0.006,0.065,0.0,-0.058,0.008,0.092,-0.005,-2.791,-0.0,0.1,0.0
76.137,0.0,0.0,-0.054,1.917,-0.059,0.015,0.152,1.752,-0.059,0.008,0.09,-0.005,-2.797,-0.0,0.1,0.0
76.227,0.0,0.0,-0.051,1.933,-0.059,0.013,0.131,-0.437,-0.058,0.009,0.093,-0.001,-2.769,-0.0,0.1,0.0
76.306,0.0,0.0,-0.058,1.901,-0.06,0.015,0.148,0.357,-0.058,0.01,0.096,0.0,-2.786,-0.0,0.1,0.0
76.326,0.0,0.0,-0.062,1.883,-0.06,0.015,0.148,0.0,-0.058,0.01,0.099,0.002,-2.786,-0.0,0.1,0.0
76.411,0.0,0.0,-0.067,1.86,-0.059,0.008,0.083,-1.304,-0.058,0.011,0.102,0.003,-2.815,-0.0,0.1,0.0
76.434,0.0,0.0,-0.072,1.838,-0.059,0.008,0.083,0.0,-0.058,0.01,0.101,0.001,-2.807,-0.0,0.1,0.0
76.531,0.0,0.0,-0.07,1.848,-0.059,0.009,0.087,0.083,-0.058,0.01,0.1,-0.0,-2.796,-0.0,0.1,0.0
76.61,0.0,0.0,-0.068,1.858,-0.058,0.011,0.112,0.49,-0.058,0.01,0.099,-0.001,-2.77,-0.0,0.1,0.0
76.633,0.0,0.0,-0.066,1.865,-0.058,0.011,0.112,0.0,-0.057,0.01,0.1,-0.001,-2.761,-0.0,0.1,0.0
76.719,0.0,0.0,-0.068,1.855,-0.06,0.006,0.057,-1.085,-0.057,0.01,0.1,-0.0,-2.778,-0.0,0.1,0.0
76.819,0.0,0.0,-0.07,1.848,-0.055,0.012,0.116,1.175,-0.058,0.009,0.097,-0.003,-2.78,-0.0,0.1,0.0
76.842,0.0,0.0,-0.063,1.877,-0.055,0.012,0.116,0.0,-0.056,0.01,0.098,-0.001,-2.771,-0.0,0.1,0.0
76.87,0.0,0.0,-0.068,1.857,-0.055,0.012,0.116,0.0,-0.055,0.01,0.1,0.0,-2.762,-0.0,0.1,0.0
76.982,0.0,0.0,-0.071,1.844,-0.058,0.01,0.104,-0.249,-0.054,0.01,0.101,0.001,-2.734,-0.0,0.1,0.0
77.018,0.0,0.0,-0.073,1.834,-0.058,0.01,0.104,0.0,-0.055,0.01,0.101,-0.0,-2.745,-0.0,0.1,0.0
77.041,0.0,0.0,-0.071,1.841,-0.058,0.01,0.104,0.0,-0.056,0.01,0.101,-0.001,-2.735,-0.0,0.1,0.0
77.117,0.0,0.0,-0.071,1.844,-0.057,0.009,0.094,-0.202,-0.056,0.01,0.101,-0.001,-2.719,-0.0,0.1,0.0
77.199,0.0,0.0,-0.07,1.846,-0.063,0.007,0.067,-0.543,-0.056,0.01,0.1,-0.001,-2.722,-0.0,0.1,0.0
77.226,0.0,0.0,-0.07,1.847,-0.063,0.007,0.067,0.0,-0.058,0.009,0.097,-0.004,-2.742,-0.0,0.1,0.0
77.315,0.0,0.0,-0.062,1.882,-0.062,0.016,0.163,1.924,-0.06,0.008,0.095,-0.005,-2.738,-0.0,0.1,0.0
77.337,0.0,0.0,-0.057,1.907,-0.062,0.016,0.163,0.0,-0.06,0.01,0.099,-0.001,-2.727,-0.0,0.1,0.0
77.424,0.0,0.0,-0.063,1.877,-0.061,0.007,0.067,-1.912,-0.06,0.011,0.103,0.001,-2.721,-0.0,0.1,0.0
77.452,0.0,0.0,-0.07,1.848,-0.061,0.007,0.067,0.0,-0.059,0.01,0.1,-0.001,-2.706,-0.0,0.1,0.0
77.479,0.0,0.0,-0.066,1.864,-0.059,0.011,0.111,0.871,-0.059,0.009,0.098,-0.002,-2.699,-0.0,0.1,0.0
77.561,0.0,0.0,-0.063,1.88,-0.059,0.011,0.111,0.0,-0.058,0.01,0.099,-0.001,-2.697,-0.0,0.1,0.0
77.598,0.0,0.0,-0.065,1.869,-0.065,0.013,0.133,0.45,-0.058,0.01,0.099,-0.001,-2.705,-0.0,0.1,0.0
77.63,0.0,0.0,-0.067,1.862,-0.065,0.013,0.133,0.0,-0.06,0.01,0.101,-0.0,-2.689,-0.0,0.1,0.0
77.733,0.0,0.0,-0.067,1.863,-0.062,0.004,0.042,-1.825,-0.061,0.01,0.103,0.0,-2.721,-0.0,0.1,0.0
77.824,0.0,0.0,-0.068,1.857,-0.057,0.016,0.159,2.341,-0.061,0.009,0.099,-0.003,-2.73,-0.0,0.1,0.0
77.919,0.0,0.0,-0.062,1.883,-0.062,0.012,0.121,-0.755,-0.058,0.011,0.103,0.001,-2.723,-0.0,0.1,0.0
77.942,0.0,0.0,-0.072,1.839,-0.062,0.012,0.121,0.0,-0.059,0.011,0.104,0.001,-2.717,-0.0,0.1,0.0
77.971,0.0,0.0,-0.072,1.837,-0.056,0.004,0.042,-1.594,-0.059,0.011,0.105,0.001,-2.702,-0.0,0.1,0.0
78.049,0.0,0.0,-0.073,1.834,-0.056,0.004,0.042,0.0,-0.057,0.01,0.101,-0.002,-2.708,-0.0,0.1,0.0
78.085,0.0,0.0,-0.069,1.85,-0.057,0.009,0.091,0.996,-0.056,0.009,0.097,-0.004,-2.711,-0.0,0.1,0.0
78.186,0.0,0.0,-0.064,1.872,-0.057,0.005,0.046,-0.917,-0.056,0.009,0.096,-0.003,-2.705,-0.0,0.1,0.0
78.271,0.0,0.0,-0.064,1.876,-0.058,0.017,0.169,2.459,-0.056,0.008,0.093,-0.005,-2.717,-0.0,0.1,0.0
78.365,0.0,0.0,-0.058,1.899,-0.06,0.012,0.116,-1.055,-0.056,0.01,0.097,-0.001,-2.712,-0.0,0.1,0.0
78.386,0.0,0.0,-0.066,1.867,-0.06,0.012,0.116,0.0,-0.057,0.01,0.098,-0.001,-2.728,-0.0,0.1,0.0
78.476,0.0,0.0,-0.066,1.866,-0.058,0.013,0.128,0.235,-0.058,0.01,0.099,-0.0,-2.709,-0.0,0.1,0.0
78.561,0.0,0.0,-0.067,1.862,-0.062,0.004,0.037,-1.818,-0.057,0.01,0.101,0.001,-2.709,-0.0,0.1,0.0
78.585,0.0,0.0,-0.07,1.846,-0.062,0.004,0.037,0.0,-0.058,0.009,0.096,-0.003,-2.72,-0.0,0.1,0.0
78.674,0.0,0.0,-0.061,1.888,-0.06,0.005,0.053,0.329,-0.059,0.008,0.092,-0.005,-2.756,-0.0,0.1,0.0
78.696,0.0,0.0,-0.053,1.923,-0.06,0.005,0.053,0.0,-0.059,0.008,0.089,-0.006,-2.778,-0.0,0.1,0.0
78.724,0.0,0.0,-0.049,1.94,-0.06,0.005,0.053,0.0,-0.059,0.007,0.086,-0.006,-2.766,-0.0,0.1,0.0
78.821,0.0,0.0,-0.046,1.956,-0.059,0.013,0.128,1.501,-0.058,0.007,0.083,-0.006,-2.767,-0.0,0.1,0.0
78.921,0.0,0.0,-0.042,1.971,-0.062,0.014,0.14,0.247,-0.058,0.008,0.086,-0.003,-2.758,-0.0,0.1,0.0
78.939,0.0,0.0,-0.047,1.949,-0.062,0.014,0.14,0.0,-0.059,0.009,0.089,-0.0,-2.751,-0.0,0.1,0.0
79.043,0.0,0.0,-0.051,1.932,-0.063,0.007,0.075,-1.311,-0.06,0.009,0.092,0.001,-2.736,-0.0,0.1,0.0
79.141,0.0,0.0,-0.056,1.912,-0.062,0.009,0.091,0.329,-0.06,0.009,0.091,-0.0,-2.749,-0.0,0.1,0.0
79.224,0.0,0.0,-0.053,1.925,-0.056,0.005,0.05,-0.835,-0.061,0.009,0.091,-0.001,-2.761,-0.0,0.1,0.0
79.307,0.0,0.0,-0.052,1.927,-0.06,0.01,0.104,1.085,-0.058,0.009,0.088,-0.002,-2.774,-0.0,0.1,0.0
79.329,0.0,0.0,-0.052,1.929,-0.06,0.01,0.104,0.0,-0.058,0.009,0.089,-0.001,-2.765,-0.0,0.1,0.0
79.42,0.0,0.0,-0.052,1.926,-0.063,0.009,0.095,-0.176,-0.059,0.009,0.09,-0.001,-2.754,-0.0,0.1,0.0
79.523,0.0,0.0,-0.053,1.922,-0.06,0.007,0.075,-0.409,-0.06,0.009,0.09,-0.001,-2.777,-0.0,0.1,0.0
79.542,0.0,0.0,-0.052,1.93,-0.06,0.007,0.075,0.0,-0.059,0.009,0.089,-0.002,-2.777,-0.0,0.1,0.0
79.582,0.0,0.0,-0.051,1.934,-0.065,0.011,0.108,0.675,-0.059,0.008,0.088,-0.002,-2.784,-0.0,0.1,0.0
79.68,0.0,0.0,-0.049,1.94,-0.061,0.009,0.088,-0.403,-0.061,0.008,0.088,-0.002,-2.756,-0.0,0.1,0.0
79.771,0.0,0.0,-0.048,1.945,-0.059,0.011,0.108,0.403,-0.06,0.009,0.088,-0.001,-2.746,-0.0,0.1,0.0
79.862,0.0,0.0,-0.049,1.941,-0.06,0.008,0.078,-0.597,-0.059,0.009,0.09,-0.0,-2.746,-0.0,0.1,0.0
79.88,0.0,0.0,-0.053,1.924,-0.06,0.008,0.078,0.0,-0.059,0.009,0.089,-0.001,-2.748,-0.0,0.1,0.0
79.947,0.0,0.0,-0.052,1.928,-0.06,0.008,0.078,0.0,-0.058,0.009,0.088,-0.001,-2.724,-0.0,0.1,0.0
79.967,0.0,0.0,-0.051,1.933,-0.059,0.004,0.04,-0.772,-0.058,0.008,0.087,-0.002,-2.728,-0.0,0.1,0.0
80.043,0.0,0.0,-0.05,1.938,-0.059,0.004,0.04,0.0,-0.058,0.008,0.084,-0.003,-2.75,-0.0,0.1,0.0
80.137,0.0,0.0,-0.045,1.96,-0.058,0.011,0.108,1.357,-0.058,0.007,0.081,-0.004,-2.752,-0.0,0.1,0.0
80.209,0.0,0.0,-0.04,1.98,-0.056,0.008,0.079,-0.579,-0.057,0.008,0.082,-0.002,-2.757,-0.0,0.1,0.0
80.229,0.0,0.0,-0.044,1.965,-0.056,0.008,0.079,0.0,-0.056,0.008,0.082,-0.002,-2.747,-0.0,0.1,0.0
80.325,0.0,0.0,-0.045,1.961,-0.061,0.011,0.108,0.579,-0.056,0.008,0.081,-0.001,-2.735,-0.0,0.1,0.0
80.35,0.0,0.0,-0.045,1.961,-0.061,0.011,0.108,0.0,-0.058,0.008,0.083,-0.001,-2.735,-0.0,0.1,0.0
80.388,0.0,0.0,-0.044,1.962,-0.06,0.004,0.037,-1.414,-0.059,0.008,0.084,-0.0,-2.739,-0.0,0.1,0.0
80.421,0.0,0.0,-0.045,1.958,-0.06,0.004,0.037,0.0,-0.059,0.008,0.081,-0.003,-2.742,-0.0,0.1,0.0
80.52,0.0,0.0,-0.04,1.98,-0.061,0.008,0.075,0.762,-0.058,0.007,0.078,-0.004,-2.743,-0.0,0.1,0.0
80.626,0.0,0.0,-0.036,2.0,-0.061,0.004,0.042,-0.671,-0.059,0.007,0.077,-0.003,-2.747,-0.0,0.1,0.0
80.707,0.0,0.0,-0.034,2.0,-0.06,0.012,0.12,1.562,-0.059,0.007,0.074,-0.004,-2.753,-0.0,0.1,0.0
80.728,0.0,0.0,-0.03,2.0,-0.06,0.012,0.12,0.0,-0.059,0.007,0.077,-0.002,-2.744,-0.0,0.1,0.0
80.806,0.0,0.0,-0.035,2.0,-0.058,0.01,0.099,-0.407,-0.059,0.008,0.079,0.0,-2.732,-0.0,0.1,0.0
80.831,0.0,0.0,-0.04,1.984,-0.058,0.01,0.099,0.0,-0.058,0.008,0.081,0.001,-2.726,-0.0,0.1,0.0
80.924,0.0,0.0,-0.043,1.968,-0.062,0.01,0.104,0.088,-0.057,0.009,0.082,0.002,-2.764,-0.0,0.1,0.0
81.047,0.0,0.0,-0.046,1.956,-0.057,0.005,0.046,-1.162,-0.059,0.008,0.083,0.001,-2.756,-0.0,0.1,0.0
81.087,0.0,0.0,-0.045,1.959,-0.055,0.011,0.108,1.257,-0.057,0.008,0.081,-0.001,-2.788,-0.0,0.1,0.0
81.187,0.0,0.0,-0.043,1.968,-0.062,0.01,0.096,-0.249,-0.056,0.009,0.083,0.001,-2.777,-0.0,0.1,0.0
81.273,0.0,0.0,-0.048,1.944,-0.063,-0.001,-0.012,-2.154,-0.058,0.008,0.084,0.0,-2.775,-0.0,0.1,0.0
81.294,0.0,0.0,-0.046,1.954,-0.063,-0.001,-0.012,0.0,-0.06,0.007,0.077,-0.005,-2.794,-0.0,0.1,0.0
81.314,0.0,0.0,-0.033,2.0,-0.063,-0.001,-0.012,0.0,-0.061,0.005,0.07,-0.008,-2.785,-0.0,0.1,0.0
81.402,0.0,0.0,-0.022,2.0,-0.059,0.005,0.045,1.139,-0.062,0.004,0.064,-0.01,-2.781,-0.0,0.1,0.0
81.423,0.0,0.0,-0.012,2.0,-0.059,0.005,0.045,0.0,-0.06,0.005,0.062,-0.007,-2.772,-0.0,0.1,0.0
81.503,0.0,0.0,-0.012,2.0,-0.06,0.013,0.127,1.634,-0.059,0.005,0.061,-0.006,-2.784,-0.0,0.1,0.0
81.522,0.0,0.0,-0.012,2.0,-0.06,0.013,0.127,0.0,-0.059,0.006,0.064,-0.002,-2.775,-0.0,0.1,0.0
81.622,0.0,0.0,-0.019,2.0,-0.059,0.012,0.119,-0.152,-0.059,0.007,0.068,0.001,-2.761,-0.0,0.1,0.0
81.707,0.0,0.0,-0.025,2.0,-0.059,0.01,0.104,-0.308,-0.058,0.008,0.072,0.003,-2.762,-0.0,0.1,0.0
81.729,0.0,0.0,-0.032,2.0,-0.059,0.01,0.104,0.0,-0.058,0.008,0.074,0.003,-2.762,-0.0,0.1,0.0
81.846,0.0,0.0,-0.035,2.0,-0.06,0.015,0.155,1.021,-0.058,0.008,0.076,0.003,-2.779,-0.0,0.1,0.0
81.869,0.0,0.0,-0.038,1.992,-0.059,0.016,0.159,0.085,-0.058,0.009,0.082,0.005,-2.8,-0.0,0.1,0.0
81.951,0.0,0.0,-0.045,1.958,-0.059,0.016,0.159,0.0,-0.058,0.01,0.087,0.007,-2.769,-0.0,0.1,0.0
81.986,0.0,0.0,-0.054,1.921,-0.062,0.01,0.097,-1.249,-0.058,0.011,0.092,0.007,-2.779,-0.0,0.1,0.0
82.075,0.0,0.0,-0.061,1.887,-0.059,0.013,0.132,0.71,-0.059,0.01,0.093,0.005,-2.77,-0.0,0.1,0.0
82.172,0.0,0.0,-0.06,1.893,-0.062,0.01,0.1,-0.655,-0.058,0.01,0.096,0.005,-2.746,-0.0,0.1,0.0
82.261,0.0,0.0,-0.065,1.871,-0.06,0.011,0.111,0.228,-0.059,0.01,0.097,0.003,-2.74,-0.0,0.1,0.0
82.288,0.0,0.0,-0.063,1.879,-0.06,0.011,0.111,0.0,-0.059,0.01,0.098,0.002,-2.76,-0.0,0.1,0.0
82.402,0.0,0.0,-0.064,1.872,-0.059,0.005,0.053,-1.159,-0.059,0.01,0.099,0.002,-2.768,-0.0,0.1,0.0
82.429,0.0,0.0,-0.066,1.866,-0.059,0.005,0.053,0.0,-0.058,0.009,0.096,-0.001,-2.752,-0.0,0.1,0.0
82.523,0.0,0.0,-0.061,1.887,-0.061,0.011,0.108,1.109,-0.058,0.009,0.093,-0.003,-2.757,-0.0,0.1,0.0
82.615,0.0,0.0,-0.056,1.908,-0.058,0.016,0.163,1.094,-0.059,0.009,0.093,-0.002,-2.732,-0.0,0.1,0.0
82.639,0.0,0.0,-0.057,1.906,-0.058,0.016,0.163,0.0,-0.058,0.01,0.098,0.001,-2.724,-0.0,0.1,0.0
82.737,0.0,0.0,-0.066,1.865,-0.062,0.014,0.143,-0.407,-0.057,0.011,0.102,0.004,-2.753,-0.0,0.1,0.0
82.816,0.0,0.0,-0.074,1.83,-0.058,0.003,0.025,-2.354,-0.058,0.011,0.105,0.003,-2.767,-0.0,0.1,0.0
82.836,0.0,0.0,-0.076,1.822,-0.058,0.003,0.025,0.0,-0.057,0.01,0.1,-0.001,-2.761,-0.0,0.1,0.0
82.911,0.0,0.0,-0.068,1.856,-0.058,0.006,0.06,0.691,-0.057,0.009,0.095,-0.004,-2.768,-0.0,0.1,0.0
82.936,0.0,0.0,-0.06,1.89,-0.058,0.006,0.06,0.0,-0.057,0.008,0.092,-0.005,-2.761,-0.0,0.1,0.0
83.035,0.0,0.0,-0.057,1.907,-0.059,0.013,0.128,1.371,-0.057,0.008,0.089,-0.005,-2.75,-0.0,0.1,0.0
83.118,0.0,0.0,-0.053,1.923,-0.061,0.007,0.067,-1.225,-0.057,0.009,0.091,-0.003,-2.738,-0.0,0.1,0.0
83.216,0.0,0.0,-0.056,1.909,-0.059,0.012,0.124,1.141,-0.058,0.008,0.089,-0.004,-2.74,-0.0,0.1,0.0
83.239,0.0,0.0,-0.052,1.93,-0.059,0.012,0.124,0.0,-0.058,0.009,0.091,-0.002,-2.737,-0.0,0.1,0.0
83.334,0.0,0.0,-0.055,1.913,-0.057,0.008,0.083,-0.824,-0.058,0.009,0.093,-0.0,-2.735,-0.0,0.1,0.0
83.443,0.0,0.0,-0.059,1.898,-0.057,0.01,0.098,0.314,-0.057,0.009,0.093,-0.0,-2.743,-0.0,0.1,0.0
83.528,0.0,0.0,-0.059,1.896,-0.06,0.007,0.074,-0.483,-0.056,0.009,0.093,-0.0,-2.734,-0.0,0.1,0.0
83.609,0.0,0.0,-0.06,1.891,-0.062,0.012,0.12,0.91,-0.057,0.009,0.091,-0.002,-2.773,-0.0,0.1,0.0
83.627,0.0,0.0,-0.056,1.908,-0.062,0.012,0.12,0.0,-0.059,0.009,0.093,-0.001,-2.773,-0.0,0.1,0.0
83.704,0.0,0.0,-0.057,1.906,-0.064,0.011,0.112,-0.164,-0.06,0.009,0.094,-0.0,-2.754,-0.0,0.1,0.0
83.732,0.0,0.0,-0.058,1.9,-0.064,0.011,0.112,0.0,-0.061,0.009,0.095,-0.001,-2.743,-0.0,0.1,0.0
83.841,0.0,0.0,-0.058,1.901,-0.057,0.004,0.037,-1.484,-0.061,0.009,0.096,-0.0,-2.728,-0.0,0.1,0.0
83.932,0.0,0.0,-0.058,1.899,-0.058,0.007,0.073,0.72,-0.059,0.009,0.092,-0.002,-2.726,-0.0,0.1,0.0
84.015,0.0,0.0,-0.056,1.911,-0.062,0.009,0.087,0.279,-0.058,0.009,0.091,-0.002,-2.718,-0.0,0.1,0.0
84.042,0.0,0.0,-0.055,1.916,-0.062,0.009,0.087,0.0,-0.059,0.008,0.09,-0.003,-2.714,-0.0,0.1,0.0
84.077,0.0,0.0,-0.052,1.926,-0.061,0.006,0.062,-0.501,-0.06,0.008,0.09,-0.003,-2.742,-0.0,0.1,0.0
84.18,0.0,0.0,-0.051,1.933,-0.059,0.008,0.08,0.353,-0.06,0.008,0.088,-0.003,-2.752,-0.0,0.1,0.0
84.271,0.0,0.0,-0.048,1.948,-0.062,0.015,0.146,1.327,-0.059,0.008,0.087,-0.003,-2.746,-0.0,0.1,0.0
84.293,0.0,0.0,-0.048,1.945,-0.062,0.015,0.146,0.0,-0.059,0.009,0.09,-0.0,-2.738,-0.0,0.1,0.0
84.317,0.0,0.0,-0.053,1.922,-0.062,0.015,0.146,0.0,-0.06,0.01,0.094,0.002,-2.738,-0.0,0.1,0.0
84.421,0.0,0.0,-0.058,1.899,-0.059,0.008,0.08,-1.325,-0.06,0.01,0.097,0.003,-2.696,-0.0,0.1,0.0
84.452,0.0,0.0,-0.063,1.876,-0.059,0.008,0.08,0.0,-0.059,0.01,0.097,0.001,-2.716,-0.0,0.1,0.0
84.482,0.0,0.0,-0.063,1.879,-0.061,0.009,0.091,0.228,-0.058,0.01,0.096,0.0,-2.736,-0.0,0.1,0.0
84.578,0.0,0.0,-0.062,1.884,-0.061,0.012,0.12,0.568,-0.059,0.009,0.095,-0.001,-2.731,-0.0,0.1,0.0
84.663,0.0,0.0,-0.06,1.892,-0.063,0.01,0.1,-0.404,-0.059,0.01,0.097,0.0,-2.731,-0.0,0.1,0.0
84.681,0.0,0.0,-0.062,1.883,-0.063,0.01,0.1,0.0,-0.06,0.009,0.097,-0.001,-2.721,-0.0,0.1,0.0
84.773,0.0,0.0,-0.061,1.89,-0.061,0.012,0.116,0.319,-0.061,0.009,0.096,-0.001,-2.721,-0.0,0.1,0.0
84.795,0.0,0.0,-0.06,1.893,-0.061,0.012,0.116,0.0,-0.06,0.01,0.098,-0.0,-2.713,-0.0,0.1,0.0
84.819,0.0,0.0,-0.062,1.883,-0.061,0.012,0.116,0.0,-0.06,0.01,0.099,0.0,-2.713,-0.0,0.1,0.0
84.936,0.0,0.0,-0.064,1.875,-0.06,0.01,0.104,-0.228,-0.06,0.01,0.1,0.0,-2.677,-0.0,0.1,0.0
85.016,0.0,0.0,-0.065,1.867,-0.061,0.015,0.155,1.017,-0.059,0.01,0.1,0.0,-2.708,-0.0,0.1,0.0
85.042,0.0,0.0,-0.066,1.863,-0.061,0.015,0.155,0.0,-0.059,0.011,0.104,0.002,-2.708,-0.0,0.1,0.0
85.078,0.0,0.0,-0.072,1.839,-0.06,0.007,0.075,-1.6,-0.059,0.011,0.107,0.003,-2.731,-0.0,0.1,0.0
85.173,0.0,0.0,-0.077,1.817,-0.059,0.002,0.017,-1.165,-0.059,0.011,0.105,0.001,-2.736,-0.0,0.1,0.0
85.257,0.0,0.0,-0.074,1.831,-0.059,0.002,0.017,0.0,-0.058,0.009,0.099,-0.003,-2.724,-0.0,0.1,0.0
85.281,0.0,0.0,-0.065,1.871,-0.057,0.011,0.112,1.9,-0.058,0.008,0.093,-0.006,-2.715,-0.0,0.1,0.0
85.367,0.0,0.0,-0.056,1.91,-0.057,0.011,0.112,0.0,-0.057,0.009,0.094,-0.004,-2.716,-0.0,0.1,0.0
85.388,0.0,0.0,-0.06,1.894,-0.057,0.011,0.112,0.0,-0.056,0.009,0.095,-0.002,-2.705,-0.0,0.1,0.0
85.476,0.0,0.0,-0.062,1.882,-0.063,0.016,0.163,1.028,-0.056,0.009,0.096,-0.001,-2.719,-0.0,0.1,0.0
85.501,0.0,0.0,-0.064,1.873,-0.063,0.016,0.163,0.0,-0.058,0.01,0.1,0.001,-2.718,-0.0,0.1,0.0
85.524,0.0,0.0,-0.067,1.859,-0.063,0.016,0.163,0.0,-0.06,0.011,0.104,0.002,-2.713,-0.0,0.1,0.0
85.618,0.0,0.0,-0.072,1.839,-0.062,0.01,0.095,-1.353,-0.06,0.011,0.108,0.003,-2.712,-0.0,0.1,0.0
85.693,0.0,0.0,-0.077,1.816,-0.064,0.01,0.1,0.082,-0.06,0.011,0.107,0.001,-2.726,-0.0,0.1,0.0
85.715,0.0,0.0,-0.075,1.824,-0.064,0.01,0.1,0.0,-0.061,0.011,0.107,-0.0,-2.718,-0.0,0.1,0.0
85.799,0.0,0.0,-0.073,1.834,-0.063,0.007,0.071,-0.578,-0.061,0.01,0.106,-0.001,-2.71,-0.0,0.1,0.0
85.829,0.0,0.0,-0.071,1.842,-0.063,0.007,0.071,0.0,-0.061,0.01,0.103,-0.003,-2.707,-0.0,0.1,0.0
85.925,0.0,0.0,-0.067,1.86,-0.06,0.014,0.14,1.377,-0.061,0.009,0.101,-0.004,-2.746,-0.0,0.1,0.0
86.025,0.0,0.0,-0.063,1.877,-0.058,0.013,0.126,-0.265,-0.06,0.01,0.103,-0.001,-2.75,-0.0,0.1,0.0
86.11,0.0,0.0,-0.069,1.851,-0.06,0.01,0.103,-0.461,-0.058,0.011,0.105,0.0,-2.763,-0.0,0.1,0.0
86.14,0.0,0.0,-0.074,1.831,-0.06,0.01,0.103,0.0,-0.058,0.01,0.105,0.0,-2.773,-0.0,0.1,0.0
86.227,0.0,0.0,-0.073,1.831,-0.06,0.01,0.103,0.0,-0.058,0.01,0.104,-0.0,-2.746,-0.0,0.1,0.0
86.317,0.0,0.0,-0.073,1.833,-0.06,0.007,0.075,-0.566,-0.058,0.01,0.104,-0.001,-2.73,-0.0,0.1,0.0
86.338,0.0,0.0,-0.073,1.834,-0.06,0.007,0.075,0.0,-0.058,0.01,0.102,-0.002,-2.73,-0.0,0.1,0.0
86.437,0.0,0.0,-0.069,1.852,-0.056,0.006,0.057,-0.364,-0.058,0.009,0.1,-0.003,-2.76,-0.0,0.1,0.0
86.538,0.0,0.0,-0.066,1.867,-0.06,0.002,0.017,-0.799,-0.057,0.009,0.097,-0.004,-2.758,-0.0,0.1,0.0
86.645,0.0,0.0,-0.063,1.879,-0.06,0.0,-0.0,-0.336,-0.058,0.008,0.091,-0.007,-2.776,-0.0,0.1,0.0
86.735,0.0,0.0,-0.053,1.923,-0.057,0.012,0.124,2.48,-0.058,0.007,0.084,-0.009,-2.749,-0.0,0.1,0.0
86.821,0.0,0.0,-0.043,1.969,-0.056,0.005,0.046,-1.569,-0.057,0.008,0.086,-0.005,-2.768,-0.0,0.1,0.0
86.845,0.0,0.0,-0.049,1.943,-0.056,0.005,0.046,0.0,-0.056,0.007,0.083,-0.005,-2.788,-0.0,0.1,0.0
86.928,0.0,0.0,-0.046,1.956,-0.059,0.005,0.05,0.09,-0.055,0.007,0.08,-0.005,-2.76,-0.0,0.1,0.0
87.066,0.0,0.0,-0.042,1.971,-0.06,0.008,0.079,0.588,-0.056,0.007,0.078,-0.006,-2.754,-0.0,0.1,0.0
87.102,0.0,0.0,-0.037,1.994,-0.06,0.008,0.079,0.0,-0.058,0.007,0.077,-0.005,-2.741,-0.0,0.1,0.0
87.124,0.0,0.0,-0.035,2.0,-0.06,0.008,0.079,0.0,-0.058,0.007,0.077,-0.004,-2.741,-0.0,0.1,0.0
87.213,0.0,0.0,-0.035,2.0,-0.059,0.005,0.054,-0.511,-0.059,0.007,0.076,-0.003,-2.71,-0.0,0.1,0.0
87.24,0.0,0.0,-0.034,2.0,-0.059,0.005,0.054,0.0,-0.059,0.007,0.075,-0.003,-2.715,-0.0,0.1,0.0
87.341,0.0,0.0,-0.032,2.0,-0.057,0.004,0.037,-0.33,-0.058,0.007,0.073,-0.004,-2.744,-0.0,0.1,0.0
87.442,0.0,0.0,-0.03,2.0,-0.06,0.01,0.103,1.315,-0.057,0.006,0.07,-0.004,-2.758,-0.0,0.1,0.0
87.531,0.0,0.0,-0.027,2.0,-0.06,0.01,0.1,-0.07,-0.058,0.007,0.072,-0.002,-2.726,-0.0,0.1,0.0
87.611,0.0,0.0,-0.03,2.0,-0.059,0.012,0.121,0.426,-0.059,0.007,0.074,-0.001,-2.72,-0.0,0.1,0.0
87.633,0.0,0.0,-0.032,2.0,-0.059,0.012,0.121,0.0,-0.058,0.008,0.077,0.001,-2.729,-0.0,0.1,0.0
87.732,0.0,0.0,-0.037,1.996,-0.057,0.002,0.017,-2.085,-0.058,0.008,0.08,0.002,-2.721,-0.0,0.1,0.0
87.829,0.0,0.0,-0.042,1.974,-0.059,0.01,0.104,1.738,-0.057,0.007,0.076,-0.001,-2.738,-0.0,0.1,0.0
87.926,0.0,0.0,-0.036,1.999,-0.059,0.004,0.035,-1.369,-0.057,0.008,0.077,0.0,-2.736,-0.0,0.1,0.0
88.013,0.0,0.0,-0.038,1.989,-0.063,0.012,0.125,1.792,-0.057,0.007,0.074,-0.002,-2.734,-0.0,0.1,0.0
88.037,0.0,0.0,-0.034,2.0,-0.063,0.012,0.125,0.0,-0.059,0.008,0.077,-0.0,-2.728,-0.0,0.1,0.0
88.133,0.0,0.0,-0.036,2.0,-0.057,0.006,0.058,-1.344,-0.061,0.008,0.08,0.001,-2.732,-0.0,0.1,0.0
88.244,0.0,0.0,-0.039,1.986,-0.058,0.011,0.108,1.002,-0.058,0.008,0.079,0.0,-2.769,-0.0,0.1,0.0
88.268,0.0,0.0,-0.04,1.983,-0.058,0.005,0.054,-1.076,-0.057,0.008,0.081,0.001,-2.779,-0.0,0.1,0.0
88.356,0.0,0.0,-0.044,1.965,-0.058,0.005,0.054,0.0,-0.057,0.008,0.079,-0.0,-2.791,-0.0,0.1,0.0
88.381,0.0,0.0,-0.041,1.977,-0.061,0.01,0.096,0.843,-0.057,0.007,0.077,-0.002,-2.779,-0.0,0.1,0.0
88.486,0.0,0.0,-0.038,1.99,-0.063,0.01,0.1,0.081,-0.058,0.008,0.078,-0.001,-2.763,-0.0,0.1,0.0
88.575,0.0,0.0,-0.038,1.989,-0.058,0.011,0.107,0.144,-0.06,0.008,0.079,-0.001,-2.755,-0.0,0.1,0.0
88.667,0.0,0.0,-0.038,1.991,-0.057,0.009,0.094,-0.27,-0.058,0.008,0.081,0.001,-2.746,-0.0,0.1,0.0
88.69,0.0,0.0,-0.043,1.969,-0.057,0.009,0.094,0.0,-0.057,0.008,0.082,0.001,-2.738,-0.0,0.1,0.0
88.807,0.0,0.0,-0.045,1.957,-0.057,0.005,0.046,-0.965,-0.057,0.009,0.083,0.001,-2.727,-0.0,0.1,0.0
88.83,0.0,0.0,-0.047,1.95,-0.057,0.005,0.046,0.0,-0.056,0.008,0.081,-0.001,-2.727,-0.0,0.1,0.0
88.919,0.0,0.0,-0.044,1.966,-0.061,0.009,0.088,0.846,-0.056,0.007,0.078,-0.002,-2.731,-0.0,0.1,0.0
89.009,0.0,0.0,-0.04,1.983,-0.057,0.011,0.109,0.425,-0.058,0.007,0.078,-0.002,-2.732,-0.0,0.1,0.0
89.03,0.0,0.0,-0.039,1.989,-0.057,0.011,0.109,0.0,-0.057,0.008,0.08,-0.0,-2.753,-0.0,0.1,0.0
89.134,0.0,0.0,-0.043,1.97,-0.062,0.01,0.104,-0.109,-0.056,0.008,0.082,0.001,-2.78,-0.0,0.1,0.0
89.219,0.0,0.0,-0.046,1.954,-0.058,0.007,0.067,-0.728,-0.058,0.008,0.083,0.0,-2.75,-0.0,0.1,0.0
89.308,0.0,0.0,-0.045,1.959,-0.058,0.009,0.091,0.476,-0.058,0.008,0.082,-0.001,-2.741,-0.0,0.1,0.0
89.327,0.0,0.0,-0.044,1.964,-0.058,0.009,0.091,0.0,-0.057,0.008,0.083,-0.0,-2.741,-0.0,0.1,0.0
89.418,0.0,0.0,-0.046,1.957,-0.055,0.008,0.081,-0.192,-0.057,0.008,0.083,-0.0,-2.737,-0.0,0.1,0.0
89.441,0.0,0.0,-0.047,1.952,-0.055,0.008,0.081,0.0,-0.055,0.008,0.083,0.0,-2.756,-0.0,0.1,0.0
89.529,0.0,0.0,-0.049,1.943,-0.059,0.007,0.073,-0.162,-0.054,0.008,0.083,0.0,-2.781,-0.0,0.1,0.0
89.611,0.0,0.0,-0.049,1.94,-0.058,0.005,0.053,-0.4,-0.056,0.008,0.082,-0.001,-2.756,-0.0,0.1,0.0
89.637,0.0,0.0,-0.046,1.956,-0.058,0.005,0.053,0.0,-0.056,0.007,0.08,-0.003,-2.777,-0.0,0.1,0.0
89.741,0.0,0.0,-0.042,1.974,-0.061,0.012,0.117,1.278,-0.057,0.007,0.078,-0.003,-2.769,-0.0,0.1,0.0
89.833,0.0,0.0,-0.038,1.989,-0.06,0.01,0.1,-0.338,-0.058,0.008,0.08,-0.002,-2.747,-0.0,0.1,0.0
89.93,0.0,0.0,-0.04,1.981,-0.056,0.012,0.115,0.302,-0.059,0.008,0.081,-0.001,-2.746,-0.0,0.1,0.0
90.015,0.0,0.0,-0.042,1.975,-0.055,0.004,0.037,-1.56,-0.057,0.009,0.083,0.001,-2.759,-0.0,0.1,0.0
90.04,0.0,0.0,-0.047,1.949,-0.055,0.004,0.037,0.0,-0.056,0.008,0.08,-0.001,-2.779,-0.0,0.1,0.0
90.15,0.0,0.0,-0.044,1.964,-0.056,0.01,0.1,1.244,-0.055,0.007,0.077,-0.002,-2.771,-0.0,0.1,0.0
90.182,0.0,0.0,-0.04,1.982,-0.058,0.018,0.186,1.729,-0.055,0.008,0.079,-0.001,-2.762,-0.0,0.1,0.0
90.27,0.0,0.0,-0.043,1.97,-0.059,0.01,0.104,-1.647,-0.055,0.009,0.086,0.003,-2.755,-0.0,0.1,0.0
90.373,0.0,0.0,-0.053,1.924,-0.06,0.01,0.104,0.015,-0.056,0.009,0.087,0.002,-2.73,-0.0,0.1,0.0
90.39,0.0,0.0,-0.053,1.922,-0.06,0.01,0.104,0.0,-0.057,0.009,0.088,0.002,-2.73,-0.0,0.1,0.0
90.483,0.0,0.0,-0.053,1.923,-0.058,0.007,0.073,-0.634,-0.058,0.009,0.089,0.001,-2.735,-0.0,0.1,0.0
90.572,0.0,0.0,-0.054,1.92,-0.058,0.007,0.071,-0.028,-0.057,0.009,0.088,0.0,-2.741,-0.0,0.1,0.0
90.673,0.0,0.0,-0.053,1.924,-0.062,0.008,0.08,0.167,-0.057,0.008,0.087,-0.001,-2.742,-0.0,0.1,0.0
90.7,0.0,0.0,-0.051,1.933,-0.062,0.008,0.08,0.0,-0.058,0.008,0.086,-0.002,-2.737,-0.0,0.1,0.0
90.725,0.0,0.0,-0.048,1.947,-0.062,0.008,0.08,0.0,-0.059,0.008,0.085,-0.002,-2.732,-0.0,0.1,0.0
90.827,0.0,0.0,-0.046,1.957,-0.059,0.01,0.104,0.482,-0.06,0.008,0.084,-0.003,-2.741,-0.0,0.1,0.0
90.923,0.0,0.0,-0.044,1.964,-0.058,0.008,0.079,-0.5,-0.059,0.008,0.086,-0.001,-2.785,-0.0,0.1,0.0
91.013,0.0,0.0,-0.047,1.948,-0.058,0.006,0.057,-0.425,-0.058,0.008,0.085,-0.001,-2.771,-0.0,0.1,0.0
91.034,0.0,0.0,-0.048,1.946,-0.058,0.006,0.057,0.0,-0.057,0.008,0.083,-0.002,-2.767,-0.0,0.1,0.0
91.119,0.0,0.0,-0.046,1.957,-0.058,0.003,0.025,-0.649,-0.057,0.008,0.081,-0.003,-2.755,-0.0,0.1,0.0
91.203,0.0,0.0,-0.043,1.969,-0.057,0.003,0.033,0.165,-0.057,0.007,0.077,-0.004,-2.734,-0.0,0.1,0.0
91.226,0.0,0.0,-0.037,1.996,-0.057,0.003,0.033,0.0,-0.056,0.006,0.074,-0.005,-2.737,-0.0,0.1,0.0
91.323,0.0,0.0,-0.033,2.0,-0.057,0.008,0.077,0.87,-0.056,0.006,0.071,-0.006,-2.734,-0.0,0.1,0.0
91.419,0.0,0.0,-0.029,2.0,-0.059,0.002,0.023,-1.07,-0.056,0.006,0.071,-0.004,-2.78,-0.0,0.1,0.0
91.515,0.0,0.0,-0.029,2.0,-0.058,0.005,0.046,0.446,-0.057,0.006,0.067,-0.005,-2.771,-0.0,0.1,0.0
91.544,0.0,0.0,-0.022,2.0,-0.058,0.005,0.046,0.0,-0.057,0.006,0.065,-0.005,-2.764,-0.0,0.1,0.0
91.58,0.0,0.0,-0.02,2.0,-0.06,0.017,0.173,2.551,-0.057,0.005,0.063,-0.005,-2.745,-0.0,0.1,0.0
91.685,0.0,0.0,-0.018,2.0,-0.061,0.008,0.078,-1.892,-0.058,0.007,0.07,0.001,-2.715,-0.0,0.1,0.0
91.776,0.0,0.0,-0.029,2.0,-0.06,0.012,0.122,0.877,-0.059,0.007,0.07,0.0,-2.739,-0.0,0.1,0.0
91.797,0.0,0.0,-0.028,2.0,-0.06,0.012,0.122,0.0,-0.059,0.008,0.074,0.002,-2.739,-0.0,0.1,0.0
91.818,0.0,0.0,-0.033,2.0,-0.06,0.012,0.122,0.0,-0.059,0.008,0.077,0.003,-2.739,-0.0,0.1,0.0
91.922,0.0,0.0,-0.038,1.99,-0.058,0.007,0.075,-0.947,-0.058,0.009,0.08,0.004,-2.755,-0.0,0.1,0.0
92.017,0.0,0.0,-0.043,1.969,-0.056,0.004,0.041,-0.677,-0.058,0.008,0.08,0.002,-2.754,-0.0,0.1,0.0
92.105,0.0,0.0,-0.043,1.968,-0.06,0.01,0.099,1.16,-0.056,0.008,0.078,0.0,-2.732,-0.0,0.1,0.0
92.125,0.0,0.0,-0.041,1.979,-0.06,0.01,0.099,0.0,-0.058,0.008,0.079,0.0,-2.735,-0.0,0.1,0.0
92.224,0.0,0.0,-0.041,1.979,-0.059,0.01,0.103,0.082,-0.058,0.008,0.08,0.0,-2.731,-0.0,0.1,0.0
92.319,0.0,0.0,-0.042,1.975,-0.059,0.007,0.071,-0.649,-0.058,0.008,0.082,0.001,-2.759,-0.0,0.1,0.0
92.344,0.0,0.0,-0.044,1.962,-0.059,0.007,0.071,0.0,-0.058,0.008,0.081,-0.0,-2.752,-0.0,0.1,0.0
92.427,0.0,0.0,-0.043,1.969,-0.059,0.011,0.114,0.869,-0.058,0.008,0.08,-0.001,-2.767,-0.0,0.1,0.0
92.508,0.0,0.0,-0.042,1.975,-0.059,0.005,0.049,-1.294,-0.058,0.008,0.082,0.0,-2.732,-0.0,0.1,0.0
92.531,0.0,0.0,-0.045,1.959,-0.059,0.005,0.049,0.0,-0.057,0.008,0.08,-0.001,-2.753,-0.0,0.1,0.0
92.639,0.0,0.0,-0.042,1.975,-0.062,0.009,0.092,0.851,-0.057,0.007,0.078,-0.002,-2.729,-0.0,0.1,0.0
92.73,0.0,0.0,-0.038,1.99,-0.059,0.02,0.203,2.227,-0.059,0.007,0.078,-0.002,-2.743,-0.0,0.1,0.0
92.848,0.0,0.0,-0.037,1.995,-0.06,0.013,0.134,-1.39,-0.058,0.009,0.087,0.003,-2.732,-0.0,0.1,0.0
92.877,0.0,0.0,-0.051,1.933,-0.06,0.007,0.071,-1.252,-0.059,0.01,0.09,0.004,-2.724,-0.0,0.1,0.0
92.983,0.0,0.0,-0.055,1.913,-0.06,0.011,0.111,0.801,-0.059,0.009,0.089,0.002,-2.724,-0.0,0.1,0.0
93.083,0.0,0.0,-0.053,1.924,-0.06,0.006,0.059,-1.055,-0.058,0.009,0.09,0.002,-2.72,-0.0,0.1,0.0
93.172,0.0,0.0,-0.055,1.913,-0.061,0.011,0.112,1.07,-0.058,0.009,0.088,-0.0,-2.764,-0.0,0.1,0.0
93.268,0.0,0.0,-0.051,1.93,-0.06,0.014,0.137,0.495,-0.059,0.009,0.09,0.0,-2.766,-0.0,0.1,0.0
93.29,0.0,0.0,-0.053,1.923,-0.06,0.014,0.137,0.0,-0.059,0.01,0.093,0.002,-2.762,-0.0,0.1,0.0
93.38,0.0,0.0,-0.058,1.902,-0.056,0.005,0.05,-1.745,-0.059,0.01,0.096,0.003,-2.746,-0.0,0.1,0.0
93.47,0.0,0.0,-0.062,1.882,-0.056,0.008,0.081,0.624,-0.057,0.009,0.093,0.0,-2.736,-0.0,0.1,0.0
93.571,0.0,0.0,-0.06,1.892,-0.059,0.003,0.029,-1.032,-0.056,0.009,0.092,-0.0,-2.722,-0.0,0.1,0.0
93.589,0.0,0.0,-0.06,1.893,-0.059,0.003,0.029,0.0,-0.056,0.008,0.088,-0.003,-2.719,-0.0,0.1,0.0
93.689,0.0,0.0,-0.052,1.929,-0.059,0.015,0.151,2.434,-0.057,0.007,0.084,-0.005,-2.735,-0.0,0.1,0.0
93.773,0.0,0.0,-0.045,1.961,-0.062,0.007,0.074,-1.532,-0.057,0.008,0.087,-0.002,-2.746,-0.0,0.1,0.0
93.846,0.0,0.0,-0.051,1.931,-0.062,0.007,0.074,0.0,-0.059,0.008,0.086,-0.003,-2.743,-0.0,0.1,0.0
93.924,0.0,0.0,-0.047,1.949,-0.06,0.008,0.079,0.097,-0.06,0.008,0.085,-0.003,-2.714,-0.0,0.1,0.0
94.0,0.0,0.0,-0.045,1.961,-0.057,0.018,0.185,2.118,-0.059,0.008,0.084,-0.003,-2.7,-0.0,0.1,0.0
94.027,0.0,0.0,-0.044,1.963,-0.057,0.018,0.185,0.0,-0.058,0.01,0.091,0.002,-2.74,-0.0,0.1,0.0
94.137,0.0,0.0,-0.057,1.906,-0.062,0.015,0.153,-0.643,-0.057,0.011,0.097,0.006,-2.733,-0.0,0.1,0.0
94.233,0.0,0.0,-0.068,1.856,-0.061,0.003,0.025,-2.558,-0.058,0.011,0.101,0.005,-2.728,-0.0,0.1,0.0
94.345,0.0,0.0,-0.071,1.842,-0.058,0.011,0.112,1.749,-0.059,0.01,0.096,0.0,-2.712,-0.0,0.1,0.0
94.433,0.0,0.0,-0.062,1.883,-0.057,0.008,0.081,-0.629,-0.058,0.01,0.097,0.001,-2.704,-0.0,0.1,0.0
94.53,0.0,0.0,-0.065,1.871,-0.062,0.008,0.079,-0.04,-0.057,0.01,0.096,-0.0,-2.731,-0.0,0.1,0.0
94.627,0.0,0.0,-0.064,1.873,-0.059,0.015,0.148,1.376,-0.058,0.009,0.095,-0.002,-2.751,-0.0,0.1,0.0
94.705,0.0,0.0,-0.06,1.893,-0.06,0.009,0.095,-1.063,-0.058,0.01,0.098,0.001,-2.754,-0.0,0.1,0.0
94.728,0.0,0.0,-0.066,1.865,-0.06,0.009,0.095,0.0,-0.058,0.01,0.098,-0.0,-2.744,-0.0,0.1,0.0
94.814,0.0,0.0,-0.065,1.872,-0.064,0.009,0.087,-0.146,-0.058,0.01,0.098,-0.001,-2.747,-0.0,0.1,0.0
94.838,0.0,0.0,-0.063,1.876,-0.064,0.009,0.087,0.0,-0.06,0.009,0.097,-0.002,-2.737,-0.0,0.1,0.0
94.937,0.0,0.0,-0.06,1.894,-0.064,0.01,0.1,0.26,-0.061,0.009,0.096,-0.003,-2.769,-0.0,0.1,0.0
95.055,0.0,0.0,-0.057,1.906,-0.06,0.016,0.159,1.181,-0.062,0.009,0.095,-0.002,-2.761,-0.0,0.1,0.0
95.081,0.0,0.0,-0.056,1.909,-0.058,0.006,0.059,-2.013,-0.06,0.01,0.1,0.001,-2.756,-0.0,0.1,0.0
95.174,0.0,0.0,-0.065,1.868,-0.061,0.017,0.169,2.208,-0.058,0.01,0.097,-0.001,-2.75,-0.0,0.1,0.0
95.262,0.0,0.0,-0.063,1.877,-0.057,0.005,0.046,-2.472,-0.059,0.011,0.102,0.002,-2.744,-0.0,0.1,0.0
95.281,0.0,0.0,-0.07,1.848,-0.057,0.005,0.046,0.0,-0.057,0.01,0.098,-0.001,-2.739,-0.0,0.1,0.0
95.376,0.0,0.0,-0.066,1.865,-0.059,0.017,0.171,2.506,-0.056,0.009,0.095,-0.003,-2.723,-0.0,0.1,0.0
95.468,0.0,0.0,-0.061,1.886,-0.062,0.01,0.104,-1.345,-0.057,0.01,0.099,0.001,-2.762,-0.0,0.1,0.0
95.49,0.0,0.0,-0.068,1.855,-0.062,0.01,0.104,0.0,-0.058,0.01,0.099,-0.0,-2.772,-0.0,0.1,0.0
95.578,0.0,0.0,-0.066,1.865,-0.06,0.005,0.049,-1.088,-0.059,0.01,0.099,-0.001,-2.763,-0.0,0.1,0.0
95.689,0.0,0.0,-0.065,1.87,-0.061,0.007,0.071,0.441,-0.059,0.009,0.096,-0.003,-2.76,-0.0,0.1,0.0
95.806,0.0,0.0,-0.06,1.892,-0.062,0.016,0.161,1.792,-0.059,0.009,0.094,-0.004,-2.777,-0.0,0.1,0.0
95.828,0.0,0.0,-0.057,1.907,-0.062,0.016,0.161,0.0,-0.06,0.01,0.098,-0.001,-2.795,-0.0,0.1,0.0
95.919,0.0,0.0,-0.063,1.879,-0.059,0.009,0.092,-1.381,-0.06,0.01,0.102,0.002,-2.79,-0.0,0.1,0.0
96.01,0.0,0.0,-0.069,1.852,-0.059,0.004,0.037,-1.097,-0.059,0.01,0.101,0.001,-2.782,-0.0,0.1,0.0
96.031,0.0,0.0,-0.069,1.85,-0.059,0.004,0.037,0.0,-0.058,0.009,0.097,-0.002,-2.772,-0.0,0.1,0.0
96.121,0.0,0.0,-0.063,1.88,-0.057,0.006,0.064,0.548,-0.058,0.008,0.093,-0.004,-2.78,-0.0,0.1,0.0
96.21,0.0,0.0,-0.056,1.909,-0.06,0.012,0.125,1.203,-0.057,0.008,0.091,-0.004,-2.754,-0.0,0.1,0.0
96.231,0.0,0.0,-0.054,1.917,-0.06,0.012,0.125,0.0,-0.058,0.009,0.092,-0.002,-2.771,-0.0,0.1,0.0
96.327,0.0,0.0,-0.056,1.908,-0.058,0.009,0.095,-0.589,-0.058,0.009,0.094,-0.001,-2.794,-0.0,0.1,0.0
96.433,0.0,0.0,-0.059,1.896,-0.06,0.011,0.112,0.334,-0.058,0.009,0.094,-0.001,-2.775,-0.0,0.1,0.0
96.518,0.0,0.0,-0.06,1.892,-0.063,0.006,0.062,-0.99,-0.058,0.009,0.095,-0.0,-2.771,-0.0,0.1,0.0
96.611,0.0,0.0,-0.061,1.888,-0.064,0.007,0.075,0.248,-0.06,0.009,0.093,-0.003,-2.764,-0.0,0.1,0.0
96.635,0.0,0.0,-0.055,1.916,-0.064,0.007,0.075,0.0,-0.061,0.008,0.091,-0.004,-2.756,-0.0,0.1,0.0
96.723,0.0,0.0,-0.051,1.934,-0.062,0.007,0.068,-0.128,-0.062,0.008,0.089,-0.004,-2.741,-0.0,0.1,0.0
96.821,0.0,0.0,-0.048,1.947,-0.06,0.008,0.084,0.31,-0.061,0.008,0.088,-0.004,-2.758,-0.0,0.1,0.0
96.945,0.0,0.0,-0.046,1.954,-0.059,0.01,0.1,0.331,-0.06,0.008,0.087,-0.003,-2.763,-0.0,0.1,0.0
96.973,0.0,0.0,-0.047,1.95,-0.062,0.014,0.144,0.884,-0.059,0.009,0.088,-0.001,-2.758,-0.0,0.1,0.0
97.061,0.0,0.0,-0.05,1.938,-0.059,0.013,0.128,-0.322,-0.06,0.009,0.091,0.001,-2.751,-0.0,0.1,0.0
97.084,0.0,0.0,-0.054,1.918,-0.059,0.013,0.128,0.0,-0.058,0.01,0.094,0.002,-2.746,-0.0,0.1,0.0
97.183,0.0,0.0,-0.06,1.893,-0.063,0.009,0.087,-0.822,-0.058,0.01,0.096,0.003,-2.749,-0.0,0.1,0.0
97.265,0.0,0.0,-0.064,1.873,-0.061,0.011,0.115,0.55,-0.059,0.01,0.096,0.001,-2.744,-0.0,0.1,0.0
97.284,0.0,0.0,-0.06,1.891,-0.061,0.011,0.115,0.0,-0.059,0.01,0.097,0.001,-2.75,-0.0,0.1,0.0
97.389,0.0,0.0,-0.062,1.881,-0.06,0.016,0.163,0.97,-0.059,0.01,0.098,0.001,-2.759,-0.0,0.1,0.0
97.479,0.0,0.0,-0.064,1.873,-0.058,0.002,0.02,-2.856,-0.059,0.011,0.102,0.003,-2.756,-0.0,0.1,0.0
97.567,0.0,0.0,-0.071,1.841,-0.06,0.013,0.133,2.248,-0.058,0.009,0.097,-0.001,-2.753,-0.0,0.1,0.0
97.587,0.0,0.0,-0.064,1.876,-0.06,0.013,0.133,0.0,-0.058,0.01,0.099,0.0,-2.748,-0.0,0.1,0.0
97.679,0.0,0.0,-0.067,1.861,-0.063,0.008,0.075,-1.154,-0.058,0.01,0.101,0.001,-2.735,-0.0,0.1,0.0
97.793,0.0,0.0,-0.07,1.847,-0.058,0.004,0.041,-0.673,-0.06,0.01,0.099,-0.001,-2.775,-0.0,0.1,0.0
97.886,0.0,0.0,-0.064,1.873,-0.061,0.012,0.118,1.529,-0.058,0.009,0.095,-0.003,-2.774,-0.0,0.1,0.0
97.978,0.0,0.0,-0.06,1.894,-0.063,0.009,0.088,-0.602,-0.059,0.009,0.097,-0.002,-2.774,-0.0,0.1,0.0
98.069,0.0,0.0,-0.061,1.886,-0.056,0.005,0.046,-0.846,-0.06,0.009,0.096,-0.003,-2.767,-0.0,0.1,0.0
98.182,0.0,0.0,-0.058,1.9,-0.057,0.008,0.078,0.639,-0.058,0.009,0.092,-0.004,-2.765,-0.0,0.1,0.0
98.271,0.0,0.0,-0.056,1.91,-0.06,0.01,0.104,0.52,-0.057,0.009,0.091,-0.003,-2.795,-0.0,0.1,0.0
98.293,0.0,0.0,-0.056,1.911,-0.06,0.01,0.104,0.0,-0.058,0.009,0.091,-0.002,-2.813,-0.0,0.1,0.0
98.317,0.0,0.0,-0.056,1.912,-0.06,0.01,0.104,0.0,-0.058,0.009,0.092,-0.002,-2.799,-0.0,0.1,0.0
98.402,0.0,0.0,-0.056,1.91,-0.061,0.007,0.073,-0.614,-0.058,0.009,0.092,-0.001,-2.799,-0.0,0.1,0.0
98.429,0.0,0.0,-0.057,1.907,-0.061,0.007,0.073,0.0,-0.059,0.009,0.091,-0.002,-2.788,-0.0,0.1,0.0
98.523,0.0,0.0,-0.053,1.922,-0.059,0.005,0.046,-0.531,-0.059,0.008,0.089,-0.003,-2.767,-0.0,0.1,0.0
98.618,0.0,0.0,-0.051,1.934,-0.058,0.008,0.081,0.7,-0.058,0.008,0.086,-0.004,-2.769,-0.0,0.1,0.0
98.708,0.0,0.0,-0.047,1.95,-0.056,0.01,0.103,0.442,-0.058,0.008,0.085,-0.003,-2.772,-0.0,0.1,0.0
98.732,0.0,0.0,-0.047,1.949,-0.056,0.01,0.103,0.0,-0.056,0.008,0.086,-0.001,-2.762,-0.0,0.1,0.0
98.827,0.0,0.0,-0.051,1.933,-0.056,0.013,0.127,0.467,-0.056,0.009,0.087,-0.0,-2.756,-0.0,0.1,0.0
98.928,0.0,0.0,-0.054,1.921,-0.057,0.004,0.037,-1.786,-0.055,0.009,0.09,0.001,-2.748,-0.0,0.1,0.0
99.008,0.0,0.0,-0.058,1.9,-0.061,0.01,0.095,1.162,-0.055,0.008,0.086,-0.002,-2.724,-0.0,0.1,0.0
99.033,0.0,0.0,-0.052,1.929,-0.061,0.01,0.095,0.0,-0.058,0.008,0.087,-0.002,-2.717,-0.0,0.1,0.0
99.139,0.0,0.0,-0.049,1.939,-0.059,0.003,0.025,-1.409,-0.059,0.008,0.087,-0.002,-2.727,-0.0,0.1,0.0
99.229,0.0,0.0,-0.049,1.944,-0.061,0.01,0.1,1.491,-0.058,0.007,0.082,-0.004,-2.734,-0.0,0.1,0.0
99.344,0.0,0.0,-0.042,1.972,-0.058,0.009,0.089,-0.207,-0.059,0.008,0.083,-0.003,-2.727,-0.0,0.1,0.0
99.442,0.0,0.0,-0.043,1.97,-0.06,0.009,0.095,0.115,-0.058,0.008,0.083,-0.002,-2.713,-0.0,0.1,0.0
99.524,0.0,0.0,-0.045,1.96,-0.059,0.006,0.057,-0.759,-0.058,0.008,0.084,-0.001,-2.708,-0.0,0.1,0.0
99.635,0.0,0.0,-0.045,1.958,-0.059,0.007,0.069,0.247,-0.058,0.008,0.082,-0.002,-2.732,-0.0,0.1,0.0
99.713,0.0,0.0,-0.043,1.969,-0.059,0.009,0.095,0.515,-0.058,0.008,0.081,-0.002,-2.747,-0.0,0.1,0.0
99.795,0.0,0.0,-0.041,1.976,-0.059,0.011,0.107,0.244,-0.058,0.008,0.081,-0.001,-2.762,-0.0,0.1,0.0
99.823,0.0,0.0,-0.043,1.97,-0.059,0.011,0.107,0.0,-0.058,0.008,0.083,-0.0,-2.743,-0.0,0.1,0.0
99.911,0.0,0.0,-0.045,1.958,-0.06,0.0,-0.0,-2.146,-0.058,0.009,0.085,0.001,-2.748,-0.0,0.1,0.0
99.935,0.0,0.0,-0.048,1.946,-0.06,0.0,-0.0,0.0,-0.058,0.007,0.079,-0.004,-2.739,-0.0,0.1,0.0
100.033,0.0,0.0,-0.038,1.993,-0.062,0.01,0.095,1.91,-0.059,0.006,0.073,-0.006,-2.737,-0.0,0.1,0.0
100.129,0.0,0.0,-0.028,2.0,-0.059,0.004,0.044,-1.025,-0.06,0.006,0.074,-0.004,-2.728,-0.0,0.1,0.0
100.215,0.0,0.0,-0.029,2.0,-0.056,0.011,0.109,1.293,-0.059,0.006,0.072,-0.004,-2.745,-0.0,0.1,0.0
100.238,0.0,0.0,-0.027,2.0,-0.056,0.011,0.109,0.0,-0.057,0.007,0.074,-0.001,-2.737,-0.0,0.1,0.0
100.333,0.0,0.0,-0.033,2.0,-0.06,0.01,0.1,-0.185,-0.056,0.008,0.076,0.001,-2.744,-0.0,0.1,0.0
100.431,0.0,0.0,-0.038,1.99,-0.058,0.011,0.114,0.281,-0.057,0.008,0.077,0.001,-2.744,-0.0,0.1,0.0
100.524,0.0,0.0,-0.039,1.987,-0.061,0.01,0.104,-0.189,-0.057,0.008,0.08,0.002,-2.779,-0.0,0.1,0.0
100.605,0.0,0.0,-0.043,1.969,-0.063,0.011,0.112,0.152,-0.058,0.008,0.081,0.002,-2.771,-0.0,0.1,0.0
100.627,0.0,0.0,-0.043,1.966,-0.063,0.011,0.112,0.0,-0.06,0.009,0.083,0.001,-2.759,-0.0,0.1,0.0
100.724,0.0,0.0,-0.044,1.963,-0.06,0.014,0.137,0.503,-0.06,0.009,0.085,0.001,-2.754,-0.0,0.1,0.0
100.742,0.0,0.0,-0.046,1.955,-0.06,0.014,0.137,0.0,-0.059,0.009,0.089,0.003,-2.754,-0.0,0.1,0.0
100.828,0.0,0.0,-0.053,1.925,-0.057,0.011,0.107,-0.602,-0.059,0.01,0.092,0.004,-2.741,-0.0,0.1,0.0
100.915,0.0,0.0,-0.058,1.899,-0.057,0.013,0.128,0.422,-0.057,0.01,0.094,0.004,-2.734,-0.0,0.1,0.0
100.938,0.0,0.0,-0.062,1.883,-0.057,0.013,0.128,0.0,-0.056,0.01,0.096,0.004,-2.726,-0.0,0.1,0.0
101.024,0.0,0.0,-0.066,1.864,-0.061,0.01,0.104,-0.487,-0.056,0.011,0.099,0.004,-2.758,-0.0,0.1,0.0
101.117,0.0,0.0,-0.07,1.848,-0.06,0.01,0.095,-0.163,-0.058,0.01,0.099,0.002,-2.752,-0.0,0.1,0.0
101.198,0.0,0.0,-0.068,1.858,-0.06,0.009,0.092,-0.076,-0.058,0.01,0.099,0.001,-2.758,-0.0,0.1,0.0
101.227,0.0,0.0,-0.066,1.863,-0.06,0.009,0.092,0.0,-0.058,0.01,0.098,-0.0,-2.75,-0.0,0.1,0.0
101.341,0.0,0.0,-0.065,1.869,-0.059,0.017,0.166,1.495,-0.058,0.01,0.098,-0.001,-2.711,-0.0,0.1,0.0
101.432,0.0,0.0,-0.064,1.874,-0.063,0.016,0.163,-0.066,-0.058,0.011,0.102,0.002,-2.731,-0.0,0.1,0.0
101.518,0.0,0.0,-0.071,1.842,-0.062,0.011,0.108,-1.109,-0.059,0.011,0.106,0.003,-2.736,-0.0,0.1,0.0
101.633,0.0,0.0,-0.075,1.823,-0.061,0.011,0.112,0.081,-0.06,0.011,0.106,0.001,-2.724,-0.0,0.1,0.0
101.653,0.0,0.0,-0.074,1.828,-0.061,0.011,0.112,0.0,-0.06,0.011,0.107,0.001,-2.724,-0.0,0.1,0.0
101.689,0.0,0.0,-0.075,1.825,-0.058,0.006,0.062,-0.997,-0.059,0.011,0.107,0.0,-2.729,-0.0,0.1,0.0
101.781,0.0,0.0,-0.075,1.824,-0.056,0.011,0.107,0.908,-0.058,0.01,0.104,-0.002,-2.724,-0.0,0.1,0.0
101.879,0.0,0.0,-0.072,1.839,-0.059,0.017,0.171,1.277,-0.056,0.01,0.104,-0.001,-2.727,-0.0,0.1,0.0
101.977,0.0,0.0,-0.075,1.827,-0.061,0.007,0.075,-1.924,-0.057,0.011,0.108,0.002,-2.778,-0.0,0.1,0.0
102.079,0.0,0.0,-0.081,1.798,-0.065,0.018,0.176,2.025,-0.058,0.01,0.106,-0.001,-2.781,-0.0,0.1,0.0
102.17,0.0,0.0,-0.075,1.824,-0.063,0.01,0.096,-1.612,-0.06,0.011,0.11,0.001,-2.771,-0.0,0.1,0.0
102.195,0.0,0.0,-0.079,1.808,-0.063,0.01,0.096,0.0,-0.061,0.011,0.109,-0.001,-2.76,-0.0,0.1,0.0
102.22,0.0,0.0,-0.076,1.818,-0.063,0.01,0.096,0.0,-0.061,0.01,0.108,-0.002,-2.751,-0.0,0.1,0.0
102.321,0.0,0.0,-0.074,1.828,-0.062,0.013,0.128,0.657,-0.061,0.01,0.107,-0.002,-2.748,-0.0,0.1,0.0
102.411,0.0,0.0,-0.072,1.836,-0.055,0.013,0.135,0.124,-0.061,0.011,0.108,-0.001,-2.747,-0.0,0.1,0.0
102.428,0.0,0.0,-0.075,1.826,-0.055,0.013,0.135,0.0,-0.057,0.011,0.11,0.001,-2.747,-0.0,0.1,0.0
102.522,0.0,0.0,-0.082,1.793,-0.061,0.006,0.057,-1.552,-0.056,0.012,0.112,0.002,-2.748,-0.0,0.1,0.0
102.55,0.0,0.0,-0.087,1.771,-0.061,0.006,0.057,0.0,-0.057,0.01,0.108,-0.002,-2.754,-0.0,0.1,0.0
102.571,0.0,0.0,-0.078,1.809,-0.058,0.003,0.033,-0.475,-0.058,0.01,0.104,-0.004,-2.769,-0.0,0.1,0.0
102.651,0.0,0.0,-0.071,1.84,-0.058,0.003,0.033,0.0,-0.057,0.009,0.099,-0.006,-2.748,-0.0,0.1,0.0
102.674,0.0,0.0,-0.065,1.87,-0.063,0.009,0.087,1.081,-0.057,0.008,0.094,-0.007,-2.766,-0.0,0.1,0.0
102.772,0.0,0.0,-0.058,1.9,-0.06,0.01,0.098,0.208,-0.059,0.008,0.093,-0.007,-2.775,-0.0,0.1,0.0
102.866,0.0,0.0,-0.054,1.918,-0.062,0.01,0.1,0.037,-0.059,0.008,0.093,-0.005,-2.786,-0.0,0.1,0.0
102.89,0.0,0.0,-0.055,1.915,-0.062,0.01,0.1,0.0,-0.06,0.008,0.092,-0.004,-2.795,-0.0,0.1,0.0
102.994,0.0,0.0,-0.054,1.919,-0.063,0.01,0.104,0.084,-0.06,0.009,0.092,-0.003,-2.795,-0.0,0.1,0.0
103.085,0.0,0.0,-0.054,1.921,-0.061,0.01,0.104,-0.002,-0.061,0.009,0.093,-0.002,-2.792,-0.0,0.1,0.0
103.183,0.0,0.0,-0.054,1.919,-0.062,0.013,0.133,0.584,-0.06,0.009,0.093,-0.001,-2.776,-0.0,0.1,0.0
103.283,0.0,0.0,-0.056,1.912,-0.058,0.009,0.087,-0.921,-0.06,0.01,0.096,0.0,-2.774,-0.0,0.1,0.0
103.375,0.0,0.0,-0.059,1.895,-0.058,0.015,0.15,1.261,-0.059,0.01,0.095,0.0,-2.763,-0.0,0.1,0.0
103.467,0.0,0.0,-0.061,1.889,-0.063,0.007,0.075,-1.498,-0.058,0.01,0.099,0.002,-2.761,-0.0,0.1,0.0
103.488,0.0,0.0,-0.068,1.858,-0.063,0.007,0.075,0.0,-0.059,0.01,0.097,-0.0,-2.752,-0.0,0.1,0.0
103.57,0.0,0.0,-0.062,1.881,-0.061,0.004,0.041,-0.669,-0.06,0.009,0.095,-0.002,-2.735,-0.0,0.1,0.0
103.658,0.0,0.0,-0.058,1.899,-0.061,0.004,0.041,0.0,-0.06,0.008,0.092,-0.004,-2.735,-0.0,0.1,0.0
103.678,0.0,0.0,-0.053,1.924,-0.063,0.007,0.075,0.667,-0.06,0.008,0.088,-0.005,-2.756,-0.0,0.1,0.0
103.756,0.0,0.0,-0.047,1.949,-0.063,0.007,0.075,0.0,-0.061,0.008,0.086,-0.005,-2.758,-0.0,0.1,0.0
103.775,0.0,0.0,-0.044,1.963,-0.06,0.007,0.067,-0.161,-0.061,0.008,0.085,-0.005,-2.758,-0.0,0.1,0.0
103.879,0.0,0.0,-0.042,1.973,-0.057,0.004,0.04,-0.529,-0.06,0.008,0.083,-0.004,-2.753,-0.0,0.1,0.0
103.979,0.0,0.0,-0.042,1.973,-0.058,0.011,0.108,1.347,-0.058,0.007,0.08,-0.004,-2.753,-0.0,0.1,0.0
104.078,0.0,0.0,-0.04,1.982,-0.058,0.011,0.107,-0.006,-0.057,0.008,0.082,-0.002,-2.748,-0.0,0.1,0.0
104.176,0.0,0.0,-0.044,1.966,-0.06,0.012,0.117,0.188,-0.057,0.008,0.083,-0.0,-2.739,-0.0,0.1,0.0
104.261,0.0,0.0,-0.047,1.951,-0.059,0.008,0.083,-0.67,-0.058,0.009,0.085,0.0,-2.746,-0.0,0.1,0.0
104.282,0.0,0.0,-0.049,1.943,-0.059,0.008,0.083,0.0,-0.058,0.008,0.085,-0.0,-2.738,-0.0,0.1,0.0
104.381,0.0,0.0,-0.048,1.945,-0.063,0.01,0.095,0.244,-0.058,0.008,0.085,-0.001,-2.737,-0.0,0.1,0.0
104.489,0.0,0.0,-0.048,1.947,-0.065,0.007,0.066,-0.582,-0.06,0.008,0.085,-0.001,-2.735,-0.0,0.1,0.0
104.588,0.0,0.0,-0.046,1.954,-0.056,0.011,0.111,0.891,-0.061,0.008,0.084,-0.003,-2.768,-0.0,0.1,0.0
104.687,0.0,0.0,-0.041,1.976,-0.057,0.014,0.138,0.535,-0.058,0.009,0.086,-0.0,-2.766,-0.0,0.1,0.0
104.783,0.0,0.0,-0.048,1.946,-0.056,0.012,0.122,-0.314,-0.057,0.009,0.089,0.002,-2.765,-0.0,0.1,0.0
104.87,0.0,0.0,-0.056,1.912,-0.058,0.01,0.104,-0.367,-0.056,0.01,0.091,0.003,-2.757,-0.0,0.1,0.0
104.962,0.0,0.0,-0.06,1.891,-0.063,0.01,0.103,-0.015,-0.056,0.01,0.092,0.002,-2.739,-0.0,0.1,0.0
104.985,0.0,0.0,-0.06,1.89,-0.063,0.01,0.103,0.0,-0.059,0.009,0.093,0.001,-2.728,-0.0,0.1,0.0
105.081,0.0,0.0,-0.058,1.902,-0.063,0.01,0.103,0.0,-0.06,0.009,0.093,-0.0,-2.763,-0.0,0.1,0.0
105.176,0.0,0.0,-0.057,1.907,-0.064,0.01,0.102,-0.008,-0.061,0.009,0.094,-0.0,-2.777,-0.0,0.1,0.0
105.267,0.0,0.0,-0.056,1.909,-0.059,0.001,0.013,-1.798,-0.061,0.009,0.094,-0.001,-2.776,-0.0,0.1,0.0
105.302,0.0,0.0,-0.056,1.91,-0.059,0.001,0.013,0.0,-0.06,0.008,0.089,-0.004,-2.757,-0.0,0.1,0.0
105.33,0.0,0.0,-0.049,1.94,-0.059,0.001,0.013,0.0,-0.059,0.007,0.083,-0.006,-2.751,-0.0,0.1,0.0
105.419,0.0,0.0,-0.042,1.972,-0.056,0.005,0.053,0.817,-0.059,0.006,0.078,-0.007,-2.744,-0.0,0.1,0.0
105.508,0.0,0.0,-0.035,2.0,-0.059,0.005,0.049,-0.084,-0.057,0.007,0.076,-0.006,-2.761,-0.0,0.1,0.0
105.533,0.0,0.0,-0.035,2.0,-0.059,0.005,0.049,0.0,-0.057,0.006,0.074,-0.006,-2.757,-0.0,0.1,0.0
105.622,0.0,0.0,-0.031,2.0,-0.059,0.013,0.131,1.635,-0.057,0.006,0.072,-0.005,-2.75,-0.0,0.1,0.0
105.713,0.0,0.0,-0.028,2.0,-0.063,0.011,0.108,-0.451,-0.058,0.007,0.075,-0.002,-2.755,-0.0,0.1,0.0
105.749,0.0,0.0,-0.034,2.0,-0.063,0.011,0.108,0.0,-0.06,0.007,0.077,-0.001,-2.758,-0.0,0.1,0.0
105.783,0.0,0.0,-0.034,2.0,-0.06,0.017,0.167,1.173,-0.061,0.008,0.079,-0.0,-2.76,-0.0,0.1,0.0
105.881,0.0,0.0,-0.036,2.0,-0.06,0.017,0.167,0.0,-0.06,0.009,0.084,0.004,-2.749,-0.0,0.1,0.0
105.964,0.0,0.0,-0.047,1.95,-0.062,0.006,0.062,-2.095,-0.059,0.01,0.09,0.006,-2.775,-0.0,0.1,0.0
105.985,0.0,0.0,-0.057,1.908,-0.062,0.006,0.062,0.0,-0.059,0.009,0.089,0.003,-2.794,-0.0,0.1,0.0
106.076,0.0,0.0,-0.052,1.927,-0.059,0.014,0.136,1.466,-0.06,0.009,0.087,0.0,-2.791,-0.0,0.1,0.0
106.173,0.0,0.0,-0.048,1.944,-0.059,0.009,0.094,-0.838,-0.059,0.009,0.09,0.002,-2.785,-0.0,0.1,0.0
106.253,0.0,0.0,-0.055,1.916,-0.059,0.009,0.094,0.0,-0.058,0.009,0.091,0.001,-2.757,-0.0,0.1,0.0
106.272,0.0,0.0,-0.056,1.912,-0.061,0.008,0.083,-0.221,-0.058,0.009,0.091,0.001,-2.749,-0.0,0.1,0.0
106.37,0.0,0.0,-0.056,1.91,-0.058,0.006,0.058,-0.499,-0.059,0.009,0.09,-0.0,-2.763,-0.0,0.1,0.0
106.387,0.0,0.0,-0.054,1.92,-0.058,0.006,0.058,0.0,-0.058,0.008,0.088,-0.002,-2.763,-0.0,0.1,0.0
106.485,0.0,0.0,-0.051,1.932,-0.062,0.005,0.049,-0.166,-0.058,0.008,0.086,-0.003,-2.753,-0.0,0.1,0.0
106.568,0.0,0.0,-0.048,1.945,-0.057,0.012,0.12,1.408,-0.059,0.007,0.083,-0.004,-2.77,-0.0,0.1,0.0
106.654,0.0,0.0,-0.042,1.975,-0.057,0.012,0.12,0.0,-0.058,0.008,0.085,-0.001,-2.757,-0.0,0.1,0.0
106.679,0.0,0.0,-0.048,1.947,-0.059,0.009,0.088,-0.636,-0.057,0.009,0.087,0.0,-2.748,-0.0,0.1,0.0
106.777,0.0,0.0,-0.053,1.926,-0.058,0.01,0.102,0.288,-0.057,0.009,0.087,-0.0,-2.729,-0.0,0.1,0.0
106.874,0.0,0.0,-0.052,1.928,-0.058,0.011,0.107,0.092,-0.057,0.009,0.088,0.0,-2.747,-0.0,0.1,0.0
106.973,0.0,0.0,-0.054,1.92,-0.059,0.011,0.112,0.098,-0.057,0.009,0.089,0.001,-2.753,-0.0,0.1,0.0
107.071,0.0,0.0,-0.055,1.913,-0.059,0.007,0.075,-0.738,-0.057,0.009,0.091,0.001,-2.752,-0.0,0.1,0.0
107.099,0.0,0.0,-0.057,1.906,-0.059,0.007,0.075,0.0,-0.057,0.009,0.09,-0.001,-2.743,-0.0,0.1,0.0
107.135,0.0,0.0,-0.054,1.917,-0.059,0.007,0.075,0.0,-0.058,0.009,0.088,-0.001,-2.735,-0.0,0.1,0.0
107.217,0.0,0.0,-0.052,1.927,-0.057,0.01,0.1,0.493,-0.058,0.008,0.087,-0.002,-2.731,-0.0,0.1,0.0
107.248,0.0,0.0,-0.05,1.935,-0.057,0.01,0.1,0.0,-0.057,0.009,0.088,-0.001,-2.734,-0.0,0.1,0.0
107.28,0.0,0.0,-0.053,1.925,-0.065,0.01,0.104,0.081,-0.056,0.009,0.089,-0.0,-2.763,-0.0,0.1,0.0
107.386,0.0,0.0,-0.054,1.918,-0.063,0.008,0.083,-0.41,-0.06,0.009,0.089,-0.001,-2.754,-0.0,0.1,0.0
107.478,0.0,0.0,-0.051,1.933,-0.059,0.004,0.037,-0.915,-0.061,0.008,0.088,-0.002,-2.771,-0.0,0.1,0.0
107.569,0.0,0.0,-0.048,1.944,-0.06,0.017,0.172,2.683,-0.059,0.008,0.085,-0.003,-2.774,-0.0,0.1,0.0
107.589,0.0,0.0,-0.045,1.961,-0.06,0.017,0.172,0.0,-0.059,0.009,0.09,0.001,-2.766,-0.0,0.1,0.0
107.688,0.0,0.0,-0.054,1.919,-0.055,0.005,0.054,-2.358,-0.059,0.01,0.096,0.004,-2.754,-0.0,0.1,0.0
107.791,0.0,0.0,-0.063,1.881,-0.059,0.009,0.091,0.74,-0.056,0.01,0.093,0.002,-2.777,-0.0,0.1,0.0
107.911,0.0,0.0,-0.061,1.885,-0.056,0.011,0.115,0.479,-0.057,0.009,0.093,0.0,-2.757,-0.0,0.1,0.0
107.931,0.0,0.0,-0.06,1.892,-0.056,0.011,0.115,0.0,-0.056,0.01,0.095,0.001,-2.774,-0.0,0.1,0.0
108.019,0.0,0.0,-0.063,1.877,-0.061,0.01,0.104,-0.219,-0.055,0.01,0.096,0.001,-2.744,-0.0,0.1,0.0
108.131,0.0,0.0,-0.066,1.865,-0.06,0.013,0.129,0.517,-0.057,0.01,0.096,0.0,-2.74,-0.0,0.1,0.0
108.271,0.0,0.0,-0.064,1.874,-0.059,0.011,0.107,-0.444,-0.057,0.01,0.098,0.001,-2.783,-0.0,0.1,0.0
108.297,0.0,0.0,-0.067,1.863,-0.059,0.011,0.107,0.0,-0.057,0.01,0.099,0.001,-2.774,-0.0,0.1,0.0
108.322,0.0,0.0,-0.067,1.859,-0.059,0.011,0.107,0.0,-0.057,0.01,0.099,0.0,-2.775,-0.0,0.1,0.0
108.435,0.0,0.0,-0.068,1.857,-0.066,0.011,0.112,0.091,-0.057,0.01,0.1,0.0,-2.788,-0.0,0.1,0.0
108.522,0.0,0.0,-0.068,1.854,-0.059,0.01,0.104,-0.164,-0.061,0.01,0.1,-0.001,-2.755,-0.0,0.1,0.0
108.618,0.0,0.0,-0.064,1.873,-0.059,0.01,0.103,-0.006,-0.059,0.01,0.1,-0.001,-2.746,-0.0,0.1,0.0
108.715,0.0,0.0,-0.067,1.862,-0.059,0.011,0.112,0.168,-0.058,0.01,0.101,-0.0,-2.739,-0.0,0.1,0.0
108.734,0.0,0.0,-0.068,1.855,-0.059,0.011,0.112,0.0,-0.058,0.01,0.101,-0.0,-2.739,-0.0,0.1,0.0
108.821,0.0,0.0,-0.069,1.85,-0.061,0.017,0.167,1.096,-0.058,0.01,0.102,-0.0,-2.747,-0.0,0.1,0.0
108.902,0.0,0.0,-0.07,1.846,-0.061,0.012,0.121,-0.919,-0.058,0.011,0.106,0.002,-2.741,-0.0,0.1,0.0
108.921,0.0,0.0,-0.076,1.82,-0.061,0.012,0.121,0.0,-0.059,0.011,0.107,0.001,-2.743,-0.0,0.1,0.0
109.017,0.0,0.0,-0.076,1.819,-0.056,0.012,0.12,-0.014,-0.059,0.011,0.108,0.001,-2.739,-0.0,0.1,0.0
109.041,0.0,0.0,-0.077,1.816,-0.056,0.012,0.12,0.0,-0.057,0.011,0.109,0.002,-2.73,-0.0,0.1,0.0
109.065,0.0,0.0,-0.081,1.797,-0.06,0.012,0.124,0.082,-0.056,0.011,0.11,0.002,-2.721,-0.0,0.1,0.0
109.165,0.0,0.0,-0.084,1.785,-0.058,0.003,0.034,-1.807,-0.057,0.011,0.11,0.001,-2.746,-0.0,0.1,0.0
109.191,0.0,0.0,-0.083,1.787,-0.058,0.003,0.034,0.0,-0.056,0.01,0.105,-0.003,-2.746,-0.0,0.1,0.0
109.301,0.0,0.0,-0.075,1.824,-0.061,0.007,0.071,0.74,-0.056,0.009,0.1,-0.005,-2.726,-0.0,0.1,0.0
109.318,0.0,0.0,-0.067,1.859,-0.061,0.007,0.071,0.0,-0.058,0.009,0.098,-0.006,-2.726,-0.0,0.1,0.0
109.405,0.0,0.0,-0.062,1.882,-0.06,0.011,0.106,0.707,-0.058,0.008,0.095,-0.006,-2.728,-0.0,0.1,0.0
109.424,0.0,0.0,-0.058,1.901,-0.06,0.011,0.106,0.0,-0.058,0.009,0.095,-0.004,-2.728,-0.0,0.1,0.0
109.505,0.0,0.0,-0.059,1.895,-0.061,0.01,0.1,-0.126,-0.058,0.009,0.096,-0.003,-2.719,-0.0,0.1,0.0
109.537,0.0,0.0,-0.06,1.891,-0.061,0.01,0.1,0.0,-0.059,0.009,0.095,-0.003,-2.742,-0.0,0.1,0.0
109.645,0.0,0.0,-0.06,1.893,-0.059,0.008,0.077,-0.453,-0.059,0.009,0.095,-0.002,-2.768,-0.0,0.1,0.0
109.673,0.0,0.0,-0.059,1.894,-0.06,0.007,0.067,-0.203,-0.058,0.009,0.094,-0.003,-2.768,-0.0,0.1,0.0
109.767,0.0,0.0,-0.058,1.901,-0.062,0.007,0.067,-0.007,-0.059,0.009,0.092,-0.003,-2.75,-0.0,0.1,0.0
109.788,0.0,0.0,-0.055,1.916,-0.062,0.007,0.067,0.0,-0.06,0.008,0.09,-0.004,-2.742,-0.0,0.1,0.0
109.921,0.0,0.0,-0.05,1.936,-0.056,0.013,0.135,1.377,-0.06,0.008,0.088,-0.005,-2.741,-0.0,0.1,0.0
109.964,0.0,0.0,-0.047,1.952,-0.058,0.01,0.096,-0.786,-0.058,0.009,0.091,-0.001,-2.733,-0.0,0.1,0.0
109.984,0.0,0.0,-0.055,1.914,-0.058,0.01,0.096,0.0,-0.057,0.009,0.091,-0.0,-2.725,-0.0,0.1,0.0
110.1,0.0,0.0,-0.056,1.908,-0.06,0.008,0.079,-0.338,-0.057,0.009,0.091,-0.0,-2.757,-0.0,0.1,0.0
110.118,0.0,0.0,-0.057,1.904,-0.06,0.008,0.079,0.0,-0.057,0.009,0.09,-0.001,-2.757,-0.0,0.1,0.0
110.216,0.0,0.0,-0.055,1.916,-0.054,0.006,0.065,-0.286,-0.058,0.008,0.089,-0.002,-2.778,-0.0,0.1,0.0
110.31,0.0,0.0,-0.053,1.925,-0.058,0.009,0.095,0.604,-0.056,0.008,0.088,-0.002,-2.748,-0.0,0.1,0.0
110.334,0.0,0.0,-0.053,1.923,-0.058,0.009,0.095,0.0,-0.056,0.008,0.088,-0.002,-2.748,-0.0,0.1,0.0
110.438,0.0,0.0,-0.053,1.924,-0.061,0.01,0.104,0.172,-0.056,0.009,0.088,-0.001,-2.754,-0.0,0.1,0.0
110.528,0.0,0.0,-0.053,1.923,-0.062,0.009,0.092,-0.234,-0.058,0.009,0.089,-0.001,-2.749,-0.0,0.1,0.0
110.626,0.0,0.0,-0.052,1.928,-0.063,0.01,0.096,0.073,-0.059,0.008,0.089,-0.002,-2.75,-0.0,0.1,0.0
110.725,0.0,0.0,-0.051,1.935,-0.063,0.011,0.114,0.361,-0.06,0.008,0.089,-0.002,-2.76,-0.0,0.1,0.0
110.827,0.0,0.0,-0.05,1.939,-0.061,0.016,0.161,0.938,-0.061,0.009,0.09,-0.001,-2.736,-0.0,0.1,0.0
110.919,0.0,0.0,-0.051,1.934,-0.061,0.01,0.104,-1.128,-0.06,0.01,0.095,0.002,-2.734,-0.0,0.1,0.0
110.941,0.0,0.0,-0.059,1.897,-0.061,0.01,0.104,0.0,-0.06,0.01,0.095,0.002,-2.734,-0.0,0.1,0.0
111.042,0.0,0.0,-0.06,1.891,-0.06,0.009,0.089,-0.309,-0.06,0.01,0.096,0.001,-2.778,-0.0,0.1,0.0
111.144,0.0,0.0,-0.061,1.887,-0.057,0.014,0.136,0.94,-0.059,0.01,0.096,0.0,-2.771,-0.0,0.1,0.0
111.245,0.0,0.0,-0.061,1.889,-0.055,0.007,0.066,-1.401,-0.058,0.01,0.098,0.002,-2.761,-0.0,0.1,0.0
111.281,0.0,0.0,-0.067,1.861,-0.058,0.011,0.115,0.981,-0.056,0.01,0.096,0.001,-2.745,-0.0,0.1,0.0
111.371,0.0,0.0,-0.066,1.867,-0.059,0.009,0.088,-0.538,-0.056,0.01,0.097,0.001,-2.746,-0.0,0.1,0.0
111.453,0.0,0.0,-0.067,1.861,-0.059,0.009,0.088,0.0,-0.057,0.01,0.097,-0.001,-2.751,-0.0,0.1,0.0
111.489,0.0,0.0,-0.065,1.871,-0.063,0.006,0.06,-0.548,-0.057,0.009,0.096,-0.001,-2.734,-0.0,0.1,0.0
111.588,0.0,0.0,-0.063,1.878,-0.063,0.008,0.083,0.454,-0.059,0.008,0.093,-0.004,-2.729,-0.0,0.1,0.0
111.681,0.0,0.0,-0.056,1.912,-0.065,0.0,-0.0,-1.663,-0.06,0.008,0.092,-0.004,-2.725,-0.0,0.1,0.0
111.769,0.0,0.0,-0.053,1.925,-0.062,0.0,-0.0,0.0,-0.062,0.007,0.085,-0.008,-2.725,-0.0,0.1,0.0
111.87,0.0,0.0,-0.04,1.98,-0.06,0.012,0.116,2.327,-0.061,0.006,0.079,-0.009,-2.758,-0.0,0.1,0.0
111.891,0.0,0.0,-0.032,2.0,-0.06,0.012,0.116,0.0,-0.06,0.007,0.081,-0.005,-2.753,-0.0,0.1,0.0
111.982,0.0,0.0,-0.037,1.994,-0.063,0.011,0.112,-0.096,-0.06,0.008,0.083,-0.002,-2.755,-0.0,0.1,0.0
112.084,0.0,0.0,-0.042,1.974,-0.059,0.012,0.12,0.175,-0.061,0.008,0.084,-0.001,-2.752,-0.0,0.1,0.0
112.176,0.0,0.0,-0.044,1.966,-0.06,0.011,0.108,-0.253,-0.059,0.009,0.087,0.001,-2.747,-0.0,0.1,0.0
112.273,0.0,0.0,-0.049,1.942,-0.058,0.009,0.088,-0.397,-0.059,0.009,0.088,0.001,-2.729,-0.0,0.1,0.0
112.367,0.0,0.0,-0.052,1.93,-0.061,0.009,0.088,0.0,-0.058,0.009,0.088,0.001,-2.765,-0.0,0.1,0.0
112.386,0.0,0.0,-0.053,1.924,-0.061,0.009,0.088,0.0,-0.059,0.009,0.088,0.0,-2.765,-0.0,0.1,0.0
112.504,0.0,0.0,-0.051,1.932,-0.056,0.015,0.149,1.218,-0.059,0.009,0.088,-0.001,-2.766,-0.0,0.1,0.0
112.526,0.0,0.0,-0.05,1.936,-0.056,0.015,0.149,0.0,-0.057,0.01,0.092,0.002,-2.766,-0.0,0.1,0.0
112.63,0.0,0.0,-0.059,1.896,-0.061,0.005,0.046,-2.06,-0.056,0.01,0.096,0.004,-2.783,-0.0,0.1,0.0
112.736,0.0,0.0,-0.066,1.863,-0.06,0.016,0.16,2.284,-0.057,0.009,0.093,0.0,-2.797,-0.0,0.1,0.0
112.847,0.0,0.0,-0.059,1.898,-0.06,0.011,0.107,-1.051,-0.058,0.01,0.097,0.002,-2.782,-0.0,0.1,0.0
112.869,0.0,0.0,-0.065,1.869,-0.062,0.012,0.116,0.177,-0.058,0.01,0.098,0.001,-2.771,-0.0,0.1,0.0
112.968,0.0,0.0,-0.065,1.869,-0.06,0.014,0.14,0.468,-0.059,0.01,0.099,0.001,-2.778,-0.0,0.1,0.0
113.068,0.0,0.0,-0.066,1.867,-0.06,0.016,0.162,0.447,-0.058,0.011,0.102,0.002,-2.771,-0.0,0.1,0.0
113.089,0.0,0.0,-0.07,1.846,-0.06,0.016,0.162,0.0,-0.058,0.011,0.106,0.004,-2.771,-0.0,0.1,0.0
113.186,0.0,0.0,-0.076,1.819,-0.061,0.011,0.111,-1.027,-0.058,0.012,0.11,0.004,-2.745,-0.0,0.1,0.0
113.276,0.0,0.0,-0.082,1.794,-0.062,0.02,0.206,1.908,-0.059,0.011,0.11,0.003,-2.799,-0.0,0.1,0.0
113.359,0.0,0.0,-0.081,1.799,-0.062,0.02,0.206,0.0,-0.059,0.013,0.116,0.005,-2.799,-0.0,0.1,0.0
113.387,0.0,0.0,-0.09,1.757,-0.059,0.007,0.067,-2.779,-0.059,0.013,0.123,0.007,-2.785,-0.0,0.1,0.0
113.476,0.0,0.0,-0.099,1.718,-0.065,0.0,-0.0,-1.342,-0.058,0.012,0.119,0.002,-2.782,-0.0,0.1,0.0
113.575,0.0,0.0,-0.094,1.74,-0.062,0.015,0.155,3.1,-0.061,0.01,0.111,-0.004,-2.752,-0.0,0.1,0.0
113.596,0.0,0.0,-0.077,1.814,-0.062,0.015,0.155,0.0,-0.06,0.011,0.114,-0.002,-2.756,-0.0,0.1,0.0
113.627,0.0,0.0,-0.082,1.792,-0.062,0.015,0.155,0.0,-0.06,0.012,0.116,-0.0,-2.773,-0.0,0.1,0.0
113.727,0.0,0.0,-0.087,1.772,-0.059,0.011,0.112,-0.856,-0.06,0.012,0.119,0.001,-2.785,-0.0,0.1,0.0
113.845,0.0,0.0,-0.091,1.754,-0.061,0.013,0.128,0.318,-0.059,0.012,0.118,0.001,-2.779,-0.0,0.1,0.0
113.876,0.0,0.0,-0.091,1.751,-0.058,0.008,0.083,-0.909,-0.059,0.012,0.119,0.0,-2.761,-0.0,0.1,0.0
113.976,0.0,0.0,-0.092,1.748,-0.06,0.016,0.163,1.602,-0.058,0.011,0.116,-0.001,-2.744,-0.0,0.1,0.0
114.08,0.0,0.0,-0.089,1.761,-0.061,0.008,0.08,-1.664,-0.058,0.012,0.119,0.0,-2.727,-0.0,0.1,0.0
114.175,0.0,0.0,-0.094,1.741,-0.062,0.007,0.075,-0.099,-0.058,0.011,0.117,-0.002,-2.738,-0.0,0.1,0.0
114.277,0.0,0.0,-0.088,1.766,-0.063,0.01,0.104,0.593,-0.059,0.01,0.113,-0.004,-2.736,-0.0,0.1,0.0
114.302,0.0,0.0,-0.082,1.794,-0.063,0.01,0.104,0.0,-0.06,0.01,0.112,-0.004,-2.741,-0.0,0.1,0.0
114.33,0.0,0.0,-0.079,1.806,-0.063,0.01,0.104,0.0,-0.061,0.01,0.111,-0.004,-2.754,-0.0,0.1,0.0
114.429,0.0,0.0,-0.077,1.815,-0.061,0.01,0.103,-0.017,-0.061,0.01,0.11,-0.004,-2.748,-0.0,0.1,0.0
114.531,0.0,0.0,-0.076,1.821,-0.059,0.012,0.12,0.331,-0.06,0.01,0.109,-0.003,-2.776,-0.0,0.1,0.0
114.635,0.0,0.0,-0.076,1.82,-0.064,0.01,0.104,-0.313,-0.059,0.011,0.11,-0.002,-2.78,-0.0,0.1,0.0
114.725,0.0,0.0,-0.079,1.807,-0.06,0.009,0.092,-0.255,-0.06,0.01,0.109,-0.002,-2.794,-0.0,0.1,0.0
114.818,0.0,0.0,-0.076,1.821,-0.06,0.008,0.075,-0.328,-0.059,0.01,0.108,-0.003,-2.794,-0.0,0.1,0.0
114.917,0.0,0.0,-0.075,1.824,-0.062,0.017,0.172,1.932,-0.059,0.01,0.105,-0.003,-2.779,-0.0,0.1,0.0
114.942,0.0,0.0,-0.072,1.837,-0.062,0.017,0.172,0.0,-0.059,0.011,0.109,-0.0,-2.769,-0.0,0.1,0.0
114.97,0.0,0.0,-0.078,1.81,-0.062,0.017,0.172,0.0,-0.06,0.012,0.113,0.002,-2.761,-0.0,0.1,0.0
115.104,0.0,0.0,-0.084,1.784,-0.057,0.01,0.104,-1.35,-0.06,0.012,0.117,0.003,-2.754,-0.0,0.1,0.0
115.136,0.0,0.0,-0.09,1.758,-0.057,0.01,0.104,0.0,-0.058,0.012,0.117,0.002,-2.741,-0.0,0.1,0.0
115.242,0.0,0.0,-0.091,1.752,-0.06,0.007,0.071,-0.665,-0.056,0.012,0.116,0.001,-2.74,-0.0,0.1,0.0
115.277,0.0,0.0,-0.091,1.753,-0.061,0.022,0.22,2.983,-0.057,0.011,0.113,-0.002,-2.73,-0.0,0.1,0.0
115.383,0.0,0.0,-0.085,1.781,-0.056,0.004,0.044,-3.52,-0.058,0.012,0.12,0.002,-2.716,-0.0,0.1,0.0
115.499,0.0,0.0,-0.094,1.738,-0.059,0.014,0.143,1.973,-0.056,0.011,0.115,-0.001,-2.746,-0.0,0.1,0.0
115.519,0.0,0.0,-0.088,1.764,-0.059,0.014,0.143,0.0,-0.057,0.012,0.116,-0.0,-2.737,-0.0,0.1,0.0
115.613,0.0,0.0,-0.091,1.754,-0.059,0.01,0.103,-0.799,-0.057,0.012,0.118,0.0,-2.733,-0.0,0.1,0.0
115.635,0.0,0.0,-0.093,1.744,-0.059,0.01,0.103,0.0,-0.057,0.011,0.117,-0.001,-2.727,-0.0,0.1,0.0
115.719,0.0,0.0,-0.09,1.756,-0.058,0.008,0.076,-0.539,-0.057,0.011,0.116,-0.002,-2.724,-0.0,0.1,0.0
115.837,0.0,0.0,-0.088,1.765,-0.059,0.01,0.104,0.556,-0.057,0.011,0.113,-0.003,-2.704,-0.0,0.1,0.0
115.928,0.0,0.0,-0.084,1.782,-0.058,0.01,0.104,0.0,-0.057,0.011,0.112,-0.003,-2.709,-0.0,0.1,0.0
116.023,0.0,0.0,-0.083,1.789,-0.059,0.011,0.108,0.094,-0.056,0.01,0.111,-0.003,-2.706,-0.0,0.1,0.0
116.044,0.0,0.0,-0.082,1.792,-0.059,0.011,0.108,0.0,-0.057,0.01,0.11,-0.003,-2.699,-0.0,0.1,0.0
116.141,0.0,0.0,-0.081,1.798,-0.061,0.009,0.092,-0.326,-0.057,0.01,0.11,-0.003,-2.701,-0.0,0.1,0.0
116.236,0.0,0.0,-0.08,1.802,-0.061,0.011,0.109,0.341,-0.058,0.01,0.108,-0.004,-2.696,-0.0,0.1,0.0
116.344,0.0,0.0,-0.076,1.819,-0.063,0.008,0.082,-0.538,-0.059,0.01,0.108,-0.003,-2.725,-0.0,0.1,0.0
116.427,0.0,0.0,-0.075,1.823,-0.056,0.013,0.129,0.932,-0.06,0.01,0.106,-0.004,-2.731,-0.0,0.1,0.0
116.526,0.0,0.0,-0.071,1.844,-0.058,0.008,0.084,-0.901,-0.057,0.01,0.107,-0.002,-2.737,-0.0,0.1,0.0
116.55,0.0,0.0,-0.077,1.816,-0.058,0.008,0.084,0.0,-0.057,0.01,0.105,-0.002,-2.729,-0.0,0.1,0.0
116.579,0.0,0.0,-0.075,1.825,-0.057,0.009,0.087,0.064,-0.057,0.01,0.103,-0.003,-2.728,-0.0,0.1,0.0
116.687,0.0,0.0,-0.073,1.835,-0.06,0.011,0.108,0.418,-0.056,0.01,0.102,-0.003,-2.724,-0.0,0.1,0.0
116.786,0.0,0.0,-0.071,1.841,-0.059,0.017,0.171,1.262,-0.057,0.01,0.102,-0.003,-2.706,-0.0,0.1,0.0
116.887,0.0,0.0,-0.07,1.846,-0.06,0.01,0.1,-1.416,-0.057,0.011,0.106,0.0,-2.738,-0.0,0.1,0.0
116.999,0.0,0.0,-0.077,1.815,-0.06,0.013,0.127,0.546,-0.058,0.01,0.106,-0.001,-2.755,-0.0,0.1,0.0
117.021,0.0,0.0,-0.075,1.823,-0.06,0.013,0.127,0.0,-0.058,0.011,0.107,-0.0,-2.745,-0.0,0.1,0.0
117.122,0.0,0.0,-0.077,1.815,-0.062,0.008,0.083,-0.887,-0.058,0.011,0.108,0.0,-2.73,-0.0,0.1,0.0
117.212,0.0,0.0,-0.079,1.807,-0.059,0.009,0.094,0.215,-0.059,0.01,0.106,-0.002,-2.738,-0.0,0.1,0.0
117.244,0.0,0.0,-0.074,1.829,-0.059,0.009,0.094,0.0,-0.058,0.01,0.105,-0.002,-2.719,-0.0,0.1,0.0
117.345,0.0,0.0,-0.074,1.831,-0.064,0.018,0.183,1.788,-0.058,0.01,0.104,-0.002,-2.731,-0.0,0.1,0.0
117.429,0.0,0.0,-0.073,1.835,-0.058,0.018,0.181,-0.042,-0.06,0.011,0.109,0.0,-2.746,-0.0,0.1,0.0
117.545,0.0,0.0,-0.078,1.813,-0.056,0.016,0.162,-0.377,-0.058,0.012,0.114,0.003,-2.728,-0.0,0.1,0.0
117.643,0.0,0.0,-0.087,1.77,-0.061,0.007,0.071,-1.828,-0.056,0.013,0.118,0.005,-2.717,-0.0,0.1,0.0
117.747,0.0,0.0,-0.095,1.735,-0.059,0.008,0.082,0.229,-0.058,0.011,0.115,0.001,-2.734,-0.0,0.1,0.0
117.783,0.0,0.0,-0.087,1.769,-0.059,0.011,0.107,0.491,-0.058,0.011,0.112,-0.001,-2.744,-0.0,0.1,0.0
117.883,0.0,0.0,-0.084,1.785,-0.058,0.006,0.065,-0.837,-0.058,0.011,0.112,-0.002,-2.749,-0.0,0.1,0.0
117.973,0.0,0.0,-0.083,1.789,-0.06,0.0,-0.0,-1.3,-0.057,0.01,0.108,-0.003,-2.744,-0.0,0.1,0.0
118.086,0.0,0.0,-0.078,1.81,-0.059,0.01,0.104,2.075,-0.058,0.009,0.101,-0.008,-2.758,-0.0,0.1,0.0
118.176,0.0,0.0,-0.065,1.868,-0.059,0.0,0.004,-1.991,-0.058,0.009,0.1,-0.006,-2.759,-0.0,0.1,0.0
118.27,0.0,0.0,-0.066,1.867,-0.061,0.012,0.125,2.422,-0.058,0.008,0.093,-0.008,-2.749,-0.0,0.1,0.0
118.388,0.0,0.0,-0.055,1.914,-0.06,0.004,0.042,-1.674,-0.059,0.008,0.094,-0.006,-2.756,-0.0,0.1,0.0
118.483,0.0,0.0,-0.057,1.904,-0.057,0.01,0.104,1.252,-0.058,0.008,0.09,-0.006,-2.74,-0.0,0.1,0.0
118.587,0.0,0.0,-0.052,1.929,-0.06,0.008,0.085,-0.382,-0.057,0.008,0.091,-0.004,-2.741,-0.0,0.1,0.0
118.687,0.0,0.0,-0.055,1.914,-0.056,0.003,0.029,-1.117,-0.058,0.008,0.09,-0.003,-2.767,-0.0,0.1,0.0
118.776,0.0,0.0,-0.053,1.921,-0.058,0.006,0.061,0.633,-0.056,0.008,0.086,-0.005,-2.739,-0.0,0.1,0.0
118.875,0.0,0.0,-0.048,1.944,-0.059,0.01,0.096,0.704,-0.057,0.007,0.084,-0.005,-2.729,-0.0,0.1,0.0
118.977,0.0,0.0,-0.045,1.959,-0.062,0.007,0.066,-0.609,-0.057,0.008,0.084,-0.004,-2.737,-0.0,0.1,0.0
119.101,0.0,0.0,-0.045,1.958,-0.061,0.008,0.082,0.327,-0.059,0.007,0.082,-0.004,-2.75,-0.0,0.1,0.0
119.125,0.0,0.0,-0.041,1.976,-0.061,0.008,0.082,0.0,-0.059,0.007,0.082,-0.004,-2.742,-0.0,0.1,0.0
119.216,0.0,0.0,-0.04,1.98,-0.061,0.013,0.129,0.947,-0.059,0.008,0.081,-0.003,-2.746,-0.0,0.1,0.0
119.239,0.0,0.0,-0.04,1.982,-0.061,0.013,0.129,0.0,-0.06,0.008,0.084,-0.001,-2.737,-0.0,0.1,0.0
119.33,0.0,0.0,-0.044,1.962,-0.064,0.009,0.092,-0.747,-0.06,0.009,0.087,0.001,-2.734,-0.0,0.1,0.0
119.429,0.0,0.0,-0.049,1.943,-0.063,0.016,0.156,1.286,-0.061,0.009,0.087,0.0,-2.719,-0.0,0.1,0.0
119.519,0.0,0.0,-0.047,1.949,-0.06,0.013,0.128,-0.556,-0.061,0.01,0.092,0.002,-2.767,-0.0,0.1,0.0
119.615,0.0,0.0,-0.054,1.918,-0.06,0.008,0.083,-0.915,-0.06,0.01,0.094,0.003,-2.771,-0.0,0.1,0.0
119.635,0.0,0.0,-0.06,1.893,-0.06,0.008,0.083,0.0,-0.059,0.01,0.094,0.002,-2.771,-0.0,0.1,0.0
119.732,0.0,0.0,-0.059,1.897,-0.061,0.007,0.071,-0.233,-0.059,0.009,0.093,0.001,-2.766,-0.0,0.1,0.0
119.837,0.0,0.0,-0.058,1.902,-0.056,0.003,0.032,-0.779,-0.059,0.009,0.092,-0.001,-2.753,-0.0,0.1,0.0
119.958,0.0,0.0,-0.055,1.915,-0.059,0.011,0.108,1.526,-0.057,0.008,0.088,-0.003,-2.765,-0.0,0.1,0.0
119.985,0.0,0.0,-0.051,1.931,-0.061,0.01,0.097,-0.22,-0.057,0.009,0.089,-0.002,-2.783,-0.0,0.1,0.0
120.108,0.0,0.0,-0.053,1.924,-0.057,0.003,0.025,-1.447,-0.058,0.009,0.089,-0.002,-2.777,-0.0,0.1,0.0
120.13,0.0,0.0,-0.052,1.929,-0.057,0.003,0.025,0.0,-0.057,0.008,0.085,-0.004,-2.766,-0.0,0.1,0.0
120.214,0.0,0.0,-0.047,1.953,-0.063,0.01,0.1,1.491,-0.057,0.007,0.08,-0.005,-2.77,-0.0,0.1,0.0
120.232,0.0,0.0,-0.041,1.978,-0.063,0.01,0.1,0.0,-0.059,0.007,0.081,-0.004,-2.77,-0.0,0.1,0.0
120.335,0.0,0.0,-0.039,1.986,-0.06,0.015,0.156,1.119,-0.06,0.007,0.081,-0.003,-2.752,-0.0,0.1,0.0
120.421,0.0,0.0,-0.039,1.986,-0.058,0.004,0.041,-2.281,-0.06,0.009,0.086,0.001,-2.783,-0.0,0.1,0.0
120.514,0.0,0.0,-0.048,1.946,-0.061,0.007,0.065,0.475,-0.058,0.008,0.083,-0.001,-2.773,-0.0,0.1,0.0
120.538,0.0,0.0,-0.045,1.96,-0.061,0.007,0.065,0.0,-0.059,0.008,0.082,-0.002,-2.76,-0.0,0.1,0.0
120.623,0.0,0.0,-0.042,1.974,-0.056,0.012,0.12,1.099,-0.059,0.007,0.08,-0.003,-2.762,-0.0,0.1,0.0
120.723,0.0,0.0,-0.039,1.985,-0.064,0.011,0.113,-0.141,-0.057,0.008,0.083,0.0,-2.751,-0.0,0.1,0.0
120.827,0.0,0.0,-0.046,1.954,-0.057,0.01,0.102,-0.22,-0.059,0.008,0.085,0.0,-2.741,-0.0,0.1,0.0
120.922,0.0,0.0,-0.046,1.956,-0.062,0.008,0.077,-0.505,-0.058,0.009,0.086,0.001,-2.772,-0.0,0.1,0.0
121.004,0.0,0.0,-0.05,1.937,-0.059,0.004,0.037,-0.79,-0.059,0.008,0.085,-0.0,-2.777,-0.0,0.1,0.0
121.024,0.0,0.0,-0.047,1.952,-0.059,0.004,0.037,0.0,-0.059,0.008,0.082,-0.002,-2.777,-0.0,0.1,0.0
121.123,0.0,0.0,-0.042,1.973,-0.06,0.013,0.133,1.918,-0.058,0.007,0.079,-0.004,-2.763,-0.0,0.1,0.0
121.219,0.0,0.0,-0.037,1.994,-0.056,0.006,0.058,-1.514,-0.059,0.008,0.082,-0.001,-2.731,-0.0,0.1,0.0
121.323,0.0,0.0,-0.042,1.971,-0.057,0.009,0.087,0.583,-0.057,0.008,0.08,-0.001,-2.756,-0.0,0.1,0.0
121.423,0.0,0.0,-0.043,1.97,-0.057,0.011,0.112,0.502,-0.056,0.008,0.081,-0.001,-2.758,-0.0,0.1,0.0
121.518,0.0,0.0,-0.044,1.965,-0.063,0.007,0.066,-0.925,-0.056,0.008,0.083,0.0,-2.76,-0.0,0.1,0.0
121.537,0.0,0.0,-0.047,1.951,-0.063,0.007,0.066,0.0,-0.059,0.008,0.081,-0.002,-2.76,-0.0,0.1,0.0
121.629,0.0,0.0,-0.041,1.976,-0.06,0.008,0.08,0.297,-0.06,0.007,0.08,-0.003,-2.744,-0.0,0.1,0.0
121.725,0.0,0.0,-0.038,1.993,-0.062,0.012,0.124,0.866,-0.059,0.008,0.08,-0.002,-2.727,-0.0,0.1,0.0
121.817,0.0,0.0,-0.038,1.99,-0.058,0.01,0.1,-0.484,-0.06,0.008,0.082,-0.0,-2.742,-0.0,0.1,0.0
121.929,0.0,0.0,-0.042,1.974,-0.058,0.004,0.045,-1.095,-0.058,0.009,0.083,0.001,-2.748,-0.0,0.1,0.0
121.949,0.0,0.0,-0.046,1.956,-0.058,0.004,0.045,0.0,-0.058,0.008,0.081,-0.001,-2.748,-0.0,0.1,0.0
121.987,0.0,0.0,-0.042,1.971,-0.061,-0.006,-0.063,-2.156,-0.057,0.007,0.078,-0.002,-2.771,-0.0,0.1,0.0
122.084,0.0,0.0,-0.039,1.987,-0.057,0.004,0.042,2.093,-0.058,0.005,0.069,-0.008,-2.759,-0.0,0.1,0.0
122.215,0.0,0.0,-0.022,2.0,-0.055,0.008,0.08,0.763,-0.057,0.005,0.066,-0.007,-2.784,-0.0,0.1,0.0
122.238,0.0,0.0,-0.02,2.0,-0.055,0.008,0.08,0.0,-0.056,0.006,0.067,-0.004,-2.774,-0.0,0.1,0.0
122.359,0.0,0.0,-0.024,2.0,-0.06,0.015,0.155,1.504,-0.055,0.006,0.067,-0.002,-2.772,-0.0,0.1,0.0
122.387,0.0,0.0,-0.027,2.0,-0.059,0.011,0.108,-0.944,-0.057,0.007,0.073,0.001,-2.769,-0.0,0.1,0.0
122.486,0.0,0.0,-0.033,2.0,-0.058,0.008,0.075,-0.654,-0.057,0.008,0.075,0.002,-2.766,-0.0,0.1,0.0
122.581,0.0,0.0,-0.036,2.0,-0.059,0.013,0.132,1.134,-0.057,0.008,0.075,0.001,-2.754,-0.0,0.1,0.0
122.683,0.0,0.0,-0.036,1.998,-0.057,0.003,0.032,-2.003,-0.057,0.008,0.079,0.003,-2.764,-0.0,0.1,0.0
122.704,0.0,0.0,-0.041,1.976,-0.057,0.003,0.032,0.0,-0.057,0.008,0.076,-0.0,-2.782,-0.0,0.1,0.0
122.729,0.0,0.0,-0.037,1.994,-0.057,0.003,0.032,0.0,-0.056,0.007,0.073,-0.002,-2.773,-0.0,0.1,0.0
122.841,0.0,0.0,-0.033,2.0,-0.06,0.013,0.132,2.001,-0.056,0.006,0.07,-0.003,-2.761,-0.0,0.1,0.0
122.942,0.0,0.0,-0.029,2.0,-0.056,0.013,0.133,0.023,-0.057,0.007,0.073,-0.001,-2.753,-0.0,0.1,0.0
123.044,0.0,0.0,-0.033,2.0,-0.059,0.002,0.017,-2.321,-0.056,0.008,0.077,0.002,-2.723,-0.0,0.1,0.0
123.13,0.0,0.0,-0.041,1.978,-0.055,0.007,0.073,1.122,-0.057,0.007,0.073,-0.002,-2.743,-0.0,0.1,0.0
123.262,0.0,0.0,-0.033,2.0,-0.06,0.015,0.147,1.485,-0.056,0.007,0.073,-0.001,-2.757,-0.0,0.1,0.0
123.29,0.0,0.0,-0.034,2.0,-0.06,0.015,0.147,0.0,-0.057,0.008,0.078,0.001,-2.747,-0.0,0.1,0.0
123.321,0.0,0.0,-0.04,1.982,-0.06,0.015,0.147,0.0,-0.058,0.009,0.082,0.003,-2.73,-0.0,0.1,0.0
123.435,0.0,0.0,-0.046,1.955,-0.059,0.005,0.05,-1.948,-0.058,0.009,0.087,0.004,-2.718,-0.0,0.1,0.0
123.532,0.0,0.0,-0.052,1.928,-0.061,0.01,0.104,1.08,-0.058,0.009,0.085,0.001,-2.698,-0.0,0.1,0.0
123.627,0.0,0.0,-0.048,1.947,-0.06,0.015,0.149,0.907,-0.059,0.009,0.086,0.001,-2.756,-0.0,0.1,0.0
123.727,0.0,0.0,-0.049,1.943,-0.062,0.012,0.116,-0.664,-0.059,0.01,0.09,0.003,-2.748,-0.0,0.1,0.0
123.84,0.0,0.0,-0.055,1.913,-0.06,0.007,0.075,-0.821,-0.059,0.01,0.092,0.003,-2.745,-0.0,0.1,0.0
123.947,0.0,0.0,-0.057,1.907,-0.056,0.003,0.033,-0.832,-0.059,0.009,0.091,0.001,-2.748,-0.0,0.1,0.0
123.97,0.0,0.0,-0.055,1.914,-0.06,0.008,0.083,0.997,-0.057,0.008,0.087,-0.001,-2.767,-0.0,0.1,0.0
124.067,0.0,0.0,-0.051,1.931,-0.061,0.01,0.1,0.329,-0.058,0.008,0.087,-0.002,-2.794,-0.0,0.1,0.0
124.091,0.0,0.0,-0.049,1.939,-0.061,0.01,0.1,0.0,-0.059,0.008,0.087,-0.001,-2.784,-0.0,0.1,0.0
124.12,0.0,0.0,-0.049,1.939,-0.061,0.01,0.1,0.0,-0.059,0.009,0.088,-0.001,-2.774,-0.0,0.1,0.0
124.227,0.0,0.0,-0.05,1.937,-0.06,0.007,0.072,-0.561,-0.059,0.009,0.088,-0.001,-2.764,-0.0,0.1,0.0
124.332,0.0,0.0,-0.051,1.934,-0.058,0.008,0.083,0.225,-0.059,0.008,0.087,-0.002,-2.771,-0.0,0.1,0.0
124.416,0.0,0.0,-0.049,1.942,-0.056,0.01,0.097,0.282,-0.058,0.008,0.087,-0.001,-2.771,-0.0,0.1,0.0
124.506,0.0,0.0,-0.05,1.939,-0.059,0.008,0.079,-0.358,-0.056,0.009,0.087,-0.0,-2.806,-0.0,0.1,0.0
124.531,0.0,0.0,-0.052,1.926,-0.059,0.008,0.079,0.0,-0.057,0.008,0.087,-0.001,-2.8,-0.0,0.1,0.0
124.631,0.0,0.0,-0.05,1.936,-0.059,0.003,0.025,-1.078,-0.058,0.008,0.086,-0.002,-2.798,-0.0,0.1,0.0
124.739,0.0,0.0,-0.049,1.943,-0.06,0.004,0.041,0.32,-0.058,0.007,0.082,-0.004,-2.774,-0.0,0.1,0.0
124.771,0.0,0.0,-0.042,1.973,-0.06,0.004,0.041,0.0,-0.058,0.007,0.078,-0.005,-2.792,-0.0,0.1,0.0
124.877,0.0,0.0,-0.036,1.998,-0.059,0.01,0.104,1.253,-0.059,0.006,0.075,-0.006,-2.797,-0.0,0.1,0.0
124.983,0.0,0.0,-0.032,2.0,-0.06,0.003,0.029,-1.49,-0.058,0.007,0.077,-0.003,-2.791,-0.0,0.1,0.0
125.082,0.0,0.0,-0.035,2.0,-0.057,0.009,0.09,1.223,-0.059,0.006,0.073,-0.005,-2.796,-0.0,0.1,0.0
125.188,0.0,0.0,-0.029,2.0,-0.064,0.008,0.08,-0.208,-0.057,0.007,0.074,-0.002,-2.769,-0.0,0.1,0.0
125.288,0.0,0.0,-0.033,2.0,-0.059,0.013,0.127,0.942,-0.06,0.007,0.074,-0.003,-2.73,-0.0,0.1,0.0
125.379,0.0,0.0,-0.03,2.0,-0.061,0.012,0.116,-0.221,-0.059,0.008,0.077,0.0,-2.765,-0.0,0.1,0.0
125.485,0.0,0.0,-0.037,1.995,-0.062,0.011,0.108,-0.167,-0.059,0.008,0.08,0.001,-2.752,-0.0,0.1,0.0
125.575,0.0,0.0,-0.041,1.979,-0.062,0.011,0.108,0.0,-0.06,0.008,0.082,0.002,-2.754,-0.0,0.1,0.0
125.673,0.0,0.0,-0.042,1.974,-0.061,0.009,0.087,-0.409,-0.06,0.009,0.083,0.002,-2.736,-0.0,0.1,0.0
125.692,0.0,0.0,-0.044,1.966,-0.061,0.009,0.087,0.0,-0.06,0.009,0.084,0.001,-2.728,-0.0,0.1,0.0
125.8,0.0,0.0,-0.045,1.962,-0.059,0.005,0.045,-0.839,-0.059,0.008,0.084,0.001,-2.713,-0.0,0.1,0.0
125.819,0.0,0.0,-0.045,1.959,-0.059,0.005,0.045,0.0,-0.059,0.008,0.081,-0.001,-2.708,-0.0,0.1,0.0
125.915,0.0,0.0,-0.042,1.973,-0.065,0.012,0.125,1.59,-0.058,0.007,0.079,-0.002,-2.756,-0.0,0.1,0.0
125.943,0.0,0.0,-0.039,1.989,-0.065,0.012,0.125,0.0,-0.061,0.008,0.081,-0.001,-2.757,-0.0,0.1,0.0
125.969,0.0,0.0,-0.04,1.983,-0.065,0.012,0.125,0.0,-0.062,0.008,0.084,0.0,-2.778,-0.0,0.1,0.0
126.076,0.0,0.0,-0.042,1.972,-0.056,0.005,0.049,-1.511,-0.062,0.009,0.087,0.001,-2.757,-0.0,0.1,0.0
126.178,0.0,0.0,-0.045,1.957,-0.062,0.005,0.051,0.032,-0.059,0.009,0.084,0.0,-2.752,-0.0,0.1,0.0
126.282,0.0,0.0,-0.046,1.954,-0.058,0.012,0.115,1.291,-0.06,0.008,0.082,-0.002,-2.784,-0.0,0.1,0.0
126.391,0.0,0.0,-0.041,1.977,-0.058,0.012,0.115,0.0,-0.058,0.009,0.084,0.0,-2.771,-0.0,0.1,0.0
126.488,0.0,0.0,-0.047,1.952,-0.06,0.012,0.116,0.015,-0.057,0.009,0.086,0.002,-2.769,-0.0,0.1,0.0
126.578,0.0,0.0,-0.051,1.932,-0.062,0.009,0.088,-0.566,-0.058,0.009,0.088,0.002,-2.765,-0.0,0.1,0.0
126.693,0.0,0.0,-0.053,1.923,-0.06,0.01,0.096,0.156,-0.059,0.009,0.088,0.0,-2.737,-0.0,0.1,0.0
126.789,0.0,0.0,-0.051,1.933,-0.059,0.016,0.163,1.349,-0.059,0.009,0.089,0.0,-2.768,-0.0,0.1,0.0
126.876,0.0,0.0,-0.052,1.928,-0.06,0.011,0.108,-1.108,-0.058,0.01,0.094,0.003,-2.781,-0.0,0.1,0.0
126.975,0.0,0.0,-0.06,1.89,-0.06,0.01,0.104,-0.081,-0.058,0.01,0.095,0.002,-2.783,-0.0,0.1,0.0
126.999,0.0,0.0,-0.061,1.887,-0.06,0.01,0.104,0.0,-0.058,0.01,0.095,0.002,-2.773,-0.0,0.1,0.0
127.023,0.0,0.0,-0.062,1.883,-0.06,0.01,0.104,0.0,-0.058,0.01,0.096,0.001,-2.767,-0.0,0.1,0.0
127.142,0.0,0.0,-0.063,1.88,-0.057,0.008,0.075,-0.563,-0.058,0.01,0.096,0.001,-2.781,-0.0,0.1,0.0
127.261,0.0,0.0,-0.063,1.877,-0.063,0.006,0.056,-0.385,-0.057,0.009,0.095,-0.0,-2.794,-0.0,0.1,0.0
127.284,0.0,0.0,-0.062,1.882,-0.063,0.006,0.056,0.0,-0.059,0.009,0.092,-0.003,-2.783,-0.0,0.1,0.0
127.397,0.0,0.0,-0.055,1.916,-0.06,0.013,0.129,1.452,-0.06,0.008,0.089,-0.005,-2.768,-0.0,0.1,0.0
127.417,0.0,0.0,-0.049,1.942,-0.06,0.013,0.129,0.0,-0.06,0.009,0.092,-0.002,-2.759,-0.0,0.1,0.0
127.504,0.0,0.0,-0.054,1.919,-0.06,0.002,0.021,-2.158,-0.059,0.009,0.094,-0.0,-2.769,-0.0,0.1,0.0
127.523,0.0,0.0,-0.058,1.9,-0.06,0.002,0.021,0.0,-0.059,0.008,0.089,-0.003,-2.764,-0.0,0.1,0.0
127.611,0.0,0.0,-0.05,1.935,-0.064,0.01,0.104,1.654,-0.059,0.007,0.084,-0.005,-2.75,-0.0,0.1,0.0
127.632,0.0,0.0,-0.043,1.968,-0.064,0.01,0.104,0.0,-0.061,0.008,0.085,-0.004,-2.77,-0.0,0.1,0.0
127.733,0.0,0.0,-0.043,1.97,-0.059,0.019,0.196,1.846,-0.061,0.008,0.085,-0.003,-2.821,-0.0,0.1,0.0
127.855,0.0,0.0,-0.043,1.967,-0.06,0.01,0.1,-1.928,-0.06,0.01,0.093,0.003,-2.811,-0.0,0.1,0.0
127.877,0.0,0.0,-0.057,1.904,-0.058,0.01,0.095,-0.082,-0.059,0.01,0.093,0.002,-2.797,-0.0,0.1,0.0
127.986,0.0,0.0,-0.058,1.9,-0.059,0.005,0.05,-0.915,-0.058,0.01,0.094,0.002,-2.766,-0.0,0.1,0.0
128.005,0.0,0.0,-0.06,1.892,-0.059,0.005,0.05,0.0,-0.058,0.009,0.091,-0.001,-2.757,-0.0,0.1,0.0
128.024,0.0,0.0,-0.055,1.913,-0.059,0.005,0.05,0.0,-0.058,0.008,0.088,-0.003,-2.753,-0.0,0.1,0.0
128.143,0.0,0.0,-0.051,1.933,-0.06,0.011,0.112,1.243,-0.058,0.008,0.085,-0.004,-2.793,-0.0,0.1,0.0
128.236,0.0,0.0,-0.047,1.953,-0.057,0.015,0.155,0.862,-0.058,0.008,0.086,-0.002,-2.788,-0.0,0.1,0.0
128.341,0.0,0.0,-0.049,1.942,-0.061,0.006,0.056,-1.972,-0.057,0.009,0.091,0.001,-2.771,-0.0,0.1,0.0
128.434,0.0,0.0,-0.057,1.904,-0.057,0.01,0.104,0.956,-0.058,0.009,0.088,-0.001,-2.748,-0.0,0.1,0.0
128.535,0.0,0.0,-0.052,1.929,-0.059,0.01,0.096,-0.16,-0.057,0.009,0.089,-0.0,-2.752,-0.0,0.1,0.0
128.641,0.0,0.0,-0.055,1.916,-0.059,0.009,0.091,-0.096,-0.057,0.009,0.09,-0.0,-2.786,-0.0,0.1,0.0
128.744,0.0,0.0,-0.055,1.916,-0.063,0.015,0.147,1.11,-0.057,0.009,0.09,-0.001,-2.782,-0.0,0.1,0.0
128.843,0.0,0.0,-0.055,1.917,-0.06,0.007,0.067,-1.602,-0.059,0.009,0.093,0.001,-2.775,-0.0,0.1,0.0
128.962,0.0,0.0,-0.058,1.903,-0.058,0.013,0.132,1.304,-0.059,0.009,0.091,-0.001,-2.785,-0.0,0.1,0.0
128.981,0.0,0.0,-0.055,1.914,-0.058,0.013,0.132,0.0,-0.057,0.01,0.094,0.001,-2.775,-0.0,0.1,0.0
129.082,0.0,0.0,-0.061,1.888,-0.06,0.01,0.102,-0.6,-0.057,0.01,0.097,0.002,-2.77,-0.0,0.1,0.0
129.198,0.0,0.0,-0.065,1.867,-0.059,0.01,0.104,0.034,-0.057,0.01,0.097,0.001,-2.761,-0.0,0.1,0.0
129.218,0.0,0.0,-0.065,1.871,-0.059,0.01,0.104,0.0,-0.057,0.01,0.097,0.001,-2.771,-0.0,0.1,0.0
129.327,0.0,0.0,-0.065,1.868,-0.062,0.009,0.091,-0.245,-0.057,0.01,0.098,0.0,-2.764,-0.0,0.1,0.0
129.427,0.0,0.0,-0.066,1.866,-0.059,0.007,0.071,-0.414,-0.059,0.009,0.097,-0.001,-2.744,-0.0,0.1,0.0
129.529,0.0,0.0,-0.063,1.88,-0.058,0.0,-0.0,-1.413,-0.058,0.009,0.095,-0.002,-2.792,-0.0,0.1,0.0
129.633,0.0,0.0,-0.06,1.891,-0.057,0.018,0.179,3.576,-0.058,0.008,0.089,-0.006,-2.781,-0.0,0.1,0.0
129.743,0.0,0.0,-0.051,1.934,-0.062,0.009,0.091,-1.756,-0.057,0.009,0.094,-0.0,-2.755,-0.0,0.1,0.0
129.849,0.0,0.0,-0.061,1.887,-0.062,0.008,0.079,-0.237,-0.058,0.009,0.094,-0.001,-2.762,-0.0,0.1,0.0
129.879,0.0,0.0,-0.058,1.9,-0.06,0.015,0.148,1.373,-0.059,0.009,0.092,-0.002,-2.745,-0.0,0.1,0.0
129.985,0.0,0.0,-0.055,1.915,-0.061,0.015,0.149,0.02,-0.059,0.01,0.096,0.0,-2.734,-0.0,0.1,0.0
130.085,0.0,0.0,-0.061,1.886,-0.061,0.009,0.092,-1.142,-0.059,0.01,0.099,0.002,-2.729,-0.0,0.1,0.0
130.189,0.0,0.0,-0.066,1.865,-0.062,0.015,0.155,1.266,-0.059,0.01,0.099,0.001,-2.716,-0.0,0.1,0.0
130.223,0.0,0.0,-0.065,1.87,-0.062,0.015,0.155,0.0,-0.06,0.011,0.102,0.002,-2.714,-0.0,0.1,0.0
130.325,0.0,0.0,-0.07,1.846,-0.058,0.007,0.071,-1.682,-0.06,0.011,0.106,0.003,-2.71,-0.0,0.1,0.0
130.419,0.0,0.0,-0.075,1.824,-0.058,0.008,0.079,0.163,-0.058,0.011,0.104,0.001,-2.741,-0.0,0.1,0.0
130.528,0.0,0.0,-0.073,1.833,-0.06,0.011,0.107,0.558,-0.058,0.01,0.102,-0.0,-2.733,-0.0,0.1,0.0
130.547,0.0,0.0,-0.071,1.843,-0.06,0.011,0.107,0.0,-0.058,0.01,0.102,-0.001,-2.733,-0.0,0.1,0.0
130.583,0.0,0.0,-0.071,1.843,-0.061,0.011,0.112,0.097,-0.058,0.01,0.103,-0.001,-2.726,-0.0,0.1,0.0
130.69,0.0,0.0,-0.071,1.844,-0.06,0.004,0.045,-1.339,-0.058,0.01,0.103,-0.001,-2.719,-0.0,0.1,0.0
130.716,0.0,0.0,-0.071,1.844,-0.06,0.004,0.045,0.0,-0.058,0.009,0.099,-0.003,-2.721,-0.0,0.1,0.0
130.831,0.0,0.0,-0.064,1.872,-0.06,0.014,0.14,1.901,-0.058,0.008,0.095,-0.005,-2.754,-0.0,0.1,0.0
130.971,0.0,0.0,-0.058,1.899,-0.057,0.014,0.139,-0.013,-0.058,0.009,0.097,-0.002,-2.732,-0.0,0.1,0.0
130.997,0.0,0.0,-0.063,1.88,-0.057,0.014,0.139,0.0,-0.057,0.01,0.1,0.0,-2.724,-0.0,0.1,0.0
131.025,0.0,0.0,-0.069,1.853,-0.057,0.014,0.139,0.0,-0.056,0.011,0.103,0.002,-2.731,-0.0,0.1,0.0
131.141,0.0,0.0,-0.074,1.831,-0.058,0.01,0.1,-0.782,-0.056,0.011,0.105,0.002,-2.744,-0.0,0.1,0.0
131.166,0.0,0.0,-0.078,1.813,-0.058,0.01,0.1,0.0,-0.056,0.011,0.105,0.001,-2.734,-0.0,0.1,0.0
131.265,0.0,0.0,-0.076,1.818,-0.061,0.009,0.095,-0.111,-0.056,0.01,0.104,0.0,-2.735,-0.0,0.1,0.0
131.288,0.0,0.0,-0.075,1.823,-0.061,0.009,0.095,0.0,-0.058,0.01,0.104,-0.001,-2.728,-0.0,0.1,0.0
131.372,0.0,0.0,-0.072,1.838,-0.06,0.011,0.108,0.263,-0.059,0.01,0.103,-0.002,-2.734,-0.0,0.1,0.0
131.47,0.0,0.0,-0.07,1.849,-0.061,0.006,0.062,-0.908,-0.058,0.01,0.103,-0.002,-2.723,-0.0,0.1,0.0
131.49,0.0,0.0,-0.07,1.847,-0.061,0.006,0.062,0.0,-0.059,0.009,0.1,-0.004,-2.723,-0.0,0.1,0.0
131.595,0.0,0.0,-0.065,1.871,-0.064,0.015,0.147,1.691,-0.059,0.009,0.097,-0.005,-2.712,-0.0,0.1,0.0
131.616,0.0,0.0,-0.06,1.892,-0.064,0.015,0.147,0.0,-0.061,0.009,0.099,-0.002,-2.724,-0.0,0.1,0.0
131.713,0.0,0.0,-0.063,1.878,-0.062,0.01,0.104,-0.862,-0.061,0.01,0.102,-0.0,-2.73,-0.0,0.1,0.0
131.733,0.0,0.0,-0.067,1.861,-0.062,0.01,0.104,0.0,-0.061,0.01,0.102,-0.001,-2.75,-0.0,0.1,0.0
131.82,0.0,0.0,-0.067,1.859,-0.063,0.008,0.083,-0.412,-0.061,0.01,0.102,-0.001,-2.729,-0.0,0.1,0.0
131.941,0.0,0.0,-0.067,1.859,-0.059,0.005,0.045,-0.759,-0.061,0.01,0.101,-0.002,-2.736,-0.0,0.1,0.0
132.043,0.0,0.0,-0.065,1.872,-0.06,0.01,0.1,1.098,-0.059,0.009,0.097,-0.003,-2.72,-0.0,0.1,0.0
132.071,0.0,0.0,-0.061,1.889,-0.061,0.003,0.033,-1.343,-0.059,0.009,0.097,-0.003,-2.712,-0.0,0.1,0.0
132.181,0.0,0.0,-0.061,1.886,-0.061,0.009,0.092,1.18,-0.059,0.008,0.092,-0.005,-2.718,-0.0,0.1,0.0
132.278,0.0,0.0,-0.054,1.918,-0.057,0.011,0.112,0.396,-0.059,0.008,0.092,-0.004,-2.721,-0.0,0.1,0.0
132.368,0.0,0.0,-0.054,1.92,-0.056,0.007,0.069,-0.847,-0.057,0.009,0.093,-0.002,-2.736,-0.0,0.1,0.0
132.455,0.0,0.0,-0.058,1.899,-0.056,0.007,0.069,0.0,-0.056,0.009,0.091,-0.002,-2.73,-0.0,0.1,0.0
132.474,0.0,0.0,-0.057,1.905,-0.063,0.011,0.114,0.886,-0.056,0.008,0.09,-0.002,-2.73,-0.0,0.1,0.0
132.575,0.0,0.0,-0.055,1.912,-0.057,0.005,0.046,-1.36,-0.058,0.009,0.091,-0.002,-2.747,-0.0,0.1,0.0
132.597,0.0,0.0,-0.054,1.92,-0.057,0.005,0.046,0.0,-0.057,0.008,0.087,-0.003,-2.745,-0.0,0.1,0.0
132.621,0.0,0.0,-0.05,1.935,-0.057,0.005,0.046,0.0,-0.057,0.008,0.084,-0.004,-2.765,-0.0,0.1,0.0
132.723,0.0,0.0,-0.047,1.952,-0.058,0.008,0.08,0.679,-0.056,0.007,0.081,-0.005,-2.755,-0.0,0.1,0.0
132.814,0.0,0.0,-0.043,1.97,-0.06,0.011,0.108,0.562,-0.057,0.007,0.081,-0.004,-2.743,-0.0,0.1,0.0
132.842,0.0,0.0,-0.042,1.972,-0.06,0.011,0.108,0.0,-0.057,0.008,0.082,-0.002,-2.739,-0.0,0.1,0.0
132.867,0.0,0.0,-0.044,1.966,-0.06,0.011,0.108,0.0,-0.058,0.008,0.083,-0.001,-2.73,-0.0,0.1,0.0
132.971,0.0,0.0,-0.046,1.957,-0.059,0.015,0.148,0.802,-0.058,0.008,0.085,-0.0,-2.709,-0.0,0.1,0.0
132.99,0.0,0.0,-0.048,1.948,-0.059,0.015,0.148,0.0,-0.058,0.009,0.089,0.002,-2.709,-0.0,0.1,0.0
133.082,0.0,0.0,-0.055,1.917,-0.063,0.008,0.08,-1.364,-0.057,0.01,0.093,0.004,-2.751,-0.0,0.1,0.0
133.199,0.0,0.0,-0.061,1.888,-0.059,0.017,0.17,1.818,-0.059,0.009,0.092,0.001,-2.744,-0.0,0.1,0.0
133.223,0.0,0.0,-0.056,1.908,-0.059,0.017,0.17,0.0,-0.058,0.01,0.097,0.004,-2.765,-0.0,0.1,0.0
133.319,0.0,0.0,-0.066,1.867,-0.059,0.01,0.095,-1.5,-0.058,0.011,0.102,0.005,-2.732,-0.0,0.1,0.0
133.432,0.0,0.0,-0.074,1.83,-0.061,0.007,0.075,-0.413,-0.057,0.011,0.102,0.003,-2.756,-0.0,0.1,0.0
133.535,0.0,0.0,-0.073,1.833,-0.061,0.01,0.104,0.589,-0.058,0.01,0.101,0.0,-2.762,-0.0,0.1,0.0
133.641,0.0,0.0,-0.068,1.855,-0.06,0.009,0.092,-0.245,-0.059,0.01,0.101,-0.0,-2.763,-0.0,0.1,0.0
133.763,0.0,0.0,-0.068,1.857,-0.056,0.005,0.05,-0.848,-0.059,0.01,0.1,-0.001,-2.752,-0.0,0.1,0.0
133.799,0.0,0.0,-0.066,1.863,-0.056,0.005,0.05,0.0,-0.057,0.009,0.097,-0.003,-2.747,-0.0,0.1,0.0
133.82,0.0,0.0,-0.063,1.877,-0.056,0.005,0.05,0.0,-0.056,0.009,0.093,-0.004,-2.747,-0.0,0.1,0.0
133.927,0.0,0.0,-0.059,1.895,-0.062,0.006,0.063,0.268,-0.056,0.008,0.09,-0.005,-2.762,-0.0,0.1,0.0
134.026,0.0,0.0,-0.055,1.914,-0.059,0.011,0.112,0.971,-0.058,0.008,0.088,-0.006,-2.799,-0.0,0.1,0.0
134.135,0.0,0.0,-0.049,1.942,-0.06,0.017,0.171,1.198,-0.057,0.008,0.089,-0.003,-2.79,-0.0,0.1,0.0
134.243,0.0,0.0,-0.052,1.929,-0.058,0.014,0.136,-0.717,-0.058,0.009,0.094,0.0,-2.773,-0.0,0.1,0.0
134.274,0.0,0.0,-0.06,1.894,-0.056,0.009,0.091,-0.885,-0.057,0.01,0.097,0.002,-2.758,-0.0,0.1,0.0
134.383,0.0,0.0,-0.065,1.87,-0.06,0.014,0.145,1.072,-0.056,0.01,0.096,0.001,-2.749,-0.0,0.1,0.0
134.469,0.0,0.0,-0.066,1.867,-0.057,0.01,0.099,-0.917,-0.057,0.01,0.099,0.002,-2.745,-0.0,0.1,0.0
134.563,0.0,0.0,-0.069,1.853,-0.063,0.01,0.096,-0.055,-0.056,0.01,0.1,0.001,-2.738,-0.0,0.1,0.0
134.589,0.0,0.0,-0.07,1.849,-0.063,0.01,0.096,0.0,-0.059,0.01,0.099,-0.0,-2.73,-0.0,0.1,0.0
134.621,0.0,0.0,-0.066,1.867,-0.063,0.01,0.096,0.0,-0.06,0.009,0.099,-0.001,-2.75,-0.0,0.1,0.0
134.733,0.0,0.0,-0.063,1.877,-0.064,0.011,0.111,0.299,-0.06,0.009,0.098,-0.002,-2.74,-0.0,0.1,0.0
134.831,0.0,0.0,-0.062,1.884,-0.059,0.011,0.112,0.008,-0.061,0.009,0.099,-0.002,-2.766,-0.0,0.1,0.0
134.927,0.0,0.0,-0.061,1.886,-0.062,0.01,0.104,-0.162,-0.059,0.01,0.1,-0.0,-2.762,-0.0,0.1,0.0
135.023,0.0,0.0,-0.065,1.868,-0.061,0.008,0.08,-0.481,-0.06,0.01,0.1,-0.001,-2.752,-0.0,0.1,0.0
135.13,0.0,0.0,-0.065,1.871,-0.059,0.008,0.079,-0.01,-0.06,0.009,0.098,-0.002,-2.742,-0.0,0.1,0.0
135.238,0.0,0.0,-0.063,1.88,-0.06,0.011,0.111,0.645,-0.059,0.009,0.097,-0.002,-2.715,-0.0,0.1,0.0
135.339,0.0,0.0,-0.062,1.884,-0.059,0.008,0.079,-0.654,-0.059,0.009,0.097,-0.001,-2.737,-0.0,0.1,0.0
135.437,0.0,0.0,-0.063,1.879,-0.062,0.004,0.041,-0.759,-0.058,0.009,0.096,-0.002,-2.73,-0.0,0.1,0.0
135.547,0.0,0.0,-0.061,1.885,-0.06,0.011,0.112,1.421,-0.059,0.008,0.092,-0.004,-2.726,-0.0,0.1,0.0
135.569,0.0,0.0,-0.053,1.921,-0.062,0.01,0.1,-0.243,-0.059,0.009,0.093,-0.003,-2.72,-0.0,0.1,0.0
135.679,0.0,0.0,-0.056,1.911,-0.058,0.012,0.122,0.455,-0.06,0.009,0.093,-0.002,-2.713,-0.0,0.1,0.0
135.778,0.0,0.0,-0.055,1.913,-0.059,0.01,0.096,-0.526,-0.058,0.009,0.095,-0.0,-2.73,-0.0,0.1,0.0
135.875,0.0,0.0,-0.061,1.889,-0.059,0.01,0.099,0.052,-0.058,0.009,0.095,-0.0,-2.735,-0.0,0.1,0.0
135.971,0.0,0.0,-0.061,1.888,-0.058,0.008,0.077,-0.434,-0.058,0.009,0.095,-0.0,-2.735,-0.0,0.1,0.0
136.07,0.0,0.0,-0.061,1.887,-0.059,0.014,0.139,1.242,-0.057,0.009,0.094,-0.001,-2.738,-0.0,0.1,0.0
136.091,0.0,0.0,-0.06,1.892,-0.059,0.014,0.139,0.0,-0.057,0.01,0.096,0.001,-2.743,-0.0,0.1,0.0
136.185,0.0,0.0,-0.064,1.872,-0.059,0.012,0.124,-0.305,-0.057,0.01,0.099,0.002,-2.729,-0.0,0.1,0.0
136.289,0.0,0.0,-0.069,1.853,-0.063,0.016,0.159,0.705,-0.057,0.01,0.101,0.002,-2.772,-0.0,0.1,0.0
136.38,0.0,0.0,-0.071,1.843,-0.059,0.007,0.066,-1.85,-0.059,0.011,0.105,0.003,-2.77,-0.0,0.1,0.0
136.472,0.0,0.0,-0.074,1.83,-0.058,0.01,0.099,0.653,-0.058,0.01,0.102,0.0,-2.759,-0.0,0.1,0.0
136.589,0.0,0.0,-0.071,1.845,-0.063,0.01,0.103,0.084,-0.058,0.01,0.102,-0.0,-2.752,-0.0,0.1,0.0
136.702,0.0,0.0,-0.071,1.844,-0.062,0.012,0.116,0.261,-0.059,0.01,0.102,-0.001,-2.741,-0.0,0.1,0.0
136.728,0.0,0.0,-0.068,1.857,-0.062,0.012,0.116,0.0,-0.06,0.01,0.102,-0.001,-2.738,-0.0,0.1,0.0
136.83,0.0,0.0,-0.069,1.853,-0.061,0.01,0.103,-0.267,-0.06,0.01,0.103,-0.001,-2.729,-0.0,0.1,0.0
136.937,0.0,0.0,-0.07,1.849,-0.057,0.01,0.096,-0.14,-0.059,0.01,0.103,-0.001,-2.722,-0.0,0.1,0.0
137.028,0.0,0.0,-0.07,1.848,-0.058,0.011,0.112,0.314,-0.058,0.01,0.103,-0.001,-2.705,-0.0,0.1,0.0
137.141,0.0,0.0,-0.071,1.841,-0.061,0.009,0.091,-0.407,-0.057,0.01,0.103,-0.0,-2.752,-0.0,0.1,0.0
137.25,0.0,0.0,-0.073,1.836,-0.056,0.005,0.05,-0.833,-0.058,0.01,0.102,-0.001,-2.728,-0.0,0.1,0.0
137.271,0.0,0.0,-0.069,1.85,-0.056,0.005,0.05,0.0,-0.057,0.009,0.099,-0.003,-2.728,-0.0,0.1,0.0
137.372,0.0,0.0,-0.066,1.866,-0.06,0.002,0.016,-0.679,-0.056,0.009,0.095,-0.004,-2.721,-0.0,0.1,0.0
137.495,0.0,0.0,-0.062,1.885,-0.06,0.006,0.062,0.931,-0.057,0.007,0.089,-0.007,-2.726,-0.0,0.1,0.0
137.585,0.0,0.0,-0.051,1.933,-0.061,0.011,0.107,0.902,-0.058,0.007,0.087,-0.007,-2.737,-0.0,0.1,0.0
137.706,0.0,0.0,-0.047,1.952,-0.061,0.009,0.087,-0.411,-0.059,0.008,0.087,-0.005,-2.728,-0.0,0.1,0.0
137.724,0.0,0.0,-0.047,1.949,-0.061,0.009,0.087,0.0,-0.06,0.008,0.087,-0.004,-2.728,-0.0,0.1,0.0
137.845,0.0,0.0,-0.047,1.953,-0.062,0.013,0.132,0.91,-0.06,0.008,0.086,-0.003,-2.711,-0.0,0.1,0.0
137.87,0.0,0.0,-0.046,1.955,-0.062,0.008,0.079,-1.067,-0.06,0.009,0.089,-0.001,-2.705,-0.0,0.1,0.0
137.972,0.0,0.0,-0.05,1.936,-0.061,0.009,0.095,0.311,-0.06,0.008,0.088,-0.002,-2.708,-0.0,0.1,0.0
138.064,0.0,0.0,-0.049,1.943,-0.059,0.013,0.128,0.666,-0.06,0.009,0.088,-0.001,-2.72,-0.0,0.1,0.0
138.086,0.0,0.0,-0.049,1.94,-0.059,0.013,0.128,0.0,-0.059,0.009,0.091,0.001,-2.741,-0.0,0.1,0.0
138.207,0.0,0.0,-0.055,1.916,-0.061,0.009,0.092,-0.718,-0.058,0.01,0.093,0.002,-2.742,-0.0,0.1,0.0
138.23,0.0,0.0,-0.059,1.896,-0.061,0.009,0.092,0.0,-0.059,0.009,0.093,0.001,-2.742,-0.0,0.1,0.0
138.342,0.0,0.0,-0.058,1.902,-0.063,0.011,0.114,0.445,-0.059,0.009,0.093,-0.0,-2.734,-0.0,0.1,0.0
138.436,0.0,0.0,-0.057,1.906,-0.061,0.006,0.058,-1.12,-0.06,0.009,0.094,0.0,-2.709,-0.0,0.1,0.0
138.544,0.0,0.0,-0.057,1.904,-0.06,0.007,0.075,0.335,-0.06,0.009,0.092,-0.002,-2.745,-0.0,0.1,0.0
138.581,0.0,0.0,-0.054,1.919,-0.058,0.009,0.093,0.37,-0.059,0.009,0.091,-0.002,-2.744,-0.0,0.1,0.0
138.693,0.0,0.0,-0.053,1.923,-0.063,0.012,0.117,0.467,-0.058,0.009,0.091,-0.001,-2.756,-0.0,0.1,0.0
138.818,0.0,0.0,-0.055,1.916,-0.056,0.01,0.098,-0.367,-0.059,0.009,0.092,-0.001,-2.76,-0.0,0.1,0.0
138.849,0.0,0.0,-0.055,1.914,-0.056,0.01,0.098,0.0,-0.057,0.009,0.092,0.0,-2.746,-0.0,0.1,0.0
138.877,0.0,0.0,-0.059,1.899,-0.063,0.005,0.048,-1.008,-0.056,0.009,0.093,0.0,-2.757,-0.0,0.1,0.0
138.992,0.0,0.0,-0.061,1.89,-0.059,0.01,0.105,1.129,-0.059,0.008,0.09,-0.003,-2.771,-0.0,0.1,0.0
139.089,0.0,0.0,-0.052,1.929,-0.058,0.011,0.112,0.15,-0.058,0.009,0.09,-0.002,-2.803,-0.0,0.1,0.0
139.2,0.0,0.0,-0.054,1.919,-0.058,0.005,0.054,-1.164,-0.057,0.009,0.092,-0.0,-2.791,-0.0,0.1,0.0
139.221,0.0,0.0,-0.057,1.905,-0.058,0.005,0.054,0.0,-0.057,0.009,0.089,-0.002,-2.783,-0.0,0.1,0.0
139.317,0.0,0.0,-0.054,1.921,-0.061,0.011,0.112,1.159,-0.057,0.008,0.086,-0.003,-2.751,-0.0,0.1,0.0
139.41,0.0,0.0,-0.05,1.937,-0.055,0.005,0.046,-1.324,-0.058,0.008,0.088,-0.002,-2.759,-0.0,0.1,0.0
139.43,0.0,0.0,-0.051,1.934,-0.055,0.005,0.046,0.0,-0.056,0.008,0.085,-0.003,-2.75,-0.0,0.1,0.0
139.536,0.0,0.0,-0.048,1.944,-0.06,0.011,0.108,1.255,-0.055,0.008,0.082,-0.004,-2.742,-0.0,0.1,0.0
139.633,0.0,0.0,-0.045,1.958,-0.06,0.01,0.098,-0.199,-0.057,0.008,0.083,-0.002,-2.757,-0.0,0.1,0.0
139.74,0.0,0.0,-0.046,1.956,-0.062,0.012,0.116,0.348,-0.058,0.008,0.084,-0.002,-2.743,-0.0,0.1,0.0
139.857,0.0,0.0,-0.046,1.957,-0.06,0.009,0.087,-0.57,-0.059,0.008,0.086,-0.001,-2.717,-0.0,0.1,0.0
139.883,0.0,0.0,-0.047,1.951,-0.061,0.012,0.12,0.65,-0.059,0.008,0.085,-0.001,-2.737,-0.0,0.1,0.0
139.988,0.0,0.0,-0.047,1.949,-0.063,0.016,0.159,0.777,-0.059,0.009,0.088,0.0,-2.758,-0.0,0.1,0.0
140.087,0.0,0.0,-0.05,1.935,-0.056,0.004,0.041,-2.343,-0.06,0.01,0.092,0.002,-2.747,-0.0,0.1,0.0
140.182,0.0,0.0,-0.056,1.91,-0.061,0.009,0.091,0.989,-0.057,0.009,0.089,0.0,-2.736,-0.0,0.1,0.0
140.285,0.0,0.0,-0.054,1.919,-0.059,0.006,0.059,-0.646,-0.058,0.009,0.089,-0.0,-2.719,-0.0,0.1,0.0
140.411,0.0,0.0,-0.053,1.925,-0.061,0.01,0.1,0.819,-0.058,0.008,0.087,-0.002,-2.741,-0.0,0.1,0.0
140.435,0.0,0.0,-0.049,1.94,-0.061,0.01,0.1,0.0,-0.059,0.008,0.087,-0.002,-2.752,-0.0,0.1,0.0
140.547,0.0,0.0,-0.049,1.94,-0.062,0.01,0.099,-0.015,-0.059,0.009,0.088,-0.001,-2.743,-0.0,0.1,0.0
140.58,0.0,0.0,-0.05,1.937,-0.063,0.007,0.075,-0.48,-0.06,0.009,0.088,-0.001,-2.763,-0.0,0.1,0.0
140.679,0.0,0.0,-0.05,1.936,-0.058,0.012,0.119,0.884,-0.061,0.008,0.087,-0.002,-2.756,-0.0,0.1,0.0
140.803,0.0,0.0,-0.047,1.95,-0.059,0.011,0.112,-0.146,-0.059,0.009,0.089,0.0,-2.749,-0.0,0.1,0.0
140.823,0.0,0.0,-0.053,1.924,-0.059,0.011,0.112,0.0,-0.058,0.009,0.091,0.001,-2.74,-0.0,0.1,0.0
140.926,0.0,0.0,-0.056,1.91,-0.063,0.017,0.172,1.208,-0.058,0.009,0.092,0.001,-2.737,-0.0,0.1,0.0
141.064,0.0,0.0,-0.058,1.899,-0.06,0.007,0.067,-2.107,-0.06,0.01,0.097,0.003,-2.734,-0.0,0.1,0.0
141.088,0.0,0.0,-0.064,1.875,-0.06,0.007,0.067,0.0,-0.059,0.01,0.096,0.001,-2.745,-0.0,0.1,0.0
141.201,0.0,0.0,-0.061,1.888,-0.058,0.009,0.092,0.497,-0.059,0.009,0.094,-0.001,-2.736,-0.0,0.1,0.0
141.224,0.0,0.0,-0.058,1.901,-0.058,0.009,0.092,0.0,-0.058,0.009,0.093,-0.001,-2.727,-0.0,0.1,0.0
141.337,0.0,0.0,-0.059,1.897,-0.06,0.004,0.045,-0.937,-0.057,0.009,0.093,-0.001,-2.758,-0.0,0.1,0.0
141.446,0.0,0.0,-0.059,1.896,-0.057,0.016,0.164,2.387,-0.058,0.008,0.09,-0.003,-2.758,-0.0,0.1,0.0
141.47,0.0,0.0,-0.053,1.925,-0.059,0.004,0.037,-2.535,-0.057,0.01,0.094,0.001,-2.766,-0.0,0.1,0.0
141.577,0.0,0.0,-0.062,1.884,-0.066,0.007,0.071,0.67,-0.057,0.009,0.091,-0.002,-2.772,-0.0,0.1,0.0
141.689,0.0,0.0,-0.055,1.915,-0.059,0.005,0.053,-0.351,-0.061,0.008,0.089,-0.004,-2.765,-0.0,0.1,0.0
141.711,0.0,0.0,-0.048,1.947,-0.059,0.005,0.053,0.0,-0.059,0.008,0.086,-0.004,-2.756,-0.0,0.1,0.0
141.732,0.0,0.0,-0.046,1.954,-0.059,0.005,0.053,0.0,-0.058,0.007,0.083,-0.004,-2.747,-0.0,0.1,0.0
141.844,0.0,0.0,-0.044,1.966,-0.059,0.004,0.042,-0.235,-0.058,0.007,0.081,-0.005,-2.745,-0.0,0.1,0.0
141.956,0.0,0.0,-0.041,1.978,-0.059,0.011,0.108,1.325,-0.058,0.007,0.078,-0.005,-2.744,-0.0,0.1,0.0
141.985,0.0,0.0,-0.036,1.999,-0.058,0.012,0.116,0.156,-0.058,0.007,0.079,-0.003,-2.771,-0.0,0.1,0.0
142.091,0.0,0.0,-0.04,1.984,-0.059,0.01,0.095,-0.403,-0.057,0.008,0.082,-0.001,-2.754,-0.0,0.1,0.0
142.195,0.0,0.0,-0.044,1.963,-0.058,0.01,0.097,0.021,-0.057,0.008,0.082,-0.0,-2.755,-0.0,0.1,0.0
142.214,0.0,0.0,-0.045,1.959,-0.058,0.01,0.097,0.0,-0.057,0.008,0.083,0.0,-2.747,-0.0,0.1,0.0
142.32,0.0,0.0,-0.047,1.953,-0.059,0.011,0.108,0.236,-0.057,0.008,0.084,0.0,-2.736,-0.0,0.1,0.0
142.342,0.0,0.0,-0.048,1.947,-0.059,0.011,0.108,0.0,-0.057,0.009,0.086,0.001,-2.735,-0.0,0.1,0.0
142.448,0.0,0.0,-0.05,1.939,-0.059,0.01,0.104,-0.091,-0.057,0.009,0.087,0.001,-2.728,-0.0,0.1,0.0
142.475,0.0,0.0,-0.052,1.93,-0.061,0.01,0.1,-0.076,-0.058,0.009,0.088,0.001,-2.746,-0.0,0.1,0.0
142.597,0.0,0.0,-0.053,1.924,-0.062,0.008,0.082,-0.356,-0.058,0.009,0.089,0.001,-2.715,-0.0,0.1,0.0
142.618,0.0,0.0,-0.053,1.924,-0.062,0.008,0.082,0.0,-0.059,0.009,0.088,-0.001,-2.706,-0.0,0.1,0.0
142.72,0.0,0.0,-0.05,1.936,-0.06,0.01,0.099,0.34,-0.06,0.008,0.088,-0.001,-2.73,-0.0,0.1,0.0
142.821,0.0,0.0,-0.048,1.945,-0.059,0.008,0.08,-0.391,-0.059,0.009,0.088,-0.001,-2.727,-0.0,0.1,0.0
142.845,0.0,0.0,-0.05,1.936,-0.059,0.008,0.08,0.0,-0.059,0.009,0.088,-0.001,-2.729,-0.0,0.1,0.0
142.871,0.0,0.0,-0.05,1.936,-0.06,0.004,0.041,-0.768,-0.058,0.008,0.087,-0.001,-2.749,-0.0,0.1,0.0
142.996,0.0,0.0,-0.05,1.938,-0.06,0.012,0.12,1.575,-0.058,0.008,0.084,-0.003,-2.731,-0.0,0.1,0.0
143.019,0.0,0.0,-0.044,1.963,-0.06,0.012,0.12,0.0,-0.058,0.008,0.086,-0.001,-2.722,-0.0,0.1,0.0
143.131,0.0,0.0,-0.048,1.946,-0.058,0.012,0.116,-0.078,-0.058,0.009,0.088,0.0,-2.699,-0.0,0.1,0.0
143.242,0.0,0.0,-0.051,1.93,-0.06,0.01,0.1,-0.316,-0.057,0.009,0.09,0.001,-2.743,-0.0,0.1,0.0
143.348,0.0,0.0,-0.056,1.912,-0.056,0.015,0.147,0.944,-0.058,0.009,0.09,0.001,-2.741,-0.0,0.1,0.0
143.373,0.0,0.0,-0.056,1.911,-0.061,0.014,0.141,-0.132,-0.056,0.01,0.094,0.003,-2.763,-0.0,0.1,0.0
143.469,0.0,0.0,-0.064,1.874,-0.061,0.011,0.112,-0.579,-0.057,0.01,0.097,0.003,-2.731,-0.0,0.1,0.0
143.491,0.0,0.0,-0.067,1.862,-0.061,0.011,0.112,0.0,-0.058,0.01,0.098,0.002,-2.743,-0.0,0.1,0.0
143.604,0.0,0.0,-0.066,1.864,-0.06,0.007,0.074,-0.754,-0.059,0.01,0.099,0.001,-2.74,-0.0,0.1,0.0
143.628,0.0,0.0,-0.066,1.863,-0.06,0.007,0.074,0.0,-0.059,0.01,0.098,-0.0,-2.74,-0.0,0.1,0.0
143.761,0.0,0.0,-0.064,1.875,-0.058,0.002,0.02,-1.075,-0.058,0.009,0.096,-0.002,-2.754,-0.0,0.1,0.0
143.783,0.0,0.0,-0.061,1.887,-0.058,0.002,0.02,0.0,-0.057,0.008,0.091,-0.004,-2.775,-0.0,0.1,0.0
143.873,0.0,0.0,-0.054,1.918,-0.058,0.011,0.108,1.745,-0.057,0.007,0.086,-0.006,-2.775,-0.0,0.1,0.0
143.966,0.0,0.0,-0.047,1.949,-0.062,0.009,0.091,-0.325,-0.057,0.008,0.087,-0.004,-2.737,-0.0,0.1,0.0
143.991,0.0,0.0,-0.05,1.937,-0.062,0.009,0.091,0.0,-0.059,0.008,0.086,-0.004,-2.729,-0.0,0.1,0.0
144.084,0.0,0.0,-0.047,1.949,-0.059,0.01,0.104,0.254,-0.06,0.008,0.086,-0.003,-2.751,-0.0,0.1,0.0
144.181,0.0,0.0,-0.046,1.955,-0.059,0.01,0.104,0.0,-0.059,0.008,0.087,-0.002,-2.759,-0.0,0.1,0.0
144.295,0.0,0.0,-0.049,1.941,-0.061,0.011,0.112,0.152,-0.058,0.009,0.088,-0.001,-2.745,-0.0,0.1,0.0
144.408,0.0,0.0,-0.051,1.931,-0.059,0.01,0.1,-0.243,-0.059,0.009,0.089,-0.0,-2.741,-0.0,0.1,0.0
144.431,0.0,0.0,-0.053,1.924,-0.059,0.01,0.1,0.0,-0.058,0.009,0.09,0.0,-2.743,-0.0,0.1,0.0
144.532,0.0,0.0,-0.055,1.916,-0.059,0.01,0.1,0.0,-0.058,0.009,0.091,0.0,-2.723,-0.0,0.1,0.0
144.649,0.0,0.0,-0.056,1.91,-0.059,0.011,0.113,0.261,-0.057,0.009,0.091,0.0,-2.798,-0.0,0.1,0.0
144.672,0.0,0.0,-0.057,1.906,-0.06,0.006,0.063,-0.998,-0.057,0.009,0.093,0.001,-2.789,-0.0,0.1,0.0
144.793,0.0,0.0,-0.059,1.897,-0.056,0.011,0.109,0.919,-0.058,0.009,0.091,-0.001,-2.771,-0.0,0.1,0.0
144.813,0.0,0.0,-0.055,1.916,-0.056,0.011,0.109,0.0,-0.056,0.009,0.092,0.0,-2.771,-0.0,0.1,0.0
144.927,0.0,0.0,-0.059,1.898,-0.058,0.01,0.103,-0.108,-0.055,0.009,0.093,0.001,-2.735,-0.0,0.1,0.0
145.031,0.0,0.0,-0.062,1.885,-0.064,0.01,0.096,-0.153,-0.056,0.009,0.093,0.001,-2.762,-0.0,0.1,0.0
145.154,0.0,0.0,-0.062,1.884,-0.059,0.008,0.083,-0.255,-0.059,0.009,0.093,-0.001,-2.775,-0.0,0.1,0.0
145.182,0.0,0.0,-0.057,1.904,-0.06,0.004,0.036,-0.941,-0.058,0.009,0.092,-0.001,-2.766,-0.0,0.1,0.0
145.292,0.0,0.0,-0.057,1.906,-0.06,0.004,0.036,0.0,-0.058,0.008,0.088,-0.004,-2.754,-0.0,0.1,0.0
145.399,0.0,0.0,-0.05,1.937,-0.059,0.01,0.097,1.215,-0.059,0.007,0.084,-0.005,-2.735,-0.0,0.1,0.0
145.419,0.0,0.0,-0.044,1.965,-0.059,0.01,0.097,0.0,-0.058,0.008,0.085,-0.004,-2.73,-0.0,0.1,0.0
145.522,0.0,0.0,-0.045,1.958,-0.059,0.005,0.046,-1.017,-0.058,0.008,0.085,-0.002,-2.761,-0.0,0.1,0.0
145.63,0.0,0.0,-0.047,1.951,-0.062,0.011,0.112,1.326,-0.058,0.008,0.082,-0.004,-2.766,-0.0,0.1,0.0
145.725,0.0,0.0,-0.043,1.97,-0.062,0.01,0.096,-0.319,-0.059,0.008,0.084,-0.002,-2.76,-0.0,0.1,0.0
145.819,0.0,0.0,-0.044,1.963,-0.061,0.013,0.135,0.77,-0.06,0.008,0.084,-0.002,-2.746,-0.0,0.1,0.0
145.94,0.0,0.0,-0.044,1.963,-0.06,0.006,0.06,-1.484,-0.06,0.009,0.087,0.0,-2.747,-0.0,0.1,0.0
145.967,0.0,0.0,-0.049,1.94,-0.062,0.008,0.079,0.364,-0.059,0.008,0.086,-0.001,-2.753,-0.0,0.1,0.0
145.991,0.0,0.0,-0.047,1.951,-0.062,0.008,0.079,0.0,-0.06,0.008,0.085,-0.001,-2.751,-0.0,0.1,0.0
146.089,0.0,0.0,-0.045,1.959,-0.062,0.008,0.079,0.0,-0.06,0.008,0.084,-0.002,-2.765,-0.0,0.1,0.0
146.209,0.0,0.0,-0.044,1.965,-0.059,0.011,0.112,0.676,-0.06,0.008,0.084,-0.002,-2.757,-0.0,0.1,0.0
146.232,0.0,0.0,-0.043,1.97,-0.059,0.011,0.112,0.0,-0.059,0.009,0.085,-0.0,-2.748,-0.0,0.1,0.0
146.332,0.0,0.0,-0.047,1.951,-0.058,0.011,0.108,-0.093,-0.059,0.009,0.087,0.001,-2.753,-0.0,0.1,0.0
146.436,0.0,0.0,-0.05,1.936,-0.061,0.004,0.041,-1.33,-0.057,0.009,0.089,0.002,-2.768,-0.0,0.1,0.0
146.543,0.0,0.0,-0.054,1.92,-0.061,0.014,0.137,1.925,-0.058,0.008,0.085,-0.001,-2.759,-0.0,0.1,0.0
146.641,0.0,0.0,-0.047,1.95,-0.06,0.009,0.095,-0.848,-0.059,0.009,0.089,0.0,-2.749,-0.0,0.1,0.0
146.743,0.0,0.0,-0.052,1.93,-0.061,0.011,0.112,0.331,-0.059,0.009,0.089,0.0,-2.735,-0.0,0.1,0.0
146.835,0.0,0.0,-0.052,1.927,-0.062,0.007,0.071,-0.818,-0.059,0.009,0.09,0.001,-2.743,-0.0,0.1,0.0
146.95,0.0,0.0,-0.054,1.918,-0.065,0.009,0.088,0.344,-0.06,0.009,0.089,-0.001,-2.766,-0.0,0.1,0.0
146.976,0.0,0.0,-0.05,1.935,-0.063,0.01,0.099,0.226,-0.062,0.008,0.088,-0.002,-2.747,-0.0,0.1,0.0
147.079,0.0,0.0,-0.047,1.949,-0.06,0.01,0.103,0.082,-0.062,0.009,0.089,-0.001,-2.751,-0.0,0.1,0.0
147.171,0.0,0.0,-0.048,1.945,-0.059,0.012,0.12,0.342,-0.06,0.009,0.09,-0.0,-2.744,-0.0,0.1,0.0
147.29,0.0,0.0,-0.052,1.929,-0.058,0.013,0.132,0.229,-0.059,0.009,0.092,0.001,-2.758,-0.0,0.1,0.0
147.426,0.0,0.0,-0.056,1.909,-0.058,0.005,0.054,-1.56,-0.058,0.01,0.095,0.003,-2.761,-0.0,0.1,0.0
147.461,0.0,0.0,-0.062,1.882,-0.058,0.005,0.054,0.0,-0.057,0.009,0.092,0.0,-2.757,-0.0,0.1,0.0
147.497,0.0,0.0,-0.058,1.9,-0.059,0.007,0.067,0.259,-0.057,0.009,0.089,-0.002,-2.749,-0.0,0.1,0.0
147.522,0.0,0.0,-0.054,1.918,-0.059,0.007,0.067,0.0,-0.057,0.008,0.088,-0.003,-2.751,-0.0,0.1,0.0
147.638,0.0,0.0,-0.051,1.933,-0.062,0.01,0.098,0.62,-0.058,0.008,0.086,-0.003,-2.736,-0.0,0.1,0.0
147.727,0.0,0.0,-0.048,1.946,-0.06,0.005,0.05,-0.959,-0.059,0.008,0.086,-0.003,-2.713,-0.0,0.1,0.0
147.84,0.0,0.0,-0.047,1.951,-0.061,0.013,0.133,1.663,-0.059,0.008,0.083,-0.004,-2.77,-0.0,0.1,0.0
147.939,0.0,0.0,-0.043,1.968,-0.06,0.008,0.083,-0.997,-0.059,0.008,0.086,-0.001,-2.773,-0.0,0.1,0.0
148.032,0.0,0.0,-0.048,1.946,-0.059,0.012,0.12,0.738,-0.059,0.008,0.086,-0.001,-2.736,-0.0,0.1,0.0
148.13,0.0,0.0,-0.048,1.948,-0.059,0.012,0.119,-0.013,-0.058,0.009,0.088,0.0,-2.739,-0.0,0.1,0.0
148.228,0.0,0.0,-0.052,1.928,-0.057,0.005,0.054,-1.313,-0.058,0.009,0.09,0.001,-2.723,-0.0,0.1,0.0
148.34,0.0,0.0,-0.055,1.913,-0.06,0.008,0.075,0.433,-0.057,0.009,0.088,-0.0,-2.776,-0.0,0.1,0.0
148.443,0.0,0.0,-0.053,1.924,-0.061,0.011,0.112,0.731,-0.058,0.008,0.087,-0.001,-2.757,-0.0,0.1,0.0
148.472,0.0,0.0,-0.05,1.937,-0.06,0.01,0.096,-0.328,-0.058,0.009,0.088,-0.001,-2.767,-0.0,0.1,0.0
148.58,0.0,0.0,-0.051,1.931,-0.06,0.007,0.066,-0.598,-0.058,0.009,0.089,-0.001,-2.753,-0.0,0.1,0.0
148.675,0.0,0.0,-0.052,1.929,-0.06,0.01,0.095,0.596,-0.058,0.008,0.087,-0.002,-2.798,-0.0,0.1,0.0
148.79,0.0,0.0,-0.049,1.94,-0.056,0.008,0.08,-0.318,-0.058,0.008,0.087,-0.001,-2.786,-0.0,0.1,0.0
148.814,0.0,0.0,-0.05,1.938,-0.056,0.008,0.08,0.0,-0.056,0.009,0.087,-0.001,-2.782,-0.0,0.1,0.0
148.912,0.0,0.0,-0.052,1.93,-0.061,0.008,0.084,0.088,-0.055,0.008,0.086,-0.001,-2.772,-0.0,0.1,0.0
148.931,0.0,0.0,-0.052,1.928,-0.061,0.008,0.084,0.0,-0.057,0.008,0.086,-0.002,-2.791,-0.0,0.1,0.0
149.039,0.0,0.0,-0.048,1.944,-0.061,0.013,0.132,0.97,-0.059,0.008,0.085,-0.002,-2.765,-0.0,0.1,0.0
149.132,0.0,0.0,-0.046,1.953,-0.062,0.007,0.07,-1.24,-0.059,0.009,0.088,-0.0,-2.761,-0.0,0.1,0.0
149.228,0.0,0.0,-0.051,1.934,-0.061,0.009,0.088,0.349,-0.06,0.008,0.087,-0.001,-2.772,-0.0,0.1,0.0
149.344,0.0,0.0,-0.048,1.948,-0.058,0.013,0.132,0.883,-0.059,0.008,0.087,-0.001,-2.761,-0.0,0.1,0.0
149.448,0.0,0.0,-0.048,1.947,-0.061,0.008,0.083,-0.978,-0.058,0.009,0.09,0.001,-2.727,-0.0,0.1,0.0
149.468,0.0,0.0,-0.054,1.918,-0.061,0.008,0.083,0.0,-0.059,0.009,0.089,-0.0,-2.727,-0.0,0.1,0.0
149.581,0.0,0.0,-0.052,1.926,-0.056,0.003,0.033,-0.998,-0.059,0.009,0.088,-0.001,-2.744,-0.0,0.1,0.0
149.689,0.0,0.0,-0.051,1.933,-0.061,0.011,0.111,1.558,-0.057,0.008,0.085,-0.003,-2.736,-0.0,0.1,0.0
149.717,0.0,0.0,-0.048,1.948,-0.061,0.011,0.111,0.0,-0.058,0.008,0.086,-0.002,-2.722,-0.0,0.1,0.0
149.827,0.0,0.0,-0.048,1.945,-0.063,0.012,0.124,0.263,-0.059,0.009,0.088,-0.001,-2.741,-0.0,0.1,0.0
149.945,0.0,0.0,-0.05,1.939,-0.059,0.007,0.073,-1.033,-0.06,0.009,0.09,0.0,-2.714,-0.0,0.1,0.0
149.976,0.0,0.0,-0.052,1.929,-0.062,0.013,0.132,1.183,-0.059,0.009,0.089,-0.0,-2.707,-0.0,0.1,0.0
150.107,0.0,0.0,-0.051,1.931,-0.06,0.01,0.099,-0.652,-0.06,0.009,0.091,0.001,-2.727,-0.0,0.1,0.0
150.133,0.0,0.0,-0.055,1.915,-0.06,0.01,0.099,0.0,-0.059,0.009,0.092,0.001,-2.748,-0.0,0.1,0.0
150.235,0.0,0.0,-0.056,1.91,-0.057,0.013,0.128,0.578,-0.059,0.009,0.092,0.0,-2.747,-0.0,0.1,0.0
150.365,0.0,0.0,-0.057,1.907,-0.06,0.016,0.158,0.606,-0.057,0.01,0.095,0.002,-2.727,-0.0,0.1,0.0
150.389,0.0,0.0,-0.062,1.881,-0.06,0.016,0.158,0.0,-0.058,0.011,0.099,0.004,-2.714,-0.0,0.1,0.0
150.502,0.0,0.0,-0.068,1.854,-0.06,0.011,0.112,-0.929,-0.058,0.011,0.103,0.005,-2.709,-0.0,0.1,0.0
150.529,0.0,0.0,-0.074,1.828,-0.06,0.011,0.112,0.0,-0.058,0.011,0.104,0.003,-2.738,-0.0,0.1,0.0
150.641,0.0,0.0,-0.074,1.829,-0.059,0.006,0.063,-0.986,-0.058,0.011,0.105,0.002,-2.749,-0.0,0.1,0.0
150.671,0.0,0.0,-0.074,1.829,-0.058,0.006,0.057,-0.107,-0.058,0.01,0.102,-0.001,-2.739,-0.0,0.1,0.0
150.787,0.0,0.0,-0.07,1.848,-0.061,0.008,0.08,0.462,-0.057,0.009,0.099,-0.003,-2.714,-0.0,0.1,0.0
150.901,0.0,0.0,-0.066,1.866,-0.059,0.011,0.107,0.538,-0.058,0.009,0.097,-0.003,-2.703,-0.0,0.1,0.0
150.921,0.0,0.0,-0.062,1.883,-0.059,0.011,0.107,0.0,-0.058,0.009,0.098,-0.002,-2.703,-0.0,0.1,0.0
151.017,0.0,0.0,-0.063,1.877,-0.062,0.011,0.108,0.019,-0.058,0.009,0.098,-0.002,-2.752,-0.0,0.1,0.0
151.117,0.0,0.0,-0.064,1.872,-0.06,0.009,0.091,-0.337,-0.059,0.009,0.098,-0.002,-2.758,-0.0,0.1,0.0
151.139,0.0,0.0,-0.063,1.877,-0.06,0.009,0.091,0.0,-0.059,0.009,0.098,-0.002,-2.779,-0.0,0.1,0.0
151.288,0.0,0.0,-0.063,1.88,-0.058,0.005,0.05,-0.833,-0.059,0.009,0.097,-0.002,-2.755,-0.0,0.1,0.0
151.326,0.0,0.0,-0.062,1.884,-0.058,0.005,0.05,0.0,-0.058,0.009,0.094,-0.003,-2.751,-0.0,0.1,0.0
151.369,0.0,0.0,-0.058,1.901,-0.06,0.01,0.099,0.988,-0.057,0.008,0.09,-0.004,-2.747,-0.0,0.1,0.0
151.408,0.0,0.0,-0.054,1.919,-0.06,0.01,0.099,0.0,-0.058,0.008,0.09,-0.003,-2.739,-0.0,0.1,0.0
151.441,0.0,0.0,-0.054,1.919,-0.06,0.01,0.099,0.0,-0.058,0.009,0.091,-0.002,-2.754,-0.0,0.1,0.0
151.571,0.0,0.0,-0.054,1.918,-0.062,0.006,0.059,-0.8,-0.058,0.009,0.091,-0.002,-2.748,-0.0,0.1,0.0
151.595,0.0,0.0,-0.055,1.916,-0.062,0.006,0.059,0.0,-0.059,0.008,0.088,-0.004,-2.748,-0.0,0.1,0.0
151.63,0.0,0.0,-0.049,1.941,-0.062,0.006,0.059,0.0,-0.06,0.008,0.086,-0.004,-2.772,-0.0,0.1,0.0
151.742,0.0,0.0,-0.045,1.961,-0.06,0.008,0.079,0.397,-0.061,0.007,0.084,-0.005,-2.734,-0.0,0.1,0.0
151.771,0.0,0.0,-0.041,1.978,-0.061,0.014,0.137,1.157,-0.06,0.008,0.083,-0.004,-2.718,-0.0,0.1,0.0
151.881,0.0,0.0,-0.042,1.973,-0.06,0.011,0.111,-0.507,-0.06,0.008,0.086,-0.001,-2.741,-0.0,0.1,0.0
151.995,0.0,0.0,-0.047,1.949,-0.06,0.015,0.153,0.829,-0.059,0.009,0.088,0.0,-2.73,-0.0,0.1,0.0
152.018,0.0,0.0,-0.05,1.935,-0.06,0.015,0.153,0.0,-0.059,0.01,0.092,0.003,-2.75,-0.0,0.1,0.0
152.125,0.0,0.0,-0.057,1.904,-0.06,0.016,0.158,0.1,-0.059,0.01,0.096,0.004,-2.742,-0.0,0.1,0.0
152.241,0.0,0.0,-0.064,1.875,-0.058,0.012,0.12,-0.753,-0.059,0.011,0.101,0.005,-2.725,-0.0,0.1,0.0
152.334,0.0,0.0,-0.07,1.847,-0.062,0.006,0.063,-1.14,-0.058,0.011,0.102,0.004,-2.746,-0.0,0.1,0.0
152.464,0.0,0.0,-0.073,1.834,-0.064,0.005,0.054,-0.185,-0.059,0.01,0.1,0.001,-2.752,-0.0,0.1,0.0
152.481,0.0,0.0,-0.067,1.861,-0.064,0.005,0.054,0.0,-0.06,0.009,0.097,-0.002,-2.752,-0.0,0.1,0.0
152.629,0.0,0.0,-0.059,1.895,-0.064,0.005,0.054,0.0,-0.061,0.008,0.093,-0.004,-2.746,-0.0,0.1,0.0
