time,joy_delta,joy_speed,lqg_delta,d_ff,lqg_speed,lqg_e_cg,lqg_e_cg_dot,lqg_theta_e,lqg_theta_e_dot,future_curvature,lqg_e_cg_hat,lqg_e_cg_dot_hat,lqg_theta_e_hat,lqg_theta_e_dot_hat,yaw,yaw_rate,vx,vy
0.249,0.0,0.0,0.0,0.0,3.0,0.0,0.0,0.0,0.0,0.0,0.0,0.0,0.0,0.0,0.0,0.0,0.1,0.0
0.305,0.0,0.0,0.0,0.0,3.0,0.0,0.0,0.0,0.0,0.0,0.0,0.0,0.0,0.0,0.0,0.0,0.1,0.0
0.355,0.0,0.0,0.0,0.0,3.0,0.0,0.0,0.0,0.0,0.0,0.0,0.0,0.0,0.0,0.0,0.0,0.1,0.0
0.428,0.0,0.0,0.0,0.0,3.0,0.0,0.0,0.0,0.0,0.0,0.0,0.0,0.0,0.0,0.0,0.0,0.1,0.0
0.494,0.0,0.0,0.0,0.0,3.0,0.0,0.0,0.0,0.0,0.0,0.0,0.0,0.0,0.0,0.0,0.0,0.1,0.0
0.526,0.0,0.0,0.0,0.0,3.0,0.0,0.0,0.0,0.0,0.0,0.0,0.0,0.0,0.0,0.0,0.0,0.1,0.0
0.578,0.0,0.0,0.0,0.0,3.0,0.0,0.0,0.0,0.0,0.0,0.0,0.0,0.0,0.0,0.0,0.0,0.1,0.0
0.608,0.0,0.0,0.0,0.0,3.0,0.0,0.0,0.0,0.0,0.0,0.0,0.0,0.0,0.0,0.0,0.0,0.1,0.0
0.669,0.0,0.0,0.0,0.0,3.0,0.0,0.0,0.0,0.0,0.0,0.0,0.0,0.0,0.0,0.0,0.0,0.1,0.0
0.71,0.0,0.0,0.0,0.0,3.0,0.0,0.0,0.0,0.0,0.0,0.0,0.0,0.0,0.0,0.0,0.0,0.1,0.0
0.78,0.0,0.0,0.0,0.0,3.0,0.0,0.0,0.0,0.0,0.0,0.0,0.0,0.0,0.0,0.0,0.0,0.1,0.0
0.819,0.0,0.0,0.0,0.0,3.0,0.0,0.0,0.0,0.0,0.0,0.0,0.0,0.0,0.0,0.0,0.0,0.1,0.0
0.882,0.0,0.0,0.0,0.0,3.0,0.0,0.0,0.0,0.0,0.0,0.0,0.0,0.0,0.0,0.0,0.0,0.1,0.0
0.909,0.0,0.0,0.0,0.0,3.0,0.0,0.0,0.0,0.0,0.0,0.0,0.0,0.0,0.0,0.0,0.0,0.1,0.0
0.953,0.0,0.0,0.0,0.0,3.0,0.0,0.0,0.0,0.0,0.0,0.0,0.0,0.0,0.0,0.0,0.0,0.1,0.0
0.996,0.0,0.0,0.0,0.0,3.0,0.0,0.0,0.0,0.0,0.0,0.0,0.0,0.0,0.0,0.0,0.0,0.1,0.0
1.054,0.0,0.0,0.0,0.0,3.0,0.0,0.0,0.0,0.0,0.0,0.0,0.0,0.0,0.0,0.0,0.0,0.1,0.0
1.109,0.0,0.0,0.0,0.0,3.0,0.0,0.0,0.0,0.0,0.0,0.0,0.0,0.0,0.0,0.0,0.0,0.1,0.0
1.158,0.0,0.0,0.0,0.0,3.0,0.0,0.0,0.0,0.0,0.0,0.0,0.0,0.0,0.0,0.0,0.0,0.1,0.0
1.22,0.0,0.0,0.0,0.0,3.0,0.0,0.0,0.0,0.0,0.0,0.0,0.0,0.0,0.0,0.0,0.0,0.1,0.0
1.25,0.0,0.0,0.0,0.0,3.0,0.0,0.0,0.0,0.0,0.0,0.0,0.0,0.0,0.0,0.0,0.0,0.1,0.0
1.317,0.0,0.0,0.0,0.0,3.0,0.0,0.0,0.0,0.0,0.0,0.0,0.0,0.0,0.0,0.0,0.0,0.1,0.0
1.364,0.0,0.0,0.0,0.0,3.0,0.0,0.0,0.0,0.0,0.0,0.0,0.0,0.0,0.0,0.0,0.0,0.1,0.0
1.416,0.0,0.0,0.0,0.0,3.0,0.0,0.0,0.0,0.0,0.0,0.0,0.0,0.0,0.0,0.0,0.0,0.1,0.0
1.462,0.0,0.0,0.0,0.0,3.0,0.0,0.0,0.0,0.0,0.0,0.0,0.0,0.0,0.0,0.0,0.0,0.1,0.0
1.499,0.0,0.0,0.0,0.0,3.0,0.0,0.0,0.0,0.0,0.0,0.0,0.0,0.0,0.0,0.0,0.0,0.1,0.0
1.563,0.0,0.0,0.0,0.0,3.0,0.0,0.0,0.0,0.0,0.0,0.0,0.0,0.0,0.0,0.0,0.0,0.1,0.0
1.611,0.0,0.0,0.0,0.0,3.0,0.0,0.0,0.0,0.0,0.0,0.0,0.0,0.0,0.0,0.0,0.0,0.1,0.0
1.656,0.0,0.0,0.0,0.0,3.0,0.0,0.0,0.0,0.0,0.0,0.0,0.0,0.0,0.0,0.0,0.0,0.1,0.0
1.719,0.0,0.0,0.0,0.0,3.0,0.0,0.0,0.0,0.0,0.0,0.0,0.0,0.0,0.0,0.0,0.0,0.1,0.0
1.765,0.0,0.0,0.0,0.0,3.0,0.0,0.0,0.0,0.0,0.0,0.0,0.0,0.0,0.0,0.0,0.0,0.1,0.0
1.809,0.0,0.0,0.0,0.0,3.0,0.0,0.0,0.0,0.0,0.0,0.0,0.0,0.0,0.0,0.0,0.0,0.1,0.0
1.859,0.0,0.0,0.0,0.0,3.0,0.0,0.0,0.0,0.0,0.0,0.0,0.0,0.0,0.0,0.0,0.0,0.1,0.0
1.9,0.0,0.0,0.0,0.0,3.0,0.0,0.0,0.0,0.0,0.0,0.0,0.0,0.0,0.0,0.0,0.0,0.1,0.0
1.959,0.0,0.0,0.0,0.0,3.0,0.0,0.0,0.0,0.0,0.0,0.0,0.0,0.0,0.0,0.0,0.0,0.1,0.0
2.002,0.0,0.0,0.0,0.0,3.0,0.0,0.0,0.0,0.0,0.0,0.0,0.0,0.0,0.0,0.0,0.0,0.1,0.0
2.052,0.0,0.0,0.0,0.0,3.0,0.0,0.0,0.0,0.0,0.0,0.0,0.0,0.0,0.0,0.0,0.0,0.1,0.0
2.116,0.0,0.0,0.0,0.0,3.0,0.0,0.0,0.0,0.0,0.0,0.0,0.0,0.0,0.0,0.0,0.0,0.1,0.0
2.162,0.0,0.0,0.0,0.0,3.0,0.0,0.0,0.0,0.0,0.0,0.0,0.0,0.0,0.0,0.0,0.0,0.1,0.0
2.206,0.0,0.0,0.0,0.0,3.0,0.0,0.0,0.0,0.0,0.0,0.0,0.0,0.0,0.0,0.0,0.0,0.1,0.0
2.259,0.0,0.0,0.0,0.0,3.0,0.0,0.0,0.0,0.0,0.0,0.0,0.0,0.0,0.0,0.0,0.0,0.1,0.0
2.299,0.0,0.0,0.0,0.0,3.0,0.0,0.0,0.0,0.0,0.0,0.0,0.0,0.0,0.0,0.0,0.0,0.1,0.0
2.362,0.0,0.0,0.0,0.0,3.0,0.0,0.0,0.0,0.0,0.0,0.0,0.0,0.0,0.0,0.0,0.0,0.1,0.0
2.416,0.0,0.0,0.0,0.0,3.0,0.0,0.0,0.0,0.0,0.0,0.0,0.0,0.0,0.0,0.0,0.0,0.1,0.0
2.454,0.0,0.0,0.0,0.0,3.0,0.0,0.0,0.0,0.0,0.0,0.0,0.0,0.0,0.0,0.0,0.0,0.1,0.0
2.504,0.0,0.0,0.0,0.0,3.0,0.0,0.0,0.0,0.0,0.0,0.0,0.0,0.0,0.0,0.0,0.0,0.1,0.0
2.561,0.0,0.0,0.0,0.0,3.0,0.0,0.0,0.0,0.0,0.0,0.0,0.0,0.0,0.0,0.0,0.0,0.1,0.0
2.609,0.0,0.0,0.0,0.0,3.0,0.0,0.0,0.0,0.0,0.0,0.0,0.0,0.0,0.0,0.0,0.0,0.1,0.0
2.661,0.0,0.0,0.0,0.0,3.0,0.0,0.0,0.0,0.0,0.0,0.0,0.0,0.0,0.0,0.0,0.0,0.1,0.0
2.708,0.0,0.0,0.0,0.0,3.0,0.0,0.0,0.0,0.0,0.0,0.0,0.0,0.0,0.0,0.0,0.0,0.1,0.0
2.763,0.0,0.0,0.0,0.0,3.0,0.0,0.0,0.0,0.0,0.0,0.0,0.0,0.0,0.0,0.0,0.0,0.1,0.0
2.809,0.0,0.0,0.0,0.0,3.0,0.0,0.0,0.0,0.0,0.0,0.0,0.0,0.0,0.0,0.0,0.0,0.1,0.0
2.862,0.0,0.0,0.0,0.0,3.0,0.122,-0.003,-0.035,-0.695,0.0,0.0,0.0,0.0,0.0,0.0,0.0,0.1,0.0
2.927,0.0,0.0,0.0,0.0,3.0,0.118,-0.003,-0.031,0.069,0.0,0.058,0.035,0.003,0.01,0.0,0.0,0.1,0.0
3.002,0.0,0.0,-0.122,0.0,3.0,0.114,-0.003,-0.031,0.003,0.0,0.089,0.034,-0.002,-0.129,0.0,0.0,0.1,0.0
3.016,0.0,0.0,0.016,0.0,3.0,0.108,-0.004,-0.038,-0.141,0.0,0.103,0.035,-0.013,-0.075,0.0,0.0,0.1,0.0
3.047,0.0,0.0,-0.017,0.0,3.0,0.108,-0.001,-0.007,0.619,0.0,0.107,0.023,-0.021,-0.077,0.0,0.0,0.1,0.0
3.12,0.0,0.0,0.027,0.0,3.0,0.099,-0.001,-0.015,-0.148,0.0,0.109,0.021,-0.025,-0.013,0.0,0.0,0.1,0.0
3.153,0.0,0.0,-0.027,0.0,3.0,0.095,-0.001,-0.015,-0.0,0.0,0.105,0.007,-0.027,-0.039,0.0,0.0,0.1,0.0
3.199,0.0,0.0,0.029,0.0,3.0,0.093,0.002,0.025,0.784,0.0,0.101,0.001,-0.028,0.021,0.0,0.0,0.1,0.0
3.247,0.0,0.0,-0.021,0.0,3.0,0.071,-0.004,-0.037,-1.224,0.0,0.097,-0.002,-0.025,-0.003,0.0,0.0,0.1,0.0
3.305,0.0,0.0,-0.0,0.0,3.0,0.053,-0.001,-0.015,0.437,0.0,0.084,-0.019,-0.026,0.002,0.0,0.0,0.1,0.0
3.356,0.0,0.0,0.032,0.0,3.0,0.049,-0.001,-0.011,0.078,0.0,0.068,-0.028,-0.024,0.052,0.0,0.0,0.1,0.0
3.406,0.0,0.0,-0.002,0.0,3.0,0.041,0.002,0.022,0.661,0.0,0.057,-0.036,-0.019,0.042,0.0,0.0,0.1,0.0
3.457,0.0,0.0,0.01,0.0,3.0,0.017,-0.003,-0.025,-0.947,0.0,0.047,-0.034,-0.013,0.051,0.0,0.0,0.1,0.0
3.51,0.0,0.0,-0.015,0.0,3.0,0.003,-0.002,-0.024,0.015,0.0,0.03,-0.047,-0.012,0.017,0.0,0.0,0.1,0.0
3.555,0.0,0.0,0.048,0.0,3.0,-0.008,-0.002,-0.019,0.101,0.0,0.013,-0.051,-0.008,0.078,0.0,0.0,0.1,0.0
3.604,0.0,0.0,-0.009,0.0,3.0,-0.02,-0.004,-0.038,-0.382,0.0,-0.001,-0.057,-0.004,0.046,0.0,0.0,0.1,0.0
3.664,0.0,0.0,0.03,0.0,3.0,-0.042,-0.002,-0.018,0.409,0.0,-0.014,-0.061,-0.0,0.071,0.0,0.0,0.1,0.0
3.713,0.0,0.0,0.008,0.0,3.0,-0.047,-0.002,-0.025,-0.132,0.0,-0.032,-0.066,0.004,0.06,0.0,0.0,0.1,0.0
3.761,0.0,0.0,0.027,0.0,3.0,-0.061,-0.002,-0.018,0.13,0.0,-0.044,-0.064,0.009,0.076,0.0,0.0,0.1,0.0
3.804,0.0,0.0,0.003,0.0,3.0,-0.081,-0.002,-0.017,0.021,0.0,-0.057,-0.065,0.013,0.052,0.0,0.0,0.1,0.0
3.869,0.0,0.0,0.026,0.0,3.0,-0.083,-0.002,-0.021,-0.088,0.0,-0.073,-0.065,0.016,0.064,0.0,0.0,0.1,0.0
3.904,0.0,0.0,0.017,0.0,3.0,-0.092,-0.003,-0.031,-0.194,0.0,-0.082,-0.061,0.02,0.061,0.0,0.0,0.1,0.0
3.962,0.0,0.0,0.011,0.0,3.0,-0.109,-0.003,-0.034,-0.053,0.0,-0.092,-0.06,0.022,0.049,0.0,0.0,0.1,0.0
4.004,0.0,0.0,0.023,0.0,3.0,-0.109,-0.003,-0.033,0.018,0.0,-0.104,-0.06,0.024,0.055,0.0,0.0,0.1,0.0
4.065,0.0,0.0,0.024,0.0,3.0,-0.125,-0.002,-0.024,0.177,0.0,-0.111,-0.056,0.027,0.061,0.0,0.0,0.1,0.0
4.114,0.0,0.0,0.01,0.0,3.0,-0.126,-0.001,-0.014,0.194,0.0,-0.122,-0.055,0.029,0.045,0.0,0.0,0.1,0.0
4.174,0.0,0.0,0.029,0.0,3.0,-0.135,-0.002,-0.02,-0.109,0.0,-0.128,-0.047,0.031,0.061,0.0,0.0,0.1,0.0
4.214,0.0,0.0,-0.001,0.0,3.0,-0.141,-0.003,-0.034,-0.279,0.0,-0.135,-0.045,0.033,0.029,0.0,0.0,0.1,0.0
4.268,0.0,0.0,0.032,0.0,3.0,-0.145,-0.002,-0.02,0.273,0.0,-0.141,-0.041,0.033,0.05,0.0,0.0,0.1,0.0
4.338,0.0,0.0,0.011,0.0,3.0,-0.153,-0.003,-0.027,-0.134,0.0,-0.146,-0.037,0.034,0.038,0.0,0.0,0.1,0.0
4.353,0.0,0.0,0.019,0.0,3.0,-0.153,-0.003,-0.027,0.0,0.0,-0.152,-0.035,0.035,0.04,0.0,0.0,0.1,0.0
4.4,0.0,0.0,0.02,0.0,3.0,-0.158,-0.002,-0.024,0.053,0.0,-0.155,-0.031,0.036,0.043,0.0,0.0,0.1,0.0
4.468,0.0,0.0,0.012,0.0,3.0,-0.162,-0.003,-0.026,-0.041,0.0,-0.159,-0.028,0.036,0.034,0.0,0.0,0.1,0.0
4.5,0.0,0.0,0.02,0.0,3.0,-0.163,-0.002,-0.023,0.055,0.0,-0.163,-0.025,0.036,0.038,0.0,0.0,0.1,0.0
4.554,0.0,0.0,0.016,0.0,3.0,-0.165,-0.002,-0.023,0.013,0.0,-0.165,-0.021,0.037,0.036,0.0,0.0,0.1,0.0
4.627,0.0,0.0,0.014,0.0,3.0,-0.166,-0.003,-0.028,-0.113,0.0,-0.166,-0.018,0.037,0.032,0.0,0.0,0.1,0.0
4.666,0.0,0.0,0.015,0.0,3.0,-0.166,-0.003,-0.03,-0.034,0.0,-0.167,-0.015,0.037,0.031,0.0,0.0,0.1,0.0
4.71,0.0,0.0,0.016,0.0,3.0,-0.164,-0.005,-0.049,-0.386,0.0,-0.168,-0.013,0.036,0.032,0.0,0.0,0.1,0.0
4.766,0.0,0.0,0.015,0.0,3.0,-0.162,-0.005,-0.047,0.053,0.0,-0.167,-0.013,0.035,0.031,0.0,0.0,0.1,0.0
4.814,0.0,0.0,0.021,0.0,3.0,-0.16,-0.005,-0.052,-0.101,0.0,-0.166,-0.013,0.034,0.039,0.0,0.0,0.1,0.0
4.854,0.0,0.0,0.013,0.0,3.0,-0.157,-0.004,-0.042,0.203,0.0,-0.164,-0.014,0.033,0.034,0.0,0.0,0.1,0.0
4.903,0.0,0.0,0.021,0.0,3.0,-0.157,-0.005,-0.047,-0.1,0.0,-0.162,-0.011,0.033,0.042,0.0,0.0,0.1,0.0
4.971,0.0,0.0,0.007,0.0,3.0,-0.149,-0.005,-0.046,0.017,0.0,-0.161,-0.012,0.033,0.029,0.0,0.0,0.1,0.0
5.022,0.0,0.0,0.023,0.0,3.0,-0.138,-0.005,-0.049,-0.066,0.0,-0.156,-0.009,0.033,0.042,0.0,0.0,0.1,0.0
5.054,0.0,0.0,0.0,0.0,3.0,-0.136,-0.005,-0.046,0.064,0.0,-0.149,-0.007,0.032,0.021,0.0,0.0,0.1,0.0
5.113,0.0,0.0,0.015,0.0,3.0,-0.13,-0.004,-0.045,0.025,0.0,-0.143,-0.005,0.031,0.026,0.0,0.0,0.1,0.0
5.173,0.0,0.0,0.008,0.0,3.0,-0.12,-0.007,-0.068,-0.472,0.0,-0.138,-0.004,0.03,0.02,0.0,0.0,0.1,0.0
5.219,0.0,0.0,0.012,0.0,3.0,-0.108,-0.005,-0.048,0.408,0.0,-0.13,-0.005,0.027,0.021,0.0,0.0,0.1,0.0
5.266,0.0,0.0,0.014,0.0,3.0,-0.097,-0.003,-0.031,0.347,0.0,-0.12,-0.001,0.026,0.026,0.0,0.0,0.1,0.0
5.317,0.0,0.0,-0.004,0.0,3.0,-0.087,-0.005,-0.054,-0.466,0.0,-0.11,0.003,0.026,0.007,0.0,0.0,0.1,0.0
5.376,0.0,0.0,0.003,0.0,3.0,-0.068,-0.005,-0.051,0.047,0.0,-0.099,0.004,0.023,0.001,0.0,0.0,0.1,0.0
5.414,0.0,0.0,0.009,0.0,3.0,-0.058,-0.004,-0.04,0.23,0.0,-0.084,0.008,0.021,0.007,0.0,0.0,0.1,0.0
5.451,0.0,0.0,-0.008,0.0,3.0,-0.051,-0.006,-0.055,-0.303,0.0,-0.071,0.01,0.018,-0.012,0.0,0.0,0.1,0.0
5.513,0.0,0.0,0.006,0.0,3.0,-0.033,-0.005,-0.046,0.188,0.0,-0.061,0.009,0.014,-0.007,0.0,0.0,0.1,0.0
5.551,0.0,0.0,0.007,0.0,3.0,-0.024,-0.006,-0.057,-0.232,0.0,-0.048,0.012,0.012,0.001,0.0,0.0,0.1,0.0
5.627,0.0,0.0,-0.009,0.0,3.0,-0.005,-0.007,-0.067,-0.201,0.0,-0.036,0.009,0.008,-0.016,0.0,0.0,0.1,0.0
5.665,0.0,0.0,0.013,0.0,3.0,0.009,-0.006,-0.062,0.115,0.0,-0.021,0.009,0.005,0.004,0.0,0.0,0.1,0.0
5.717,0.0,0.0,-0.011,0.0,3.0,0.023,-0.003,-0.028,0.67,0.0,-0.006,0.007,0.002,-0.014,0.0,0.0,0.1,0.0
5.773,0.0,0.0,0.005,0.0,3.0,0.028,-0.004,-0.04,-0.231,0.0,0.008,0.012,0.001,-0.001,0.0,0.0,0.1,0.0
5.814,0.0,0.0,-0.023,0.0,3.0,0.041,-0.006,-0.061,-0.436,0.0,0.018,0.008,-0.002,-0.033,0.0,0.0,0.1,0.0
5.887,0.0,0.0,0.016,0.0,3.0,0.062,-0.006,-0.059,0.045,0.0,0.029,0.006,-0.006,-0.002,0.0,0.0,0.1,0.0
5.913,0.0,0.0,-0.012,0.0,3.0,0.067,-0.004,-0.042,0.341,0.0,0.045,0.004,-0.008,-0.015,0.0,0.0,0.1,0.0
5.962,0.0,0.0,-0.004,0.0,3.0,0.081,-0.006,-0.056,-0.28,0.0,0.055,0.003,-0.011,-0.013,0.0,0.0,0.1,0.0
6.011,0.0,0.0,-0.006,0.0,3.0,0.099,-0.006,-0.062,-0.116,0.0,0.067,-0.0,-0.013,-0.014,0.0,0.0,0.1,0.0
6.066,0.0,0.0,-0.004,0.0,3.0,0.11,-0.004,-0.044,0.368,0.0,0.082,-0.002,-0.016,-0.011,0.0,0.0,0.1,0.0
6.112,0.0,0.0,-0.011,0.0,3.0,0.119,-0.006,-0.06,-0.333,0.0,0.095,-0.002,-0.018,-0.018,0.0,0.0,0.1,0.0
6.176,0.0,0.0,-0.009,0.0,3.0,0.135,-0.004,-0.044,0.324,0.0,0.106,-0.007,-0.021,-0.02,0.0,0.0,0.1,0.0
6.221,0.0,0.0,-0.0,0.0,3.0,0.141,-0.005,-0.045,-0.023,0.0,0.119,-0.006,-0.022,-0.009,0.0,0.0,0.1,0.0
6.257,0.0,0.0,-0.022,0.0,3.0,0.145,-0.003,-0.027,0.363,0.0,0.129,-0.01,-0.024,-0.031,0.0,0.0,0.1,0.0
6.334,0.0,0.0,0.005,0.0,3.0,0.16,-0.005,-0.05,-0.458,0.0,0.135,-0.01,-0.026,-0.009,0.0,0.0,0.1,0.0
6.371,0.0,0.0,-0.02,0.0,3.0,0.163,-0.003,-0.032,0.365,0.0,0.146,-0.014,-0.028,-0.027,0.0,0.0,0.1,0.0
6.426,0.0,0.0,0.0,0.0,3.0,0.176,-0.002,-0.021,0.218,0.0,0.153,-0.015,-0.029,-0.012,0.0,0.0,0.1,0.0
6.463,0.0,0.0,-0.017,0.0,3.0,0.171,-0.003,-0.034,-0.271,0.0,0.162,-0.014,-0.03,-0.023,0.0,0.0,0.1,0.0
6.514,0.0,0.0,-0.015,0.0,3.0,0.178,-0.002,-0.024,0.202,0.0,0.165,-0.02,-0.032,-0.03,0.0,0.0,0.1,0.0
6.58,0.0,0.0,0.006,0.0,3.0,0.191,-0.006,-0.062,-0.761,0.0,0.17,-0.02,-0.033,-0.005,0.0,0.0,0.1,0.0
6.612,0.0,0.0,-0.022,0.0,3.0,0.194,-0.005,-0.046,0.335,0.0,0.178,-0.027,-0.035,-0.027,0.0,0.0,0.1,0.0
6.664,0.0,0.0,0.009,0.0,3.0,0.199,-0.004,-0.042,0.063,0.0,0.183,-0.028,-0.036,0.001,0.0,0.0,0.1,0.0
6.742,0.0,0.0,-0.021,0.0,3.0,0.205,-0.005,-0.047,-0.101,0.0,0.188,-0.033,-0.037,-0.018,0.0,0.0,0.1,0.0
6.786,0.0,0.0,0.002,0.0,3.0,0.208,-0.004,-0.042,0.118,0.0,0.193,-0.035,-0.037,-0.002,0.0,0.0,0.1,0.0
6.825,0.0,0.0,-0.015,0.0,3.0,0.218,-0.002,-0.023,0.374,0.0,0.197,-0.039,-0.038,-0.013,0.0,0.0,0.1,0.0
6.866,0.0,0.0,-0.003,0.0,3.0,0.218,-0.002,-0.023,-0.007,0.0,0.204,-0.035,-0.037,-0.003,0.0,0.0,0.1,0.0
6.943,0.0,0.0,-0.027,0.0,3.0,0.227,-0.004,-0.036,-0.255,0.0,0.208,-0.038,-0.037,-0.031,0.0,0.0,0.1,0.0
6.981,0.0,0.0,0.002,0.0,3.0,0.228,-0.005,-0.046,-0.21,0.0,0.214,-0.036,-0.038,-0.011,0.0,0.0,0.1,0.0
7.037,0.0,0.0,-0.022,0.0,3.0,0.233,-0.002,-0.021,0.5,0.0,0.217,-0.042,-0.04,-0.031,0.0,0.0,0.1,0.0
7.068,0.0,0.0,0.009,0.0,3.0,0.236,-0.003,-0.031,-0.187,0.0,0.222,-0.039,-0.04,-0.001,0.0,0.0,0.1,0.0
7.113,0.0,0.0,-0.032,0.0,3.0,0.238,-0.005,-0.045,-0.293,0.0,0.225,-0.042,-0.041,-0.036,0.0,0.0,0.1,0.0
7.155,0.0,0.0,0.008,0.0,3.0,0.24,-0.003,-0.027,0.376,0.0,0.228,-0.044,-0.042,-0.007,0.0,0.0,0.1,0.0
7.208,0.0,0.0,-0.017,0.0,3.0,0.242,-0.003,-0.034,-0.148,0.0,0.23,-0.046,-0.042,-0.019,0.0,0.0,0.1,0.0
7.264,0.0,0.0,-0.005,0.0,3.0,0.24,-0.002,-0.022,0.245,0.0,0.232,-0.048,-0.043,-0.012,0.0,0.0,0.1,0.0
7.323,0.0,0.0,-0.01,0.0,3.0,0.242,-0.003,-0.028,-0.119,0.0,0.232,-0.049,-0.042,-0.014,0.0,0.0,0.1,0.0
7.357,0.0,0.0,-0.008,0.0,3.0,0.244,-0.005,-0.045,-0.35,0.0,0.233,-0.05,-0.042,-0.012,0.0,0.0,0.1,0.0
7.412,0.0,0.0,-0.01,0.0,3.0,0.243,-0.003,-0.028,0.333,0.0,0.234,-0.054,-0.043,-0.014,0.0,0.0,0.1,0.0
7.483,0.0,0.0,-0.001,0.0,3.0,0.239,-0.004,-0.043,-0.284,0.0,0.234,-0.054,-0.043,-0.003,0.0,0.0,0.1,0.0
7.514,0.0,0.0,-0.014,0.0,3.0,0.237,-0.004,-0.04,0.046,0.0,0.232,-0.06,-0.043,-0.014,0.0,0.0,0.1,0.0
7.58,0.0,0.0,0.008,0.0,3.0,0.231,-0.002,-0.025,0.311,0.0,0.23,-0.062,-0.043,0.008,0.0,0.0,0.1,0.0
7.622,0.0,0.0,-0.012,0.0,3.0,0.231,-0.004,-0.036,-0.222,0.0,0.226,-0.064,-0.042,-0.003,0.0,0.0,0.1,0.0
7.652,0.0,0.0,0.001,0.0,3.0,0.231,-0.002,-0.025,0.225,0.0,0.223,-0.066,-0.041,0.008,0.0,0.0,0.1,0.0
7.712,0.0,0.0,-0.009,0.0,3.0,0.223,-0.003,-0.026,-0.029,0.0,0.222,-0.065,-0.039,0.001,0.0,0.0,0.1,0.0
7.763,0.0,0.0,-0.007,0.0,3.0,0.223,-0.003,-0.03,-0.068,0.0,0.217,-0.067,-0.038,-0.003,0.0,0.0,0.1,0.0
7.808,0.0,0.0,0.0,0.0,3.0,0.215,-0.004,-0.035,-0.11,0.0,0.215,-0.066,-0.037,0.005,0.0,0.0,0.1,0.0
7.86,0.0,0.0,-0.01,0.0,3.0,0.213,-0.003,-0.032,0.057,0.0,0.21,-0.07,-0.037,-0.004,0.0,0.0,0.1,0.0
7.905,0.0,0.0,0.008,0.0,3.0,0.209,-0.003,-0.028,0.092,0.0,0.206,-0.069,-0.036,0.013,0.0,0.0,0.1,0.0
7.962,0.0,0.0,-0.011,0.0,3.0,0.205,-0.003,-0.032,-0.078,0.0,0.202,-0.07,-0.035,0.0,0.0,0.0,0.1,0.0
8.01,0.0,0.0,0.003,0.0,3.0,0.205,-0.002,-0.023,0.172,0.0,0.198,-0.07,-0.034,0.009,0.0,0.0,0.1,0.0
8.07,0.0,0.0,-0.006,0.0,3.0,0.194,-0.003,-0.031,-0.155,0.0,0.196,-0.068,-0.032,0.004,0.0,0.0,0.1,0.0
8.125,0.0,0.0,-0.007,0.0,3.0,0.186,-0.003,-0.03,0.005,0.0,0.19,-0.071,-0.032,-0.004,0.0,0.0,0.1,0.0
8.164,0.0,0.0,0.009,0.0,3.0,0.183,-0.002,-0.017,0.276,0.0,0.183,-0.071,-0.032,0.013,0.0,0.0,0.1,0.0
8.207,0.0,0.0,-0.002,0.0,3.0,0.18,-0.002,-0.022,-0.11,0.0,0.178,-0.07,-0.029,0.011,0.0,0.0,0.1,0.0
8.261,0.0,0.0,-0.005,0.0,3.0,0.175,-0.004,-0.041,-0.37,0.0,0.174,-0.068,-0.028,0.005,0.0,0.0,0.1,0.0
8.308,0.0,0.0,-0.001,0.0,3.0,0.17,-0.003,-0.032,0.174,0.0,0.169,-0.07,-0.028,0.004,0.0,0.0,0.1,0.0
8.359,0.0,0.0,0.006,0.0,3.0,0.164,-0.004,-0.036,-0.09,0.0,0.164,-0.07,-0.027,0.014,0.0,0.0,0.1,0.0
8.421,0.0,0.0,-0.003,0.0,3.0,0.148,-0.003,-0.03,0.123,0.0,0.158,-0.072,-0.026,0.008,0.0,0.0,0.1,0.0
8.479,0.0,0.0,0.009,0.0,3.0,0.133,-0.003,-0.034,-0.081,0.0,0.148,-0.074,-0.026,0.019,0.0,0.0,0.1,0.0
8.505,0.0,0.0,0.007,0.0,3.0,0.132,-0.003,-0.033,0.02,0.0,0.135,-0.079,-0.024,0.024,0.0,0.0,0.1,0.0
8.563,0.0,0.0,0.015,0.0,3.0,0.122,-0.001,-0.009,0.49,0.0,0.128,-0.078,-0.022,0.04,0.0,0.0,0.1,0.0
8.618,0.0,0.0,-0.006,0.0,3.0,0.111,-0.002,-0.019,-0.193,0.0,0.119,-0.075,-0.018,0.023,0.0,0.0,0.1,0.0
8.67,0.0,0.0,0.004,0.0,3.0,0.099,-0.003,-0.029,-0.211,0.0,0.11,-0.074,-0.016,0.022,0.0,0.0,0.1,0.0
8.733,0.0,0.0,0.007,0.0,3.0,0.091,-0.004,-0.039,-0.189,0.0,0.099,-0.076,-0.015,0.024,0.0,0.0,0.1,0.0
8.786,0.0,0.0,0.012,0.0,3.0,0.087,-0.003,-0.031,0.154,0.0,0.09,-0.077,-0.013,0.032,0.0,0.0,0.1,0.0
8.818,0.0,0.0,0.009,0.0,3.0,0.084,-0.004,-0.039,-0.162,0.0,0.083,-0.075,-0.011,0.034,0.0,0.0,0.1,0.0
8.867,0.0,0.0,0.003,0.0,3.0,0.078,-0.002,-0.023,0.32,0.0,0.078,-0.074,-0.009,0.026,0.0,0.0,0.1,0.0
8.947,0.0,0.0,0.009,0.0,3.0,0.071,-0.003,-0.025,-0.049,0.0,0.072,-0.07,-0.007,0.029,0.0,0.0,0.1,0.0
9.01,0.0,0.0,-0.001,0.0,3.0,0.064,-0.003,-0.034,-0.179,0.0,0.066,-0.068,-0.006,0.017,0.0,0.0,0.1,0.0
9.03,0.0,0.0,0.011,0.0,3.0,0.068,-0.003,-0.031,0.073,0.0,0.06,-0.066,-0.005,0.023,0.0,0.0,0.1,0.0
9.072,0.0,0.0,0.008,0.0,3.0,0.065,-0.003,-0.034,-0.069,0.0,0.059,-0.061,-0.004,0.024,0.0,0.0,0.1,0.0
9.105,0.0,0.0,-0.003,0.0,3.0,0.059,-0.004,-0.042,-0.157,0.0,0.057,-0.06,-0.004,0.009,0.0,0.0,0.1,0.0
9.146,0.0,0.0,0.011,0.0,3.0,0.063,-0.003,-0.028,0.274,0.0,0.053,-0.059,-0.004,0.017,0.0,0.0,0.1,0.0
9.21,0.0,0.0,0.007,0.0,3.0,0.059,-0.003,-0.026,0.046,0.0,0.053,-0.054,-0.003,0.02,0.0,0.0,0.1,0.0
9.276,0.0,0.0,-0.004,0.0,3.0,0.057,-0.004,-0.042,-0.326,0.0,0.052,-0.051,-0.003,0.005,0.0,0.0,0.1,0.0
9.315,0.0,0.0,0.009,0.0,3.0,0.054,-0.004,-0.037,0.101,0.0,0.05,-0.051,-0.004,0.012,0.0,0.0,0.1,0.0
9.354,0.0,0.0,0.007,0.0,3.0,0.053,-0.003,-0.033,0.085,0.0,0.048,-0.05,-0.004,0.014,0.0,0.0,0.1,0.0
9.411,0.0,0.0,0.007,0.0,3.0,0.05,-0.003,-0.027,0.111,0.0,0.046,-0.048,-0.004,0.017,0.0,0.0,0.1,0.0
9.476,0.0,0.0,0.003,0.0,3.0,0.048,-0.002,-0.022,0.102,0.0,0.044,-0.047,-0.003,0.013,0.0,0.0,0.1,0.0
9.506,0.0,0.0,0.005,0.0,3.0,0.052,-0.002,-0.025,-0.051,0.0,0.043,-0.044,-0.003,0.014,0.0,0.0,0.1,0.0
9.554,0.0,0.0,0.001,0.0,3.0,0.053,-0.003,-0.032,-0.146,0.0,0.044,-0.041,-0.003,0.009,0.0,0.0,0.1,0.0
9.614,0.0,0.0,0.0,0.0,3.0,0.06,-0.004,-0.043,-0.221,0.0,0.045,-0.039,-0.003,0.004,0.0,0.0,0.1,0.0
9.658,0.0,0.0,0.004,0.0,3.0,0.064,-0.006,-0.057,-0.278,0.0,0.049,-0.037,-0.004,0.006,0.0,0.0,0.1,0.0
9.715,0.0,0.0,-0.001,0.0,3.0,0.072,-0.002,-0.025,0.647,0.0,0.053,-0.038,-0.006,0.001,0.0,0.0,0.1,0.0
9.769,0.0,0.0,0.01,0.0,3.0,0.076,-0.003,-0.031,-0.127,0.0,0.059,-0.032,-0.005,0.013,0.0,0.0,0.1,0.0
9.805,0.0,0.0,-0.02,0.0,3.0,0.077,-0.003,-0.032,-0.009,0.0,0.065,-0.031,-0.006,-0.019,0.0,0.0,0.1,0.0
9.853,0.0,0.0,0.011,0.0,3.0,0.081,-0.004,-0.045,-0.26,0.0,0.068,-0.028,-0.008,0.0,0.0,0.0,0.1,0.0
9.9,0.0,0.0,-0.009,0.0,3.0,0.091,-0.005,-0.053,-0.172,0.0,0.071,-0.03,-0.01,-0.013,0.0,0.0,0.1,0.0
9.949,0.0,0.0,0.012,0.0,3.0,0.099,-0.006,-0.061,-0.164,0.0,0.078,-0.03,-0.012,0.007,0.0,0.0,0.1,0.0
10.007,0.0,0.0,-0.01,0.0,3.0,0.102,-0.004,-0.043,0.374,0.0,0.085,-0.032,-0.014,-0.009,0.0,0.0,0.1,0.0
10.061,0.0,0.0,0.009,0.0,3.0,0.113,-0.005,-0.05,-0.137,0.0,0.09,-0.031,-0.014,0.007,0.0,0.0,0.1,0.0
10.127,0.0,0.0,-0.012,0.0,3.0,0.123,-0.002,-0.025,0.502,0.0,0.098,-0.031,-0.015,-0.009,0.0,0.0,0.1,0.0
10.181,0.0,0.0,0.001,0.0,3.0,0.12,-0.004,-0.039,-0.29,0.0,0.108,-0.025,-0.015,-0.002,0.0,0.0,0.1,0.0
10.203,0.0,0.0,-0.022,0.0,3.0,0.127,-0.002,-0.025,0.291,0.0,0.111,-0.029,-0.018,-0.031,0.0,0.0,0.1,0.0
10.249,0.0,0.0,0.018,0.0,3.0,0.129,-0.002,-0.024,0.008,0.0,0.116,-0.025,-0.019,0.005,0.0,0.0,0.1,0.0
10.315,0.0,0.0,-0.027,0.0,3.0,0.134,-0.006,-0.056,-0.647,0.0,0.12,-0.027,-0.02,-0.03,0.0,0.0,0.1,0.0
10.359,0.0,0.0,0.013,0.0,3.0,0.148,-0.006,-0.064,-0.141,0.0,0.124,-0.029,-0.022,-0.002,0.0,0.0,0.1,0.0
10.41,0.0,0.0,-0.008,0.0,3.0,0.157,-0.004,-0.036,0.559,0.0,0.133,-0.032,-0.024,-0.008,0.0,0.0,0.1,0.0
10.459,0.0,0.0,-0.001,0.0,3.0,0.162,-0.003,-0.028,0.154,0.0,0.142,-0.029,-0.024,-0.001,0.0,0.0,0.1,0.0
10.503,0.0,0.0,-0.021,0.0,3.0,0.167,-0.003,-0.025,0.052,0.0,0.149,-0.029,-0.025,-0.024,0.0,0.0,0.1,0.0
10.565,0.0,0.0,-0.001,0.0,3.0,0.171,-0.002,-0.024,0.016,0.0,0.155,-0.026,-0.026,-0.015,0.0,0.0,0.1,0.0
10.609,0.0,0.0,-0.017,0.0,3.0,0.176,-0.005,-0.051,-0.523,0.0,0.161,-0.027,-0.027,-0.028,0.0,0.0,0.1,0.0
10.662,0.0,0.0,-0.002,0.0,3.0,0.183,-0.002,-0.018,0.653,0.0,0.166,-0.03,-0.03,-0.018,0.0,0.0,0.1,0.0
10.712,0.0,0.0,-0.003,0.0,3.0,0.186,-0.003,-0.034,-0.326,0.0,0.172,-0.028,-0.03,-0.01,0.0,0.0,0.1,0.0
10.759,0.0,0.0,-0.021,0.0,3.0,0.181,-0.004,-0.038,-0.071,0.0,0.176,-0.031,-0.032,-0.03,0.0,0.0,0.1,0.0
10.811,0.0,0.0,0.006,0.0,3.0,0.188,-0.003,-0.025,0.254,0.0,0.176,-0.035,-0.033,-0.008,0.0,0.0,0.1,0.0
10.861,0.0,0.0,-0.006,0.0,3.0,0.187,-0.005,-0.049,-0.485,0.0,0.179,-0.035,-0.033,-0.007,0.0,0.0,0.1,0.0
10.908,0.0,0.0,-0.012,0.0,3.0,0.186,-0.004,-0.043,0.129,0.0,0.18,-0.041,-0.035,-0.014,0.0,0.0,0.1,0.0
10.961,0.0,0.0,0.008,0.0,3.0,0.186,-0.003,-0.034,0.175,0.0,0.18,-0.044,-0.035,0.008,0.0,0.0,0.1,0.0
11.008,0.0,0.0,-0.01,0.0,3.0,0.183,-0.004,-0.041,-0.139,0.0,0.179,-0.048,-0.034,-0.001,0.0,0.0,0.1,0.0
11.059,0.0,0.0,0.0,0.0,3.0,0.182,-0.003,-0.032,0.184,0.0,0.177,-0.051,-0.034,0.006,0.0,0.0,0.1,0.0
11.134,0.0,0.0,-0.002,0.0,3.0,0.181,-0.004,-0.04,-0.161,0.0,0.175,-0.053,-0.033,0.009,0.0,0.0,0.1,0.0
11.163,0.0,0.0,-0.005,0.0,3.0,0.179,-0.002,-0.016,0.481,0.0,0.174,-0.056,-0.032,0.006,0.0,0.0,0.1,0.0
11.218,0.0,0.0,0.0,0.0,3.0,0.179,-0.003,-0.027,-0.223,0.0,0.172,-0.054,-0.03,0.011,0.0,0.0,0.1,0.0
11.262,0.0,0.0,-0.014,0.0,3.0,0.177,-0.003,-0.031,-0.071,0.0,0.171,-0.055,-0.029,-0.006,0.0,0.0,0.1,0.0
11.317,0.0,0.0,0.003,0.0,3.0,0.175,-0.003,-0.03,0.017,0.0,0.169,-0.055,-0.029,0.005,0.0,0.0,0.1,0.0
11.361,0.0,0.0,-0.007,0.0,3.0,0.172,-0.003,-0.027,0.05,0.0,0.167,-0.056,-0.029,-0.002,0.0,0.0,0.1,0.0
11.41,0.0,0.0,0.002,0.0,3.0,0.172,-0.003,-0.032,-0.087,0.0,0.165,-0.056,-0.028,0.005,0.0,0.0,0.1,0.0
11.467,0.0,0.0,-0.005,0.0,3.0,0.17,-0.003,-0.032,-0.004,0.0,0.164,-0.056,-0.028,0.0,0.0,0.0,0.1,0.0
11.509,0.0,0.0,-0.001,0.0,3.0,0.166,-0.003,-0.033,-0.021,0.0,0.163,-0.056,-0.028,0.003,0.0,0.0,0.1,0.0
11.555,0.0,0.0,-0.003,0.0,3.0,0.164,-0.002,-0.024,0.169,0.0,0.16,-0.058,-0.027,0.002,0.0,0.0,0.1,0.0
11.611,0.0,0.0,0.002,0.0,3.0,0.165,-0.003,-0.031,-0.122,0.0,0.158,-0.057,-0.026,0.007,0.0,0.0,0.1,0.0
11.65,0.0,0.0,-0.006,0.0,3.0,0.159,-0.004,-0.043,-0.256,0.0,0.156,-0.057,-0.026,0.0,0.0,0.0,0.1,0.0
11.717,0.0,0.0,0.001,0.0,3.0,0.154,-0.004,-0.037,0.127,0.0,0.153,-0.06,-0.026,0.003,0.0,0.0,0.1,0.0
11.764,0.0,0.0,0.006,0.0,3.0,0.15,-0.003,-0.035,0.04,0.0,0.149,-0.061,-0.026,0.013,0.0,0.0,0.1,0.0
11.801,0.0,0.0,0.0,0.0,3.0,0.147,-0.003,-0.032,0.069,0.0,0.145,-0.063,-0.025,0.013,0.0,0.0,0.1,0.0
11.867,0.0,0.0,0.003,0.0,3.0,0.14,-0.002,-0.017,0.288,0.0,0.141,-0.062,-0.024,0.016,0.0,0.0,0.1,0.0
11.908,0.0,0.0,-0.002,0.0,3.0,0.139,-0.004,-0.037,-0.392,0.0,0.136,-0.061,-0.022,0.011,0.0,0.0,0.1,0.0
11.96,0.0,0.0,0.001,0.0,3.0,0.135,-0.005,-0.05,-0.26,0.0,0.132,-0.062,-0.022,0.01,0.0,0.0,0.1,0.0
12.003,0.0,0.0,0.004,0.0,3.0,0.139,-0.004,-0.037,0.256,0.0,0.129,-0.065,-0.022,0.014,0.0,0.0,0.1,0.0
12.086,0.0,0.0,0.007,0.0,3.0,0.131,-0.004,-0.038,-0.013,0.0,0.129,-0.062,-0.02,0.021,0.0,0.0,0.1,0.0
12.12,0.0,0.0,-0.009,0.0,3.0,0.129,-0.002,-0.017,0.407,0.0,0.125,-0.064,-0.02,0.003,0.0,0.0,0.1,0.0
12.163,0.0,0.0,0.014,0.0,3.0,0.133,-0.005,-0.053,-0.711,0.0,0.122,-0.059,-0.018,0.024,0.0,0.0,0.1,0.0
12.207,0.0,0.0,-0.017,0.0,3.0,0.136,-0.003,-0.034,0.371,0.0,0.122,-0.062,-0.018,-0.006,0.0,0.0,0.1,0.0
12.276,0.0,0.0,0.02,0.0,3.0,0.132,-0.005,-0.052,-0.36,0.0,0.124,-0.056,-0.018,0.023,0.0,0.0,0.1,0.0
12.307,0.0,0.0,-0.023,0.0,3.0,0.131,-0.004,-0.041,0.23,0.0,0.123,-0.061,-0.019,-0.014,0.0,0.0,0.1,0.0
12.361,0.0,0.0,0.028,0.0,3.0,0.129,-0.004,-0.042,-0.033,0.0,0.122,-0.057,-0.019,0.028,0.0,0.0,0.1,0.0
12.403,0.0,0.0,-0.021,0.0,3.0,0.13,-0.003,-0.034,0.164,0.0,0.121,-0.06,-0.019,-0.007,0.0,0.0,0.1,0.0
12.453,0.0,0.0,0.021,0.0,3.0,0.125,-0.003,-0.026,0.17,0.0,0.121,-0.056,-0.018,0.024,0.0,0.0,0.1,0.0
12.51,0.0,0.0,-0.019,0.0,3.0,0.128,-0.004,-0.04,-0.29,0.0,0.119,-0.057,-0.017,-0.008,0.0,0.0,0.1,0.0
12.569,0.0,0.0,0.015,0.0,3.0,0.125,-0.004,-0.042,-0.037,0.0,0.119,-0.054,-0.018,0.016,0.0,0.0,0.1,0.0
12.627,0.0,0.0,-0.011,0.0,3.0,0.121,-0.003,-0.03,0.236,0.0,0.117,-0.057,-0.018,-0.003,0.0,0.0,0.1,0.0
12.668,0.0,0.0,0.015,0.0,3.0,0.119,-0.004,-0.036,-0.122,0.0,0.115,-0.054,-0.018,0.018,0.0,0.0,0.1,0.0
12.748,0.0,0.0,-0.01,0.0,3.0,0.117,-0.004,-0.041,-0.087,0.0,0.112,-0.056,-0.018,0.0,0.0,0.0,0.1,0.0
12.762,0.0,0.0,0.013,0.0,3.0,0.117,-0.004,-0.041,0.0,0.0,0.11,-0.056,-0.018,0.018,0.0,0.0,0.1,0.0
12.825,0.0,0.0,-0.004,0.0,3.0,0.116,-0.002,-0.016,0.502,0.0,0.109,-0.057,-0.017,0.008,0.0,0.0,0.1,0.0
12.854,0.0,0.0,0.007,0.0,3.0,0.114,-0.004,-0.036,-0.414,0.0,0.108,-0.052,-0.015,0.017,0.0,0.0,0.1,0.0
12.904,0.0,0.0,-0.013,0.0,3.0,0.115,-0.003,-0.035,0.028,0.0,0.107,-0.053,-0.016,-0.005,0.0,0.0,0.1,0.0
12.954,0.0,0.0,0.014,0.0,3.0,0.111,-0.004,-0.039,-0.075,0.0,0.107,-0.051,-0.016,0.016,0.0,0.0,0.1,0.0
13.003,0.0,0.0,-0.01,0.0,3.0,0.112,-0.003,-0.033,0.115,0.0,0.105,-0.053,-0.016,-0.003,0.0,0.0,0.1,0.0
13.063,0.0,0.0,0.015,0.0,3.0,0.11,-0.004,-0.036,-0.06,0.0,0.104,-0.05,-0.016,0.019,0.0,0.0,0.1,0.0
13.118,0.0,0.0,-0.012,0.0,3.0,0.112,-0.003,-0.032,0.085,0.0,0.103,-0.052,-0.016,-0.003,0.0,0.0,0.1,0.0
13.159,0.0,0.0,0.014,0.0,3.0,0.108,-0.004,-0.038,-0.135,0.0,0.103,-0.049,-0.015,0.018,0.0,0.0,0.1,0.0
13.212,0.0,0.0,-0.014,0.0,3.0,0.106,-0.003,-0.033,0.113,0.0,0.102,-0.052,-0.016,-0.006,0.0,0.0,0.1,0.0
13.278,0.0,0.0,0.018,0.0,3.0,0.107,-0.004,-0.039,-0.132,0.0,0.1,-0.05,-0.015,0.021,0.0,0.0,0.1,0.0
13.322,0.0,0.0,-0.011,0.0,3.0,0.104,-0.002,-0.019,0.414,0.0,0.099,-0.051,-0.015,0.001,0.0,0.0,0.1,0.0
13.365,0.0,0.0,0.012,0.0,3.0,0.106,-0.003,-0.03,-0.229,0.0,0.098,-0.047,-0.014,0.018,0.0,0.0,0.1,0.0
13.412,0.0,0.0,-0.013,0.0,3.0,0.099,-0.004,-0.037,-0.133,0.0,0.098,-0.048,-0.014,-0.005,0.0,0.0,0.1,0.0
13.451,0.0,0.0,0.01,0.0,3.0,0.103,-0.002,-0.024,0.257,0.0,0.094,-0.049,-0.015,0.01,0.0,0.0,0.1,0.0
13.507,0.0,0.0,0.002,0.0,3.0,0.094,-0.005,-0.054,-0.593,0.0,0.095,-0.046,-0.014,0.012,0.0,0.0,0.1,0.0
13.565,0.0,0.0,-0.007,0.0,3.0,0.09,-0.002,-0.023,0.602,0.0,0.09,-0.053,-0.015,-0.002,0.0,0.0,0.1,0.0
13.627,0.0,0.0,0.025,0.0,3.0,0.092,-0.004,-0.044,-0.41,0.0,0.086,-0.05,-0.014,0.034,0.0,0.0,0.1,0.0
13.653,0.0,0.0,-0.017,0.0,3.0,0.092,-0.004,-0.044,0.0,0.0,0.085,-0.053,-0.014,0.002,0.0,0.0,0.1,0.0
13.716,0.0,0.0,0.02,0.0,3.0,0.085,-0.003,-0.035,0.182,0.0,0.084,-0.051,-0.013,0.03,0.0,0.0,0.1,0.0
13.75,0.0,0.0,-0.011,0.0,3.0,0.077,-0.003,-0.029,0.122,0.0,0.081,-0.054,-0.012,0.006,0.0,0.0,0.1,0.0
13.819,0.0,0.0,0.018,0.0,3.0,0.076,-0.003,-0.033,-0.086,0.0,0.075,-0.053,-0.012,0.028,0.0,0.0,0.1,0.0
13.869,0.0,0.0,-0.004,0.0,3.0,0.077,-0.004,-0.037,-0.084,0.0,0.071,-0.054,-0.011,0.015,0.0,0.0,0.1,0.0
13.917,0.0,0.0,0.011,0.0,3.0,0.067,-0.002,-0.019,0.357,0.0,0.07,-0.053,-0.01,0.025,0.0,0.0,0.1,0.0
13.966,0.0,0.0,-0.003,0.0,3.0,0.065,-0.004,-0.036,-0.326,0.0,0.065,-0.053,-0.008,0.013,0.0,0.0,0.1,0.0
14.01,0.0,0.0,0.01,0.0,3.0,0.062,-0.003,-0.035,0.022,0.0,0.061,-0.052,-0.008,0.021,0.0,0.0,0.1,0.0
14.055,0.0,0.0,0.004,0.0,3.0,0.057,-0.005,-0.055,-0.399,0.0,0.058,-0.053,-0.007,0.018,0.0,0.0,0.1,0.0
14.11,0.0,0.0,0.007,0.0,3.0,0.047,-0.004,-0.037,0.353,0.0,0.053,-0.056,-0.008,0.02,0.0,0.0,0.1,0.0
14.167,0.0,0.0,0.016,0.0,3.0,0.047,-0.003,-0.032,0.09,0.0,0.046,-0.057,-0.007,0.035,0.0,0.0,0.1,0.0
14.202,0.0,0.0,0.005,0.0,3.0,0.043,-0.003,-0.031,0.034,0.0,0.042,-0.056,-0.005,0.03,0.0,0.0,0.1,0.0
14.256,0.0,0.0,0.005,0.0,3.0,0.043,-0.005,-0.048,-0.351,0.0,0.038,-0.055,-0.003,0.026,0.0,0.0,0.1,0.0
14.322,0.0,0.0,0.007,0.0,3.0,0.04,-0.004,-0.042,0.117,0.0,0.036,-0.056,-0.003,0.024,0.0,0.0,0.1,0.0
14.363,0.0,0.0,0.01,0.0,3.0,0.04,-0.006,-0.057,-0.298,0.0,0.034,-0.055,-0.002,0.027,0.0,0.0,0.1,0.0
14.399,0.0,0.0,0.005,0.0,3.0,0.045,-0.004,-0.036,0.431,0.0,0.032,-0.056,-0.002,0.023,0.0,0.0,0.1,0.0
14.463,0.0,0.0,0.014,0.0,3.0,0.047,-0.002,-0.024,0.231,0.0,0.034,-0.051,-0.001,0.032,0.0,0.0,0.1,0.0
14.509,0.0,0.0,-0.01,0.0,3.0,0.047,-0.002,-0.023,0.016,0.0,0.036,-0.046,0.0,0.006,0.0,0.0,0.1,0.0
14.549,0.0,0.0,0.006,0.0,3.0,0.048,-0.002,-0.023,0.0,0.0,0.038,-0.041,0.0,0.008,0.0,0.0,0.1,0.0
14.599,0.0,0.0,-0.003,0.0,3.0,0.052,-0.003,-0.029,-0.113,0.0,0.04,-0.038,-0.0,-0.002,0.0,0.0,0.1,0.0
14.665,0.0,0.0,0.004,0.0,3.0,0.054,-0.003,-0.034,-0.1,0.0,0.042,-0.034,-0.001,-0.0,0.0,0.0,0.1,0.0
14.701,0.0,0.0,-0.001,0.0,3.0,0.057,-0.004,-0.04,-0.121,0.0,0.045,-0.033,-0.003,-0.005,0.0,0.0,0.1,0.0
14.762,0.0,0.0,0.005,0.0,3.0,0.06,-0.005,-0.046,-0.113,0.0,0.048,-0.032,-0.004,0.0,0.0,0.0,0.1,0.0
14.808,0.0,0.0,0.003,0.0,3.0,0.066,-0.004,-0.043,0.061,0.0,0.051,-0.033,-0.006,0.002,0.0,0.0,0.1,0.0
14.859,0.0,0.0,0.005,0.0,3.0,0.068,-0.004,-0.036,0.129,0.0,0.056,-0.031,-0.007,0.007,0.0,0.0,0.1,0.0
14.918,0.0,0.0,-0.004,0.0,3.0,0.068,-0.005,-0.049,-0.255,0.0,0.059,-0.031,-0.008,-0.001,0.0,0.0,0.1,0.0
14.964,0.0,0.0,0.004,0.0,3.0,0.076,-0.003,-0.026,0.462,0.0,0.061,-0.034,-0.009,0.003,0.0,0.0,0.1,0.0
15.002,0.0,0.0,0.007,0.0,3.0,0.08,-0.003,-0.03,-0.082,0.0,0.065,-0.029,-0.009,0.012,0.0,0.0,0.1,0.0
15.054,0.0,0.0,-0.015,0.0,3.0,0.081,-0.005,-0.049,-0.386,0.0,0.07,-0.029,-0.009,-0.011,0.0,0.0,0.1,0.0
15.11,0.0,0.0,0.007,0.0,3.0,0.089,-0.004,-0.043,0.119,0.0,0.073,-0.031,-0.011,0.001,0.0,0.0,0.1,0.0
15.173,0.0,0.0,0.001,0.0,3.0,0.091,-0.003,-0.026,0.346,0.0,0.078,-0.03,-0.012,0.003,0.0,0.0,0.1,0.0
15.214,0.0,0.0,-0.003,0.0,3.0,0.094,-0.004,-0.037,-0.21,0.0,0.082,-0.029,-0.012,-0.001,0.0,0.0,0.1,0.0
15.257,0.0,0.0,-0.005,0.0,3.0,0.096,-0.002,-0.025,0.234,0.0,0.085,-0.03,-0.013,-0.006,0.0,0.0,0.1,0.0
15.317,0.0,0.0,0.003,0.0,3.0,0.103,-0.004,-0.042,-0.337,0.0,0.088,-0.028,-0.014,0.001,0.0,0.0,0.1,0.0
15.349,0.0,0.0,-0.009,0.0,3.0,0.109,-0.004,-0.036,0.106,0.0,0.093,-0.029,-0.015,-0.01,0.0,0.0,0.1,0.0
15.411,0.0,0.0,0.004,0.0,3.0,0.114,-0.004,-0.042,-0.103,0.0,0.098,-0.028,-0.016,0.001,0.0,0.0,0.1,0.0
15.458,0.0,0.0,-0.01,0.0,3.0,0.115,-0.003,-0.034,0.159,0.0,0.103,-0.029,-0.017,-0.011,0.0,0.0,0.1,0.0
15.509,0.0,0.0,0.003,0.0,3.0,0.118,-0.004,-0.037,-0.066,0.0,0.107,-0.029,-0.018,-0.002,0.0,0.0,0.1,0.0
15.562,0.0,0.0,-0.007,0.0,3.0,0.122,-0.003,-0.034,0.051,0.0,0.11,-0.031,-0.019,-0.008,0.0,0.0,0.1,0.0
15.636,0.0,0.0,0.003,0.0,3.0,0.131,-0.005,-0.052,-0.353,0.0,0.113,-0.031,-0.02,0.001,0.0,0.0,0.1,0.0
15.665,0.0,0.0,-0.009,0.0,3.0,0.134,-0.004,-0.044,0.161,0.0,0.119,-0.033,-0.021,-0.008,0.0,0.0,0.1,0.0
15.703,0.0,0.0,0.003,0.0,3.0,0.136,-0.003,-0.033,0.218,0.0,0.123,-0.034,-0.022,0.001,0.0,0.0,0.1,0.0
15.756,0.0,0.0,-0.008,0.0,3.0,0.144,-0.002,-0.024,0.178,0.0,0.127,-0.035,-0.022,-0.005,0.0,0.0,0.1,0.0
15.815,0.0,0.0,-0.003,0.0,3.0,0.149,-0.005,-0.045,-0.424,0.0,0.132,-0.032,-0.022,-0.003,0.0,0.0,0.1,0.0
15.853,0.0,0.0,-0.015,0.0,3.0,0.15,-0.005,-0.052,-0.122,0.0,0.138,-0.034,-0.023,-0.02,0.0,0.0,0.1,0.0
15.91,0.0,0.0,0.006,0.0,3.0,0.151,-0.003,-0.03,0.429,0.0,0.14,-0.037,-0.025,-0.002,0.0,0.0,0.1,0.0
15.957,0.0,0.0,-0.004,0.0,3.0,0.153,-0.004,-0.04,-0.191,0.0,0.142,-0.037,-0.025,-0.003,0.0,0.0,0.1,0.0
16.003,0.0,0.0,-0.005,0.0,3.0,0.153,-0.005,-0.05,-0.202,0.0,0.144,-0.04,-0.026,-0.005,0.0,0.0,0.1,0.0
16.06,0.0,0.0,-0.0,0.0,3.0,0.157,-0.004,-0.044,0.106,0.0,0.145,-0.044,-0.027,0.0,0.0,0.0,0.1,0.0
16.104,0.0,0.0,0.002,0.0,3.0,0.159,-0.005,-0.046,-0.03,0.0,0.147,-0.045,-0.027,0.008,0.0,0.0,0.1,0.0
16.168,0.0,0.0,-0.008,0.0,3.0,0.164,-0.002,-0.021,0.489,0.0,0.149,-0.047,-0.027,0.0,0.0,0.0,0.1,0.0
16.246,0.0,0.0,0.002,0.0,3.0,0.167,-0.005,-0.051,-0.597,0.0,0.152,-0.043,-0.026,0.008,0.0,0.0,0.1,0.0
16.265,0.0,0.0,-0.02,0.0,3.0,0.169,-0.005,-0.045,0.124,0.0,0.156,-0.047,-0.027,-0.018,0.0,0.0,0.1,0.0
16.307,0.0,0.0,0.013,0.0,3.0,0.165,-0.004,-0.036,0.173,0.0,0.158,-0.046,-0.027,0.009,0.0,0.0,0.1,0.0
16.359,0.0,0.0,-0.016,0.0,3.0,0.167,-0.003,-0.031,0.112,0.0,0.157,-0.05,-0.028,-0.011,0.0,0.0,0.1,0.0
16.42,0.0,0.0,0.011,0.0,3.0,0.17,-0.002,-0.021,0.194,0.0,0.158,-0.048,-0.027,0.011,0.0,0.0,0.1,0.0
16.473,0.0,0.0,-0.018,0.0,3.0,0.169,-0.003,-0.028,-0.144,0.0,0.16,-0.047,-0.026,-0.011,0.0,0.0,0.1,0.0
16.513,0.0,0.0,-0.0,0.0,3.0,0.166,-0.003,-0.032,-0.067,0.0,0.161,-0.047,-0.027,-0.004,0.0,0.0,0.1,0.0
16.56,0.0,0.0,-0.007,0.0,3.0,0.168,-0.003,-0.031,0.021,0.0,0.16,-0.049,-0.027,-0.009,0.0,0.0,0.1,0.0
16.597,0.0,0.0,0.004,0.0,3.0,0.167,-0.003,-0.031,-0.013,0.0,0.16,-0.048,-0.027,0.003,0.0,0.0,0.1,0.0
16.691,0.0,0.0,-0.009,0.0,3.0,0.17,-0.003,-0.027,0.077,0.0,0.159,-0.05,-0.027,-0.006,0.0,0.0,0.1,0.0
16.714,0.0,0.0,0.003,0.0,3.0,0.168,-0.003,-0.033,-0.106,0.0,0.16,-0.048,-0.027,0.004,0.0,0.0,0.1,0.0
16.748,0.0,0.0,-0.013,0.0,3.0,0.166,-0.003,-0.029,0.078,0.0,0.16,-0.05,-0.027,-0.012,0.0,0.0,0.1,0.0
16.809,0.0,0.0,0.007,0.0,3.0,0.166,-0.002,-0.023,0.119,0.0,0.159,-0.049,-0.027,0.005,0.0,0.0,0.1,0.0
16.852,0.0,0.0,-0.009,0.0,3.0,0.169,-0.002,-0.023,0.001,0.0,0.158,-0.049,-0.027,-0.005,0.0,0.0,0.1,0.0
16.917,0.0,0.0,-0.0,0.0,3.0,0.171,-0.005,-0.046,-0.465,0.0,0.159,-0.047,-0.026,0.0,0.0,0.0,0.1,0.0
16.959,0.0,0.0,-0.012,0.0,3.0,0.173,-0.005,-0.047,-0.013,0.0,0.161,-0.05,-0.027,-0.012,0.0,0.0,0.1,0.0
17.006,0.0,0.0,0.007,0.0,3.0,0.171,-0.003,-0.035,0.239,0.0,0.162,-0.051,-0.028,0.005,0.0,0.0,0.1,0.0
17.061,0.0,0.0,-0.009,0.0,3.0,0.171,-0.003,-0.034,0.016,0.0,0.163,-0.052,-0.028,-0.005,0.0,0.0,0.1,0.0
17.117,0.0,0.0,0.002,0.0,3.0,0.171,-0.003,-0.032,0.037,0.0,0.163,-0.052,-0.028,0.003,0.0,0.0,0.1,0.0
17.154,0.0,0.0,-0.007,0.0,3.0,0.171,-0.003,-0.03,0.046,0.0,0.163,-0.052,-0.028,-0.003,0.0,0.0,0.1,0.0
17.201,0.0,0.0,-0.001,0.0,3.0,0.168,-0.003,-0.032,-0.051,0.0,0.162,-0.052,-0.027,0.001,0.0,0.0,0.1,0.0
17.251,0.0,0.0,-0.006,0.0,3.0,0.167,-0.003,-0.029,0.068,0.0,0.161,-0.053,-0.028,-0.003,0.0,0.0,0.1,0.0
17.315,0.0,0.0,0.002,0.0,3.0,0.165,-0.003,-0.03,-0.028,0.0,0.16,-0.053,-0.027,0.005,0.0,0.0,0.1,0.0
17.348,0.0,0.0,-0.007,0.0,3.0,0.166,-0.003,-0.031,-0.013,0.0,0.158,-0.054,-0.027,-0.003,0.0,0.0,0.1,0.0
17.405,0.0,0.0,0.003,0.0,3.0,0.165,-0.004,-0.037,-0.117,0.0,0.158,-0.053,-0.027,0.006,0.0,0.0,0.1,0.0
17.469,0.0,0.0,-0.009,0.0,3.0,0.157,-0.003,-0.034,0.061,0.0,0.157,-0.055,-0.027,-0.004,0.0,0.0,0.1,0.0
17.51,0.0,0.0,0.006,0.0,3.0,0.158,-0.003,-0.029,0.101,0.0,0.152,-0.057,-0.027,0.007,0.0,0.0,0.1,0.0
17.56,0.0,0.0,0.0,0.0,3.0,0.155,-0.002,-0.019,0.189,0.0,0.151,-0.056,-0.026,0.01,0.0,0.0,0.1,0.0
17.623,0.0,0.0,-0.005,0.0,3.0,0.151,-0.002,-0.022,-0.049,0.0,0.149,-0.055,-0.024,0.004,0.0,0.0,0.1,0.0
17.656,0.0,0.0,-0.003,0.0,3.0,0.152,-0.002,-0.025,-0.059,0.0,0.145,-0.055,-0.024,0.001,0.0,0.0,0.1,0.0
17.732,0.0,0.0,0.001,0.0,3.0,0.147,-0.003,-0.03,-0.116,0.0,0.144,-0.053,-0.023,0.005,0.0,0.0,0.1,0.0
17.771,0.0,0.0,-0.006,0.0,3.0,0.144,-0.005,-0.045,-0.298,0.0,0.141,-0.055,-0.023,-0.004,0.0,0.0,0.1,0.0
17.814,0.0,0.0,0.008,0.0,3.0,0.14,-0.005,-0.048,-0.048,0.0,0.138,-0.057,-0.024,0.01,0.0,0.0,0.1,0.0
17.882,0.0,0.0,0.002,0.0,3.0,0.135,-0.003,-0.03,0.357,0.0,0.134,-0.061,-0.024,0.012,0.0,0.0,0.1,0.0
17.922,0.0,0.0,0.008,0.0,3.0,0.132,-0.003,-0.026,0.074,0.0,0.13,-0.06,-0.022,0.022,0.0,0.0,0.1,0.0
17.98,0.0,0.0,-0.005,0.0,3.0,0.129,-0.003,-0.032,-0.118,0.0,0.126,-0.06,-0.021,0.012,0.0,0.0,0.1,0.0
18.026,0.0,0.0,0.003,0.0,3.0,0.132,-0.004,-0.044,-0.246,0.0,0.123,-0.06,-0.02,0.015,0.0,0.0,0.1,0.0
18.102,0.0,0.0,-0.0,0.0,3.0,0.13,-0.005,-0.05,-0.104,0.0,0.122,-0.06,-0.019,0.012,0.0,0.0,0.1,0.0
18.142,0.0,0.0,0.002,0.0,3.0,0.135,-0.005,-0.051,-0.033,0.0,0.121,-0.061,-0.019,0.012,0.0,0.0,0.1,0.0
18.158,0.0,0.0,0.004,0.0,3.0,0.132,-0.005,-0.055,-0.064,0.0,0.123,-0.06,-0.019,0.015,0.0,0.0,0.1,0.0
18.231,0.0,0.0,-0.003,0.0,3.0,0.134,-0.005,-0.05,0.094,0.0,0.123,-0.062,-0.019,0.007,0.0,0.0,0.1,0.0
18.261,0.0,0.0,0.009,0.0,3.0,0.135,-0.003,-0.03,0.398,0.0,0.123,-0.061,-0.019,0.019,0.0,0.0,0.1,0.0
18.328,0.0,0.0,-0.006,0.0,3.0,0.139,-0.004,-0.037,-0.138,0.0,0.124,-0.058,-0.018,0.006,0.0,0.0,0.1,0.0
18.389,0.0,0.0,-0.002,0.0,3.0,0.137,-0.004,-0.039,-0.041,0.0,0.127,-0.055,-0.018,0.003,0.0,0.0,0.1,0.0
18.41,0.0,0.0,-0.004,0.0,3.0,0.142,-0.003,-0.033,0.116,0.0,0.127,-0.055,-0.018,-0.004,0.0,0.0,0.1,0.0
18.475,0.0,0.0,0.004,0.0,3.0,0.143,-0.004,-0.037,-0.074,0.0,0.13,-0.051,-0.019,0.003,0.0,0.0,0.1,0.0
18.546,0.0,0.0,-0.01,0.0,3.0,0.145,-0.003,-0.028,0.176,0.0,0.132,-0.05,-0.019,-0.01,0.0,0.0,0.1,0.0
18.581,0.0,0.0,0.004,0.0,3.0,0.145,-0.003,-0.028,0.0,0.0,0.134,-0.047,-0.02,-0.001,0.0,0.0,0.1,0.0
18.616,0.0,0.0,-0.01,0.0,3.0,0.144,-0.002,-0.023,0.106,0.0,0.135,-0.047,-0.02,-0.013,0.0,0.0,0.1,0.0
18.664,0.0,0.0,0.004,0.0,3.0,0.147,-0.003,-0.029,-0.117,0.0,0.136,-0.044,-0.021,-0.003,0.0,0.0,0.1,0.0
18.729,0.0,0.0,-0.009,0.0,3.0,0.149,-0.003,-0.034,-0.111,0.0,0.138,-0.044,-0.021,-0.013,0.0,0.0,0.1,0.0
18.759,0.0,0.0,0.001,0.0,3.0,0.148,-0.004,-0.039,-0.103,0.0,0.14,-0.043,-0.022,-0.005,0.0,0.0,0.1,0.0
18.809,0.0,0.0,-0.005,0.0,3.0,0.147,-0.003,-0.033,0.119,0.0,0.14,-0.045,-0.024,-0.008,0.0,0.0,0.1,0.0
18.868,0.0,0.0,0.004,0.0,3.0,0.149,-0.002,-0.02,0.264,0.0,0.14,-0.045,-0.024,0.003,0.0,0.0,0.1,0.0
18.914,0.0,0.0,-0.005,0.0,3.0,0.154,-0.003,-0.029,-0.18,0.0,0.141,-0.044,-0.023,-0.001,0.0,0.0,0.1,0.0
18.954,0.0,0.0,-0.007,0.0,3.0,0.149,-0.003,-0.03,-0.01,0.0,0.143,-0.043,-0.023,-0.007,0.0,0.0,0.1,0.0
19.028,0.0,0.0,-0.005,0.0,3.0,0.147,-0.003,-0.031,-0.033,0.0,0.143,-0.044,-0.024,-0.008,0.0,0.0,0.1,0.0
19.068,0.0,0.0,0.003,0.0,3.0,0.15,-0.003,-0.03,0.023,0.0,0.141,-0.045,-0.025,0.001,0.0,0.0,0.1,0.0
19.099,0.0,0.0,-0.003,0.0,3.0,0.147,-0.002,-0.024,0.113,0.0,0.142,-0.045,-0.024,0.001,0.0,0.0,0.1,0.0
19.16,0.0,0.0,-0.004,0.0,3.0,0.145,-0.005,-0.054,-0.601,0.0,0.141,-0.046,-0.024,-0.002,0.0,0.0,0.1,0.0
19.216,0.0,0.0,-0.001,0.0,3.0,0.143,-0.004,-0.037,0.349,0.0,0.139,-0.051,-0.025,-0.001,0.0,0.0,0.1,0.0
19.252,0.0,0.0,0.012,0.0,3.0,0.139,-0.003,-0.034,0.063,0.0,0.137,-0.052,-0.025,0.019,0.0,0.0,0.1,0.0
19.307,0.0,0.0,-0.009,0.0,3.0,0.136,-0.002,-0.018,0.318,0.0,0.134,-0.055,-0.024,0.005,0.0,0.0,0.1,0.0
19.355,0.0,0.0,0.009,0.0,3.0,0.124,-0.002,-0.022,-0.086,0.0,0.13,-0.052,-0.022,0.02,0.0,0.0,0.1,0.0
19.408,0.0,0.0,-0.013,0.0,3.0,0.133,-0.003,-0.026,-0.084,0.0,0.123,-0.056,-0.022,-0.001,0.0,0.0,0.1,0.0
19.472,0.0,0.0,0.019,0.0,3.0,0.124,-0.004,-0.039,-0.256,0.0,0.124,-0.051,-0.02,0.028,0.0,0.0,0.1,0.0
19.496,0.0,0.0,-0.024,0.0,3.0,0.118,-0.004,-0.039,0.009,0.0,0.12,-0.057,-0.02,-0.012,0.0,0.0,0.1,0.0
19.597,0.0,0.0,0.029,0.0,3.0,0.11,-0.003,-0.028,0.214,0.0,0.115,-0.057,-0.02,0.033,0.0,0.0,0.1,0.0
19.628,0.0,0.0,-0.014,0.0,3.0,0.106,-0.003,-0.026,0.038,0.0,0.108,-0.06,-0.019,0.006,0.0,0.0,0.1,0.0
19.652,0.0,0.0,0.02,0.0,3.0,0.099,-0.002,-0.02,0.119,0.0,0.102,-0.058,-0.017,0.033,0.0,0.0,0.1,0.0
19.715,0.0,0.0,-0.01,0.0,3.0,0.072,-0.003,-0.027,-0.13,0.0,0.096,-0.06,-0.015,0.01,0.0,0.0,0.1,0.0
19.812,0.0,0.0,0.013,0.0,3.0,0.066,-0.001,-0.013,0.27,0.0,0.08,-0.066,-0.015,0.024,0.0,0.0,0.1,0.0
19.858,0.0,0.0,0.022,0.0,3.0,0.057,-0.002,-0.021,-0.149,0.0,0.069,-0.064,-0.012,0.047,0.0,0.0,0.1,0.0
19.882,0.0,0.0,-0.004,0.0,3.0,0.06,-0.002,-0.02,0.012,0.0,0.058,-0.067,-0.009,0.027,0.0,0.0,0.1,0.0
19.934,0.0,0.0,0.02,0.0,3.0,0.05,-0.003,-0.035,-0.295,0.0,0.054,-0.061,-0.006,0.046,0.0,0.0,0.1,0.0
19.965,0.0,0.0,-0.015,0.0,3.0,0.048,0.001,0.007,0.84,0.0,0.047,-0.064,-0.005,0.01,0.0,0.0,0.1,0.0
20.009,0.0,0.0,0.03,0.0,3.0,0.042,-0.001,-0.015,-0.435,0.0,0.043,-0.053,-0.001,0.046,0.0,0.0,0.1,0.0
20.066,0.0,0.0,-0.031,0.0,3.0,-0.001,0.0,0.001,0.321,0.0,0.038,-0.054,-0.0,-0.013,0.0,0.0,0.1,0.0
20.107,0.0,0.0,0.035,0.0,3.0,-0.011,-0.0,-0.004,-0.106,0.0,0.016,-0.057,-0.001,0.031,0.0,0.0,0.1,0.0
20.156,0.0,0.0,0.017,0.0,3.0,-0.026,-0.003,-0.031,-0.536,0.0,-0.001,-0.059,0.002,0.041,0.0,0.0,0.1,0.0
20.206,0.0,0.0,0.016,0.0,3.0,-0.03,-0.002,-0.02,0.216,0.0,-0.017,-0.064,0.003,0.045,0.0,0.0,0.1,0.0
20.297,0.0,0.0,0.027,0.0,3.0,-0.035,-0.004,-0.035,-0.311,0.0,-0.028,-0.061,0.007,0.065,0.0,0.0,0.1,0.0
20.323,0.0,0.0,-0.001,0.0,3.0,-0.035,-0.004,-0.035,0.0,0.0,-0.036,-0.062,0.01,0.04,0.0,0.0,0.1,0.0
20.369,0.0,0.0,0.025,0.0,3.0,-0.039,-0.004,-0.039,-0.063,0.0,-0.04,-0.057,0.012,0.057,0.0,0.0,0.1,0.0
20.417,0.0,0.0,-0.003,0.0,3.0,-0.059,-0.001,-0.014,0.495,0.0,-0.044,-0.057,0.014,0.029,0.0,0.0,0.1,0.0
20.466,0.0,0.0,0.023,0.0,3.0,-0.092,-0.003,-0.033,-0.381,0.0,-0.055,-0.054,0.016,0.044,0.0,0.0,0.1,0.0
20.523,0.0,0.0,0.01,0.0,3.0,-0.092,-0.003,-0.027,0.127,0.0,-0.077,-0.063,0.015,0.033,0.0,0.0,0.1,0.0
20.563,0.0,0.0,0.054,0.0,3.0,-0.094,-0.003,-0.035,-0.161,0.0,-0.089,-0.058,0.019,0.09,0.0,0.0,0.1,0.0
20.615,0.0,0.0,-0.012,0.0,3.0,-0.097,-0.001,-0.014,0.42,0.0,-0.096,-0.059,0.022,0.04,0.0,0.0,0.1,0.0
20.66,0.0,0.0,0.037,0.0,3.0,-0.113,-0.003,-0.033,-0.399,0.0,-0.101,-0.049,0.026,0.069,0.0,0.0,0.1,0.0
20.729,0.0,0.0,-0.014,0.0,3.0,-0.128,0.002,0.023,1.129,0.0,-0.111,-0.053,0.026,0.018,0.0,0.0,0.1,0.0
20.792,0.0,0.0,0.052,0.0,3.0,-0.13,-0.001,-0.008,-0.626,0.0,-0.122,-0.041,0.03,0.073,0.0,0.0,0.1,0.0
20.816,0.0,0.0,-0.022,0.0,3.0,-0.139,-0.001,-0.01,-0.031,0.0,-0.129,-0.041,0.032,0.01,0.0,0.0,0.1,0.0
20.874,0.0,0.0,0.045,0.0,3.0,-0.161,0.0,0.003,0.254,0.0,-0.136,-0.033,0.033,0.056,0.0,0.0,0.1,0.0
20.912,0.0,0.0,-0.007,0.0,3.0,-0.163,-0.006,-0.059,-1.232,0.0,-0.15,-0.035,0.034,0.017,0.0,0.0,0.1,0.0
20.968,0.0,0.0,0.047,0.0,3.0,-0.171,0.004,0.039,1.953,0.0,-0.159,-0.037,0.032,0.062,0.0,0.0,0.1,0.0
21.01,0.0,0.0,0.016,0.0,3.0,-0.175,-0.002,-0.023,-1.245,0.0,-0.167,-0.025,0.038,0.057,0.0,0.0,0.1,0.0
21.073,0.0,0.0,-0.005,0.0,3.0,-0.199,0.001,0.008,0.633,0.0,-0.173,-0.026,0.038,0.02,0.0,0.0,0.1,0.0
21.104,0.0,0.0,0.041,0.0,3.0,-0.207,-0.003,-0.034,-0.847,0.0,-0.187,-0.022,0.039,0.056,0.0,0.0,0.1,0.0
21.165,0.0,0.0,0.008,0.0,3.0,-0.208,-0.001,-0.013,0.42,0.0,-0.198,-0.028,0.039,0.036,0.0,0.0,0.1,0.0
21.209,0.0,0.0,0.047,0.0,3.0,-0.228,-0.003,-0.031,-0.36,0.0,-0.205,-0.021,0.042,0.078,0.0,0.0,0.1,0.0
21.252,0.0,0.0,-0.008,0.0,3.0,-0.225,-0.004,-0.043,-0.235,0.0,-0.218,-0.029,0.042,0.03,0.0,0.0,0.1,0.0
21.357,0.0,0.0,0.063,0.0,3.0,-0.244,-0.002,-0.024,0.367,0.0,-0.223,-0.024,0.044,0.094,0.0,0.0,0.1,0.0
21.377,0.0,0.0,-0.01,0.0,3.0,-0.241,-0.004,-0.037,-0.251,0.0,-0.235,-0.03,0.046,0.04,0.0,0.0,0.1,0.0
21.407,0.0,0.0,0.058,0.0,3.0,-0.243,0.002,0.02,1.145,0.0,-0.24,-0.024,0.048,0.093,0.0,0.0,0.1,0.0
21.487,0.0,0.0,-0.007,0.0,3.0,-0.259,-0.002,-0.02,-0.799,0.0,-0.243,-0.015,0.053,0.044,0.0,0.0,0.1,0.0
21.518,0.0,0.0,0.018,0.0,3.0,-0.262,0.003,0.026,0.909,0.0,-0.252,-0.015,0.052,0.038,0.0,0.0,0.1,0.0
21.547,0.0,0.0,0.035,0.0,3.0,-0.27,0.001,0.01,-0.324,0.0,-0.257,-0.003,0.055,0.06,0.0,0.0,0.1,0.0
21.607,0.0,0.0,-0.007,0.0,3.0,-0.279,-0.003,-0.027,-0.732,0.0,-0.264,-0.002,0.056,0.017,0.0,0.0,0.1,0.0
21.689,0.0,0.0,0.041,0.0,3.0,-0.296,-0.006,-0.055,-0.565,0.0,-0.271,-0.001,0.054,0.049,0.0,0.0,0.1,0.0
21.746,0.0,0.0,0.021,0.0,3.0,-0.307,-0.004,-0.042,0.259,0.0,-0.283,-0.011,0.052,0.045,0.0,0.0,0.1,0.0
21.809,0.0,0.0,0.057,0.0,3.0,-0.312,-0.004,-0.037,0.103,0.0,-0.296,-0.014,0.053,0.094,0.0,0.0,0.1,0.0
21.827,0.0,0.0,0.016,0.0,3.0,-0.308,-0.003,-0.029,0.162,0.0,-0.305,-0.017,0.056,0.075,0.0,0.0,0.1,0.0
21.86,0.0,0.0,0.039,0.0,3.0,-0.32,-0.003,-0.026,0.065,0.0,-0.308,-0.011,0.06,0.092,0.0,0.0,0.1,0.0
21.916,0.0,0.0,0.005,0.0,3.0,-0.315,-0.003,-0.032,-0.114,0.0,-0.314,-0.012,0.062,0.054,0.0,0.0,0.1,0.0
21.956,0.0,0.0,0.044,0.0,3.0,-0.316,-0.003,-0.034,-0.059,0.0,-0.315,-0.006,0.063,0.081,0.0,0.0,0.1,0.0
22.008,0.0,0.0,0.003,0.0,3.0,-0.325,-0.003,-0.033,0.023,0.0,-0.316,-0.005,0.064,0.044,0.0,0.0,0.1,0.0
22.084,0.0,0.0,0.04,0.0,3.0,-0.333,-0.004,-0.037,-0.066,0.0,-0.321,-0.002,0.064,0.066,0.0,0.0,0.1,0.0
22.115,0.0,0.0,0.019,0.0,3.0,-0.334,-0.002,-0.021,0.321,0.0,-0.327,-0.004,0.064,0.053,0.0,0.0,0.1,0.0
22.156,0.0,0.0,0.041,0.0,3.0,-0.334,-0.004,-0.038,-0.342,0.0,-0.331,0.001,0.066,0.075,0.0,0.0,0.1,0.0
22.238,0.0,0.0,0.009,0.0,3.0,-0.34,-0.003,-0.033,0.088,0.0,-0.332,0.001,0.066,0.047,0.0,0.0,0.1,0.0
22.251,0.0,0.0,0.04,0.0,3.0,-0.337,-0.004,-0.039,-0.108,0.0,-0.336,0.003,0.066,0.069,0.0,0.0,0.1,0.0
22.321,0.0,0.0,0.017,0.0,3.0,-0.337,-0.004,-0.036,0.049,0.0,-0.336,0.004,0.066,0.054,0.0,0.0,0.1,0.0
22.388,0.0,0.0,0.031,0.0,3.0,-0.326,-0.004,-0.039,-0.048,0.0,-0.336,0.007,0.067,0.062,0.0,0.0,0.1,0.0
22.41,0.0,0.0,0.018,0.0,3.0,-0.329,-0.004,-0.036,0.056,0.0,-0.331,0.012,0.067,0.051,0.0,0.0,0.1,0.0
22.45,0.0,0.0,0.018,0.0,3.0,-0.31,-0.006,-0.058,-0.446,0.0,-0.329,0.013,0.066,0.042,0.0,0.0,0.1,0.0
22.507,0.0,0.0,0.027,0.0,3.0,-0.31,-0.005,-0.052,0.117,0.0,-0.32,0.018,0.065,0.05,0.0,0.0,0.1,0.0
22.562,0.0,0.0,0.009,0.0,3.0,-0.302,-0.003,-0.03,0.437,0.0,-0.314,0.017,0.063,0.03,0.0,0.0,0.1,0.0
22.606,0.0,0.0,0.032,0.0,3.0,-0.29,-0.004,-0.044,-0.281,0.0,-0.307,0.024,0.062,0.049,0.0,0.0,0.1,0.0
22.67,0.0,0.0,0.0,0.0,3.0,-0.277,-0.005,-0.045,-0.019,0.0,-0.297,0.025,0.06,0.019,0.0,0.0,0.1,0.0
22.714,0.0,0.0,0.027,0.0,3.0,-0.263,-0.006,-0.058,-0.256,0.0,-0.286,0.03,0.058,0.034,0.0,0.0,0.1,0.0
22.782,0.0,0.0,0.002,0.0,3.0,-0.249,-0.006,-0.056,0.039,0.0,-0.273,0.03,0.055,0.012,0.0,0.0,0.1,0.0
22.836,0.0,0.0,0.024,0.0,3.0,-0.226,-0.005,-0.053,0.064,0.0,-0.26,0.034,0.052,0.028,0.0,0.0,0.1,0.0
22.885,0.0,0.0,0.001,0.0,3.0,-0.215,-0.004,-0.036,0.337,0.0,-0.242,0.037,0.05,0.01,0.0,0.0,0.1,0.0
22.908,0.0,0.0,0.008,0.0,3.0,-0.211,-0.006,-0.06,-0.48,0.0,-0.226,0.042,0.047,0.006,0.0,0.0,0.1,0.0
22.994,0.0,0.0,0.002,0.0,3.0,-0.178,-0.006,-0.056,0.076,0.0,-0.216,0.037,0.042,-0.006,0.0,0.0,0.1,0.0
23.009,0.0,0.0,0.03,0.0,3.0,-0.168,-0.007,-0.068,-0.222,0.0,-0.195,0.044,0.039,0.028,0.0,0.0,0.1,0.0
23.06,0.0,0.0,-0.026,0.0,3.0,-0.158,-0.004,-0.043,0.487,0.0,-0.18,0.037,0.034,-0.024,0.0,0.0,0.1,0.0
23.104,0.0,0.0,0.038,0.0,3.0,-0.139,-0.003,-0.032,0.234,0.0,-0.167,0.041,0.031,0.027,0.0,0.0,0.1,0.0
23.164,0.0,0.0,-0.022,0.0,3.0,-0.113,-0.003,-0.026,0.105,0.0,-0.151,0.041,0.03,-0.016,0.0,0.0,0.1,0.0
23.24,0.0,0.0,0.015,0.0,3.0,-0.089,-0.004,-0.044,-0.361,0.0,-0.13,0.049,0.027,0.004,0.0,0.0,0.1,0.0
23.297,0.0,0.0,-0.029,0.0,3.0,-0.064,-0.005,-0.052,-0.163,0.0,-0.107,0.049,0.023,-0.042,0.0,0.0,0.1,0.0
23.33,0.0,0.0,0.012,0.0,3.0,-0.064,-0.005,-0.052,0.0,0.0,-0.083,0.053,0.018,-0.018,0.0,0.0,0.1,0.0
23.352,0.0,0.0,-0.021,0.0,3.0,-0.056,-0.006,-0.059,-0.121,0.0,-0.071,0.043,0.012,-0.047,0.0,0.0,0.1,0.0
23.439,0.0,0.0,0.03,0.0,3.0,-0.034,-0.008,-0.081,-0.452,0.0,-0.061,0.038,0.007,0.005,0.0,0.0,0.1,0.0
23.452,0.0,0.0,-0.01,0.0,3.0,-0.029,-0.004,-0.041,0.796,0.0,-0.046,0.029,0.003,-0.009,0.0,0.0,0.1,0.0
23.504,0.0,0.0,0.014,0.0,3.0,-0.016,-0.005,-0.045,-0.08,0.0,-0.036,0.027,0.001,0.015,0.0,0.0,0.1,0.0
23.563,0.0,0.0,-0.013,0.0,3.0,0.003,-0.004,-0.035,0.202,0.0,-0.025,0.022,0.0,-0.004,0.0,0.0,0.1,0.0
23.606,0.0,0.0,0.006,0.0,3.0,0.006,-0.007,-0.068,-0.662,0.0,-0.011,0.023,-0.0,0.008,0.0,0.0,0.1,0.0
23.656,0.0,0.0,-0.022,0.0,3.0,0.008,-0.005,-0.05,0.371,0.0,-0.001,0.012,-0.004,-0.024,0.0,0.0,0.1,0.0
23.707,0.0,0.0,0.029,0.0,3.0,0.029,-0.007,-0.066,-0.326,0.0,0.004,0.009,-0.006,0.025,0.0,0.0,0.1,0.0
23.753,0.0,0.0,-0.017,0.0,3.0,0.036,-0.004,-0.038,0.554,0.0,0.016,0.003,-0.007,-0.001,0.0,0.0,0.1,0.0
23.82,0.0,0.0,0.009,0.0,3.0,0.055,-0.004,-0.039,-0.004,0.0,0.026,0.003,-0.007,0.015,0.0,0.0,0.1,0.0
23.86,0.0,0.0,-0.019,0.0,3.0,0.066,-0.003,-0.032,0.14,0.0,0.04,0.003,-0.007,-0.01,0.0,0.0,0.1,0.0
23.916,0.0,0.0,-0.005,0.0,3.0,0.077,-0.005,-0.053,-0.431,0.0,0.052,0.005,-0.009,-0.011,0.0,0.0,0.1,0.0
23.961,0.0,0.0,-0.014,0.0,3.0,0.077,-0.005,-0.052,0.015,0.0,0.064,0.001,-0.012,-0.024,0.0,0.0,0.1,0.0
24.003,0.0,0.0,0.004,0.0,3.0,0.098,-0.006,-0.058,-0.119,0.0,0.07,-0.004,-0.015,-0.01,0.0,0.0,0.1,0.0
24.077,0.0,0.0,0.001,0.0,3.0,0.093,-0.005,-0.047,0.223,0.0,0.082,-0.005,-0.017,-0.001,0.0,0.0,0.1,0.0
24.137,0.0,0.0,-0.014,0.0,3.0,0.098,-0.007,-0.068,-0.422,0.0,0.086,-0.012,-0.019,-0.015,0.0,0.0,0.1,0.0
24.18,0.0,0.0,0.013,0.0,3.0,0.107,-0.004,-0.037,0.63,0.0,0.091,-0.019,-0.021,0.011,0.0,0.0,0.1,0.0
24.223,0.0,0.0,-0.003,0.0,3.0,0.099,-0.003,-0.034,0.046,0.0,0.097,-0.02,-0.02,0.01,0.0,0.0,0.1,0.0
24.277,0.0,0.0,-0.012,0.0,3.0,0.102,-0.003,-0.033,0.034,0.0,0.096,-0.026,-0.02,-0.004,0.0,0.0,0.1,0.0
24.327,0.0,0.0,0.013,0.0,3.0,0.108,-0.003,-0.03,0.051,0.0,0.097,-0.027,-0.02,0.019,0.0,0.0,0.1,0.0
24.382,0.0,0.0,-0.014,0.0,3.0,0.11,-0.002,-0.018,0.252,0.0,0.1,-0.029,-0.019,0.0,0.0,0.0,0.1,0.0
24.421,0.0,0.0,0.003,0.0,3.0,0.107,-0.001,-0.014,0.081,0.0,0.102,-0.027,-0.018,0.008,0.0,0.0,0.1,0.0
24.452,0.0,0.0,-0.014,0.0,3.0,0.102,-0.003,-0.027,-0.261,0.0,0.102,-0.028,-0.018,-0.01,0.0,0.0,0.1,0.0
24.514,0.0,0.0,0.005,0.0,3.0,0.109,-0.001,-0.008,0.364,0.0,0.1,-0.031,-0.019,0.001,0.0,0.0,0.1,0.0
24.56,0.0,0.0,0.001,0.0,3.0,0.1,-0.004,-0.04,-0.626,0.0,0.102,-0.028,-0.017,0.007,0.0,0.0,0.1,0.0
24.621,0.0,0.0,-0.016,0.0,3.0,0.086,-0.006,-0.056,-0.324,0.0,0.099,-0.036,-0.019,-0.016,0.0,0.0,0.1,0.0
24.659,0.0,0.0,0.027,0.0,3.0,0.09,-0.003,-0.026,0.601,0.0,0.09,-0.044,-0.021,0.026,0.0,0.0,0.1,0.0
24.716,0.0,0.0,0.008,0.0,3.0,0.079,-0.004,-0.042,-0.316,0.0,0.086,-0.045,-0.018,0.034,0.0,0.0,0.1,0.0
24.774,0.0,0.0,-0.008,0.0,3.0,0.079,-0.004,-0.036,0.111,0.0,0.079,-0.052,-0.017,0.016,0.0,0.0,0.1,0.0
24.809,0.0,0.0,0.023,0.0,3.0,0.075,-0.002,-0.016,0.397,0.0,0.075,-0.051,-0.015,0.046,0.0,0.0,0.1,0.0
24.858,0.0,0.0,-0.014,0.0,3.0,0.062,-0.004,-0.038,-0.444,0.0,0.071,-0.052,-0.012,0.017,0.0,0.0,0.1,0.0
24.912,0.0,0.0,0.011,0.0,3.0,0.049,-0.005,-0.049,-0.212,0.0,0.063,-0.055,-0.011,0.026,0.0,0.0,0.1,0.0
24.965,0.0,0.0,0.012,0.0,3.0,0.032,-0.001,-0.013,0.724,0.0,0.052,-0.062,-0.011,0.033,0.0,0.0,0.1,0.0
25.011,0.0,0.0,0.021,0.0,3.0,0.014,-0.002,-0.022,-0.173,0.0,0.038,-0.063,-0.007,0.052,0.0,0.0,0.1,0.0
25.051,0.0,0.0,0.003,0.0,3.0,0.006,-0.002,-0.019,0.053,0.0,0.022,-0.068,-0.004,0.039,0.0,0.0,0.1,0.0
25.123,0.0,0.0,0.028,0.0,3.0,0.008,-0.003,-0.032,-0.263,0.0,0.009,-0.066,-0.001,0.064,0.0,0.0,0.1,0.0
25.158,0.0,0.0,-0.002,0.0,3.0,0.007,-0.004,-0.045,-0.258,0.0,0.003,-0.065,0.003,0.04,0.0,0.0,0.1,0.0
25.214,0.0,0.0,0.016,0.0,3.0,-0.009,-0.003,-0.032,0.263,0.0,0.0,-0.063,0.005,0.045,0.0,0.0,0.1,0.0
25.28,0.0,0.0,0.004,0.0,3.0,-0.019,-0.001,-0.015,0.337,0.0,-0.009,-0.064,0.006,0.031,0.0,0.0,0.1,0.0
25.319,0.0,0.0,0.024,0.0,3.0,-0.018,-0.002,-0.018,-0.061,0.0,-0.018,-0.059,0.009,0.048,0.0,0.0,0.1,0.0
25.382,0.0,0.0,0.001,0.0,3.0,-0.029,0.002,0.025,0.859,0.0,-0.022,-0.055,0.011,0.029,0.0,0.0,0.1,0.0
25.414,0.0,0.0,0.011,0.0,3.0,-0.033,0.002,0.019,-0.124,0.0,-0.029,-0.045,0.014,0.029,0.0,0.0,0.1,0.0
25.464,0.0,0.0,-0.006,0.0,3.0,-0.05,-0.003,-0.029,-0.948,0.0,-0.034,-0.038,0.016,0.004,0.0,0.0,0.1,0.0
25.501,0.0,0.0,0.011,0.0,3.0,-0.062,-0.002,-0.024,0.091,0.0,-0.045,-0.041,0.014,0.006,0.0,0.0,0.1,0.0
25.572,0.0,0.0,0.033,0.0,3.0,-0.074,-0.004,-0.038,-0.276,0.0,-0.056,-0.042,0.013,0.04,0.0,0.0,0.1,0.0
25.603,0.0,0.0,0.009,0.0,3.0,-0.08,-0.002,-0.022,0.322,0.0,-0.068,-0.047,0.014,0.033,0.0,0.0,0.1,0.0
25.662,0.0,0.0,0.035,0.0,3.0,-0.1,-0.003,-0.026,-0.086,0.0,-0.077,-0.045,0.016,0.065,0.0,0.0,0.1,0.0
25.7,0.0,0.0,-0.002,0.0,3.0,-0.102,-0.004,-0.035,-0.185,0.0,-0.091,-0.051,0.018,0.035,0.0,0.0,0.1,0.0
25.786,0.0,0.0,0.045,0.0,3.0,-0.131,-0.003,-0.026,0.196,0.0,-0.1,-0.048,0.02,0.078,0.0,0.0,0.1,0.0
25.833,0.0,0.0,-0.005,0.0,3.0,-0.137,-0.003,-0.029,-0.065,0.0,-0.119,-0.056,0.022,0.039,0.0,0.0,0.1,0.0
25.857,0.0,0.0,0.056,0.0,3.0,-0.145,-0.001,-0.014,0.287,0.0,-0.131,-0.052,0.026,0.095,0.0,0.0,0.1,0.0
25.899,0.0,0.0,-0.007,0.0,3.0,-0.151,-0.001,-0.011,0.071,0.0,-0.142,-0.052,0.03,0.049,0.0,0.0,0.1,0.0
25.957,0.0,0.0,0.036,0.0,3.0,-0.173,-0.002,-0.015,-0.082,0.0,-0.15,-0.044,0.034,0.073,0.0,0.0,0.1,0.0
26.002,0.0,0.0,-0.004,0.0,3.0,-0.18,-0.002,-0.019,-0.086,0.0,-0.164,-0.047,0.036,0.033,0.0,0.0,0.1,0.0
26.056,0.0,0.0,0.05,0.0,3.0,-0.192,-0.002,-0.023,-0.072,0.0,-0.175,-0.042,0.038,0.078,0.0,0.0,0.1,0.0
26.121,0.0,0.0,0.0,0.0,3.0,-0.202,-0.005,-0.052,-0.586,0.0,-0.187,-0.043,0.04,0.042,0.0,0.0,0.1,0.0
26.173,0.0,0.0,0.044,0.0,3.0,-0.207,-0.002,-0.022,0.604,0.0,-0.197,-0.044,0.04,0.075,0.0,0.0,0.1,0.0
26.203,0.0,0.0,0.019,0.0,3.0,-0.212,-0.002,-0.023,-0.016,0.0,-0.205,-0.04,0.043,0.066,0.0,0.0,0.1,0.0
26.25,0.0,0.0,0.02,0.0,3.0,-0.219,-0.003,-0.034,-0.223,0.0,-0.211,-0.036,0.046,0.059,0.0,0.0,0.1,0.0
26.319,0.0,0.0,0.02,0.0,3.0,-0.23,-0.004,-0.042,-0.158,0.0,-0.218,-0.034,0.047,0.053,0.0,0.0,0.1,0.0
26.369,0.0,0.0,0.026,0.0,3.0,-0.226,-0.003,-0.025,0.333,0.0,-0.226,-0.034,0.047,0.057,0.0,0.0,0.1,0.0
26.428,0.0,0.0,0.031,0.0,3.0,-0.231,0.002,0.02,0.894,0.0,-0.228,-0.026,0.049,0.067,0.0,0.0,0.1,0.0
26.474,0.0,0.0,0.005,0.0,3.0,-0.236,0.002,0.018,-0.038,0.0,-0.231,-0.016,0.053,0.04,0.0,0.0,0.1,0.0
26.525,0.0,0.0,0.012,0.0,3.0,-0.233,-0.003,-0.034,-1.029,0.0,-0.234,-0.007,0.054,0.028,0.0,0.0,0.1,0.0
26.562,0.0,0.0,0.013,0.0,3.0,-0.244,-0.003,-0.031,0.052,0.0,-0.234,-0.005,0.052,0.019,0.0,0.0,0.1,0.0
26.598,0.0,0.0,0.029,0.0,3.0,-0.243,-0.003,-0.034,-0.047,0.0,-0.24,-0.005,0.05,0.035,0.0,0.0,0.1,0.0
26.652,0.0,0.0,0.025,0.0,3.0,-0.234,-0.004,-0.035,-0.034,0.0,-0.241,-0.003,0.049,0.044,0.0,0.0,0.1,0.0
26.71,0.0,0.0,0.019,0.0,3.0,-0.233,-0.005,-0.045,-0.199,0.0,-0.238,0.0,0.049,0.043,0.0,0.0,0.1,0.0
26.786,0.0,0.0,0.013,0.0,3.0,-0.232,-0.006,-0.055,-0.206,0.0,-0.236,0.0,0.048,0.033,0.0,0.0,0.1,0.0
26.819,0.0,0.0,0.025,0.0,3.0,-0.23,-0.003,-0.025,0.608,0.0,-0.234,-0.001,0.046,0.042,0.0,0.0,0.1,0.0
26.862,0.0,0.0,0.02,0.0,3.0,-0.235,-0.001,-0.013,0.235,0.0,-0.232,0.003,0.047,0.045,0.0,0.0,0.1,0.0
26.899,0.0,0.0,0.008,0.0,3.0,-0.234,-0.006,-0.06,-0.94,0.0,-0.233,0.005,0.047,0.03,0.0,0.0,0.1,0.0
26.96,0.0,0.0,0.022,0.0,3.0,-0.226,-0.004,-0.036,0.486,0.0,-0.234,0.001,0.045,0.036,0.0,0.0,0.1,0.0
27.008,0.0,0.0,0.03,0.0,3.0,-0.22,-0.005,-0.046,-0.194,0.0,-0.23,0.005,0.045,0.055,0.0,0.0,0.1,0.0
27.06,0.0,0.0,-0.0,0.0,3.0,-0.213,-0.003,-0.033,0.256,0.0,-0.225,0.004,0.045,0.026,0.0,0.0,0.1,0.0
27.124,0.0,0.0,0.028,0.0,3.0,-0.205,-0.003,-0.031,0.039,0.0,-0.219,0.01,0.045,0.045,0.0,0.0,0.1,0.0
27.16,0.0,0.0,-0.003,0.0,3.0,-0.204,-0.005,-0.047,-0.31,0.0,-0.212,0.012,0.044,0.015,0.0,0.0,0.1,0.0
27.21,0.0,0.0,0.02,0.0,3.0,-0.191,-0.005,-0.049,-0.053,0.0,-0.207,0.012,0.042,0.025,0.0,0.0,0.1,0.0
27.257,0.0,0.0,0.016,0.0,3.0,-0.183,-0.007,-0.071,-0.436,0.0,-0.199,0.013,0.04,0.028,0.0,0.0,0.1,0.0
27.3,0.0,0.0,0.008,0.0,3.0,-0.185,-0.004,-0.044,0.545,0.0,-0.191,0.01,0.037,0.02,0.0,0.0,0.1,0.0
27.368,0.0,0.0,0.024,0.0,3.0,-0.19,-0.004,-0.042,0.035,0.0,-0.188,0.01,0.036,0.036,0.0,0.0,0.1,0.0
27.425,0.0,0.0,0.008,0.0,3.0,-0.191,-0.004,-0.041,0.014,0.0,-0.188,0.005,0.034,0.027,0.0,0.0,0.1,0.0
27.451,0.0,0.0,0.028,0.0,3.0,-0.196,-0.003,-0.029,0.244,0.0,-0.189,0.003,0.034,0.048,0.0,0.0,0.1,0.0
27.505,0.0,0.0,0.011,0.0,3.0,-0.198,-0.003,-0.035,-0.115,0.0,-0.192,0.0,0.035,0.04,0.0,0.0,0.1,0.0
27.55,0.0,0.0,0.023,0.0,3.0,-0.201,-0.004,-0.04,-0.102,0.0,-0.195,-0.002,0.035,0.05,0.0,0.0,0.1,0.0
27.597,0.0,0.0,0.015,0.0,3.0,-0.194,0.002,0.023,1.266,0.0,-0.199,-0.005,0.036,0.047,0.0,0.0,0.1,0.0
27.649,0.0,0.0,0.024,0.0,3.0,-0.194,-0.005,-0.055,-1.559,0.0,-0.197,0.007,0.04,0.059,0.0,0.0,0.1,0.0
27.709,0.0,0.0,-0.023,0.0,3.0,-0.192,0.001,0.013,1.347,0.0,-0.195,-0.001,0.038,-0.002,0.0,0.0,0.1,0.0
27.784,0.0,0.0,0.058,0.0,3.0,-0.201,-0.004,-0.037,-1.005,0.0,-0.193,0.013,0.04,0.068,0.0,0.0,0.1,0.0
27.817,0.0,0.0,-0.042,0.0,3.0,-0.204,-0.002,-0.025,0.256,0.0,-0.196,0.001,0.038,-0.021,0.0,0.0,0.1,0.0
27.858,0.0,0.0,0.077,0.0,3.0,-0.21,-0.004,-0.044,-0.387,0.0,-0.2,0.007,0.037,0.079,0.0,0.0,0.1,0.0
27.907,0.0,0.0,-0.029,0.0,3.0,-0.217,-0.004,-0.041,0.053,0.0,-0.204,-0.004,0.037,0.006,0.0,0.0,0.1,0.0
27.952,0.0,0.0,0.069,0.0,3.0,-0.215,-0.004,-0.043,-0.035,0.0,-0.211,-0.003,0.037,0.087,0.0,0.0,0.1,0.0
28.016,0.0,0.0,-0.012,0.0,3.0,-0.216,-0.003,-0.031,0.241,0.0,-0.213,-0.01,0.038,0.037,0.0,0.0,0.1,0.0
28.064,0.0,0.0,0.045,0.0,3.0,-0.221,-0.003,-0.029,0.035,0.0,-0.215,-0.006,0.04,0.077,0.0,0.0,0.1,0.0
28.112,0.0,0.0,-0.007,0.0,3.0,-0.213,-0.003,-0.025,0.083,0.0,-0.219,-0.009,0.042,0.034,0.0,0.0,0.1,0.0
28.165,0.0,0.0,0.04,0.0,3.0,-0.206,-0.002,-0.022,0.066,0.0,-0.217,-0.002,0.043,0.067,0.0,0.0,0.1,0.0
28.224,0.0,0.0,-0.012,0.0,3.0,-0.203,-0.004,-0.041,-0.374,0.0,-0.212,0.001,0.045,0.02,0.0,0.0,0.1,0.0
28.266,0.0,0.0,0.026,0.0,3.0,-0.21,-0.003,-0.035,0.114,0.0,-0.208,0.004,0.043,0.036,0.0,0.0,0.1,0.0
28.325,0.0,0.0,0.007,0.0,3.0,-0.202,-0.005,-0.046,-0.232,0.0,-0.209,0.001,0.042,0.021,0.0,0.0,0.1,0.0
28.369,0.0,0.0,0.032,0.0,3.0,-0.199,-0.005,-0.046,0.018,0.0,-0.206,0.003,0.041,0.046,0.0,0.0,0.1,0.0
28.419,0.0,0.0,0.004,0.0,3.0,-0.197,-0.002,-0.024,0.425,0.0,-0.203,0.002,0.04,0.027,0.0,0.0,0.1,0.0
28.467,0.0,0.0,0.025,0.0,3.0,-0.195,-0.006,-0.055,-0.622,0.0,-0.2,0.006,0.04,0.043,0.0,0.0,0.1,0.0
28.532,0.0,0.0,0.0,0.0,3.0,-0.178,-0.005,-0.053,0.047,0.0,-0.197,0.001,0.038,0.019,0.0,0.0,0.1,0.0
28.572,0.0,0.0,0.035,0.0,3.0,-0.179,-0.004,-0.045,0.169,0.0,-0.188,0.006,0.038,0.051,0.0,0.0,0.1,0.0
28.609,0.0,0.0,-0.012,0.0,3.0,-0.18,-0.006,-0.062,-0.339,0.0,-0.184,0.003,0.037,0.01,0.0,0.0,0.1,0.0
28.657,0.0,0.0,0.034,0.0,3.0,-0.157,-0.005,-0.047,0.283,0.0,-0.182,0.001,0.034,0.042,0.0,0.0,0.1,0.0
28.708,0.0,0.0,0.011,0.0,3.0,-0.151,-0.004,-0.039,0.166,0.0,-0.17,0.006,0.035,0.037,0.0,0.0,0.1,0.0
28.751,0.0,0.0,-0.003,0.0,3.0,-0.15,-0.004,-0.038,0.026,0.0,-0.161,0.008,0.034,0.013,0.0,0.0,0.1,0.0
28.797,0.0,0.0,0.013,0.0,3.0,-0.132,-0.007,-0.068,-0.613,0.0,-0.155,0.009,0.032,0.016,0.0,0.0,0.1,0.0
28.854,0.0,0.0,0.01,0.0,3.0,-0.112,-0.005,-0.051,0.359,0.0,-0.144,0.008,0.029,0.017,0.0,0.0,0.1,0.0
28.923,0.0,0.0,0.009,0.0,3.0,-0.113,-0.002,-0.022,0.566,0.0,-0.128,0.013,0.028,0.018,0.0,0.0,0.1,0.0
28.959,0.0,0.0,-0.008,0.0,3.0,-0.099,-0.004,-0.042,-0.404,0.0,-0.12,0.015,0.026,-0.006,0.0,0.0,0.1,0.0
29.001,0.0,0.0,0.012,0.0,3.0,-0.079,-0.007,-0.07,-0.554,0.0,-0.109,0.017,0.024,0.005,0.0,0.0,0.1,0.0
29.06,0.0,0.0,-0.002,0.0,3.0,-0.069,-0.003,-0.03,0.809,0.0,-0.094,0.015,0.02,-0.006,0.0,0.0,0.1,0.0
29.11,0.0,0.0,0.011,0.0,3.0,-0.072,-0.001,-0.006,0.469,0.0,-0.081,0.02,0.018,0.007,0.0,0.0,0.1,0.0
29.154,0.0,0.0,-0.014,0.0,3.0,-0.069,-0.004,-0.042,-0.71,0.0,-0.076,0.02,0.016,-0.02,0.0,0.0,0.1,0.0
29.202,0.0,0.0,0.014,0.0,3.0,-0.056,-0.003,-0.035,0.145,0.0,-0.072,0.016,0.013,-0.001,0.0,0.0,0.1,0.0
29.258,0.0,0.0,0.009,0.0,3.0,-0.053,0.002,0.02,1.083,0.0,-0.063,0.016,0.011,0.009,0.0,0.0,0.1,0.0
29.306,0.0,0.0,-0.005,0.0,3.0,-0.062,-0.001,-0.007,-0.529,0.0,-0.057,0.021,0.012,-0.001,0.0,0.0,0.1,0.0
29.355,0.0,0.0,-0.011,0.0,3.0,-0.058,-0.006,-0.059,-1.038,0.0,-0.058,0.016,0.01,-0.02,0.0,0.0,0.1,0.0
29.4,0.0,0.0,0.024,0.0,3.0,-0.047,-0.004,-0.038,0.423,0.0,-0.057,0.008,0.006,0.015,0.0,0.0,0.1,0.0
29.454,0.0,0.0,0.011,0.0,3.0,-0.033,-0.005,-0.047,-0.185,0.0,-0.052,0.006,0.006,0.025,0.0,0.0,0.1,0.0
29.509,0.0,0.0,-0.003,0.0,3.0,-0.034,-0.002,-0.017,0.596,0.0,-0.043,0.004,0.006,0.014,0.0,0.0,0.1,0.0
29.556,0.0,0.0,0.002,0.0,3.0,-0.025,-0.004,-0.042,-0.506,0.0,-0.039,0.005,0.006,0.012,0.0,0.0,0.1,0.0
29.607,0.0,0.0,-0.002,0.0,3.0,-0.028,-0.003,-0.031,0.222,0.0,-0.032,0.002,0.005,0.004,0.0,0.0,0.1,0.0
29.649,0.0,0.0,0.007,0.0,3.0,-0.024,-0.003,-0.025,0.119,0.0,-0.03,-0.001,0.004,0.01,0.0,0.0,0.1,0.0
29.702,0.0,0.0,0.005,0.0,3.0,-0.035,-0.005,-0.047,-0.437,0.0,-0.027,-0.002,0.004,0.014,0.0,0.0,0.1,0.0
29.764,0.0,0.0,0.0,0.0,3.0,-0.045,-0.005,-0.046,0.016,0.0,-0.031,-0.012,0.002,0.007,0.0,0.0,0.1,0.0
29.802,0.0,0.0,0.03,0.0,3.0,-0.041,-0.002,-0.021,0.511,0.0,-0.039,-0.019,0.002,0.044,0.0,0.0,0.1,0.0
29.848,0.0,0.0,0.009,0.0,3.0,-0.038,-0.005,-0.053,-0.637,0.0,-0.042,-0.02,0.005,0.044,0.0,0.0,0.1,0.0
29.92,0.0,0.0,0.0,0.0,3.0,-0.044,-0.002,-0.024,0.573,0.0,-0.042,-0.025,0.005,0.03,0.0,0.0,0.1,0.0
29.951,0.0,0.0,0.017,0.0,3.0,-0.046,-0.005,-0.053,-0.58,0.0,-0.045,-0.025,0.007,0.044,0.0,0.0,0.1,0.0
30.016,0.0,0.0,-0.001,0.0,3.0,-0.049,-0.007,-0.067,-0.288,0.0,-0.048,-0.031,0.008,0.025,0.0,0.0,0.1,0.0
30.054,0.0,0.0,0.027,0.0,3.0,-0.05,-0.003,-0.028,0.78,0.0,-0.051,-0.035,0.008,0.051,0.0,0.0,0.1,0.0
30.109,0.0,0.0,0.009,0.0,3.0,-0.039,-0.005,-0.054,-0.513,0.0,-0.053,-0.034,0.01,0.046,0.0,0.0,0.1,0.0
30.155,0.0,0.0,0.004,0.0,3.0,-0.048,-0.003,-0.034,0.403,0.0,-0.049,-0.033,0.012,0.034,0.0,0.0,0.1,0.0
30.199,0.0,0.0,0.008,0.0,3.0,-0.049,-0.003,-0.032,0.029,0.0,-0.051,-0.033,0.012,0.029,0.0,0.0,0.1,0.0
30.271,0.0,0.0,0.011,0.0,3.0,-0.046,-0.004,-0.041,-0.178,0.0,-0.053,-0.032,0.013,0.03,0.0,0.0,0.1,0.0
30.316,0.0,0.0,0.007,0.0,3.0,-0.039,-0.001,-0.01,0.625,0.0,-0.052,-0.031,0.013,0.026,0.0,0.0,0.1,0.0
30.375,0.0,0.0,0.01,0.0,3.0,-0.037,-0.002,-0.023,-0.252,0.0,-0.048,-0.023,0.015,0.028,0.0,0.0,0.1,0.0
30.418,0.0,0.0,-0.012,0.0,3.0,-0.038,-0.005,-0.047,-0.48,0.0,-0.045,-0.021,0.015,-0.003,0.0,0.0,0.1,0.0
30.457,0.0,0.0,0.016,0.0,3.0,-0.036,-0.005,-0.046,0.006,0.0,-0.043,-0.021,0.012,0.011,0.0,0.0,0.1,0.0
30.51,0.0,0.0,0.009,0.0,3.0,-0.027,-0.005,-0.053,-0.128,0.0,-0.042,-0.022,0.011,0.014,0.0,0.0,0.1,0.0
30.561,0.0,0.0,0.012,0.0,3.0,-0.02,-0.004,-0.044,0.172,0.0,-0.037,-0.021,0.01,0.021,0.0,0.0,0.1,0.0
30.608,0.0,0.0,0.002,0.0,3.0,-0.024,0.003,0.03,1.476,0.0,-0.03,-0.02,0.009,0.014,0.0,0.0,0.1,0.0
30.674,0.0,0.0,0.003,0.0,3.0,-0.015,-0.004,-0.043,-1.45,0.0,-0.028,-0.009,0.012,0.012,0.0,0.0,0.1,0.0
30.711,0.0,0.0,-0.018,0.0,3.0,-0.008,-0.003,-0.031,0.24,0.0,-0.023,-0.012,0.009,-0.023,0.0,0.0,0.1,0.0
30.756,0.0,0.0,0.028,0.0,3.0,-0.006,-0.002,-0.023,0.153,0.0,-0.017,-0.007,0.007,0.017,0.0,0.0,0.1,0.0
30.804,0.0,0.0,-0.021,0.0,3.0,0.001,-0.006,-0.061,-0.756,0.0,-0.013,-0.009,0.006,-0.02,0.0,0.0,0.1,0.0
30.851,0.0,0.0,0.021,0.0,3.0,0.007,-0.007,-0.067,-0.12,0.0,-0.007,-0.011,0.003,0.01,0.0,0.0,0.1,0.0
30.946,0.0,0.0,-0.001,0.0,3.0,0.017,-0.003,-0.035,0.646,0.0,-0.002,-0.016,0.0,0.004,0.0,0.0,0.1,0.0
30.955,0.0,0.0,0.015,0.0,3.0,0.017,-0.003,-0.035,0.0,0.0,0.006,-0.012,0.0,0.023,0.0,0.0,0.1,0.0
31.009,0.0,0.0,-0.019,0.0,3.0,0.025,-0.006,-0.058,-0.465,0.0,0.01,-0.015,-0.0,-0.01,0.0,0.0,0.1,0.0
31.062,0.0,0.0,0.019,0.0,3.0,0.044,-0.002,-0.024,0.685,0.0,0.016,-0.016,-0.002,0.017,0.0,0.0,0.1,0.0
31.123,0.0,0.0,-0.007,0.0,3.0,0.049,-0.003,-0.026,-0.045,0.0,0.028,-0.01,-0.001,0.004,0.0,0.0,0.1,0.0
31.164,0.0,0.0,-0.017,0.0,3.0,0.041,-0.005,-0.05,-0.485,0.0,0.037,-0.009,-0.003,-0.021,0.0,0.0,0.1,0.0
31.211,0.0,0.0,0.004,0.0,3.0,0.044,-0.005,-0.048,0.034,0.0,0.038,-0.015,-0.007,-0.013,0.0,0.0,0.1,0.0
31.259,0.0,0.0,0.016,0.0,3.0,0.042,-0.002,-0.025,0.466,0.0,0.039,-0.018,-0.008,0.013,0.0,0.0,0.1,0.0
31.301,0.0,0.0,-0.002,0.0,3.0,0.049,0.002,0.016,0.816,0.0,0.039,-0.02,-0.008,0.008,0.0,0.0,0.1,0.0
31.384,0.0,0.0,0.004,0.0,3.0,0.038,-0.003,-0.032,-0.96,0.0,0.043,-0.012,-0.005,0.015,0.0,0.0,0.1,0.0
31.414,0.0,0.0,-0.027,0.0,3.0,0.032,-0.005,-0.048,-0.317,0.0,0.039,-0.022,-0.008,-0.027,0.0,0.0,0.1,0.0
31.483,0.0,0.0,0.041,0.0,3.0,0.04,-0.006,-0.056,-0.15,0.0,0.034,-0.026,-0.009,0.036,0.0,0.0,0.1,0.0
31.505,0.0,0.0,-0.009,0.0,3.0,0.04,-0.006,-0.056,0.0,0.0,0.034,-0.032,-0.009,0.016,0.0,0.0,0.1,0.0
31.573,0.0,0.0,0.018,0.0,3.0,0.034,-0.003,-0.028,0.541,0.0,0.034,-0.035,-0.009,0.037,0.0,0.0,0.1,0.0
31.606,0.0,0.0,-0.003,0.0,3.0,0.029,-0.002,-0.021,0.155,0.0,0.031,-0.037,-0.007,0.024,0.0,0.0,0.1,0.0
31.667,0.0,0.0,0.009,0.0,3.0,0.021,-0.004,-0.037,-0.327,0.0,0.027,-0.037,-0.005,0.029,0.0,0.0,0.1,0.0
31.711,0.0,0.0,0.0,0.0,3.0,0.013,-0.004,-0.042,-0.102,0.0,0.021,-0.042,-0.004,0.02,0.0,0.0,0.1,0.0
31.775,0.0,0.0,0.02,0.0,3.0,0.001,-0.004,-0.036,0.13,0.0,0.014,-0.045,-0.004,0.039,0.0,0.0,0.1,0.0
31.808,0.0,0.0,0.008,0.0,3.0,-0.005,-0.003,-0.03,0.104,0.0,0.004,-0.05,-0.002,0.037,0.0,0.0,0.1,0.0
31.852,0.0,0.0,0.02,0.0,3.0,-0.01,-0.003,-0.029,0.029,0.0,-0.004,-0.051,0.001,0.051,0.0,0.0,0.1,0.0
31.91,0.0,0.0,0.004,0.0,3.0,-0.015,-0.003,-0.033,-0.087,0.0,-0.011,-0.052,0.003,0.039,0.0,0.0,0.1,0.0
31.956,0.0,0.0,0.014,0.0,3.0,-0.025,-0.003,-0.027,0.117,0.0,-0.017,-0.051,0.005,0.043,0.0,0.0,0.1,0.0
32.0,0.0,0.0,0.008,0.0,3.0,-0.027,-0.003,-0.031,-0.072,0.0,-0.024,-0.052,0.007,0.037,0.0,0.0,0.1,0.0
32.053,0.0,0.0,0.016,0.0,3.0,-0.035,-0.004,-0.036,-0.09,0.0,-0.03,-0.05,0.009,0.043,0.0,0.0,0.1,0.0
32.1,0.0,0.0,0.006,0.0,3.0,-0.036,-0.005,-0.051,-0.306,0.0,-0.036,-0.051,0.01,0.032,0.0,0.0,0.1,0.0
32.153,0.0,0.0,0.021,0.0,3.0,-0.04,0.002,0.023,1.481,0.0,-0.04,-0.051,0.011,0.044,0.0,0.0,0.1,0.0
32.203,0.0,0.0,0.009,0.0,3.0,-0.047,-0.003,-0.033,-1.122,0.0,-0.044,-0.039,0.016,0.039,0.0,0.0,0.1,0.0
32.248,0.0,0.0,-0.013,0.0,3.0,-0.056,-0.002,-0.023,0.2,0.0,-0.048,-0.042,0.015,0.001,0.0,0.0,0.1,0.0
32.31,0.0,0.0,0.038,0.0,3.0,-0.062,-0.003,-0.03,-0.137,0.0,-0.055,-0.038,0.015,0.044,0.0,0.0,0.1,0.0
32.359,0.0,0.0,-0.006,0.0,3.0,-0.068,-0.005,-0.05,-0.405,0.0,-0.061,-0.041,0.015,0.016,0.0,0.0,0.1,0.0
32.42,0.0,0.0,0.032,0.0,3.0,-0.075,0.002,0.019,1.39,0.0,-0.068,-0.042,0.015,0.047,0.0,0.0,0.1,0.0
32.496,0.0,0.0,0.01,0.0,3.0,-0.095,-0.002,-0.022,-0.829,0.0,-0.074,-0.034,0.019,0.041,0.0,0.0,0.1,0.0
32.514,0.0,0.0,-0.003,0.0,3.0,-0.092,-0.003,-0.027,-0.1,0.0,-0.087,-0.04,0.019,0.015,0.0,0.0,0.1,0.0
32.55,0.0,0.0,0.044,0.0,3.0,-0.103,-0.002,-0.022,0.103,0.0,-0.092,-0.035,0.02,0.063,0.0,0.0,0.1,0.0
32.612,0.0,0.0,-0.012,0.0,3.0,-0.111,-0.005,-0.048,-0.517,0.0,-0.1,-0.038,0.022,0.021,0.0,0.0,0.1,0.0
32.67,0.0,0.0,0.039,0.0,3.0,-0.122,-0.002,-0.018,0.595,0.0,-0.108,-0.039,0.022,0.059,0.0,0.0,0.1,0.0
32.717,0.0,0.0,0.009,0.0,3.0,-0.129,-0.004,-0.039,-0.413,0.0,-0.117,-0.039,0.024,0.046,0.0,0.0,0.1,0.0
32.753,0.0,0.0,0.023,0.0,3.0,-0.128,-0.003,-0.034,0.094,0.0,-0.126,-0.041,0.025,0.054,0.0,0.0,0.1,0.0
32.816,0.0,0.0,0.02,0.0,3.0,-0.138,-0.004,-0.038,-0.078,0.0,-0.13,-0.038,0.028,0.057,0.0,0.0,0.1,0.0
32.857,0.0,0.0,0.009,0.0,3.0,-0.136,-0.003,-0.03,0.158,0.0,-0.137,-0.039,0.029,0.042,0.0,0.0,0.1,0.0
32.902,0.0,0.0,0.029,0.0,3.0,-0.135,-0.004,-0.036,-0.114,0.0,-0.139,-0.034,0.031,0.059,0.0,0.0,0.1,0.0
32.949,0.0,0.0,-0.001,0.0,3.0,-0.129,-0.005,-0.049,-0.272,0.0,-0.14,-0.032,0.032,0.031,0.0,0.0,0.1,0.0
33.004,0.0,0.0,0.025,0.0,3.0,-0.137,-0.002,-0.017,0.639,0.0,-0.137,-0.028,0.032,0.045,0.0,0.0,0.1,0.0
33.066,0.0,0.0,0.003,0.0,3.0,-0.135,-0.006,-0.062,-0.888,0.0,-0.139,-0.024,0.033,0.025,0.0,0.0,0.1,0.0
33.131,0.0,0.0,0.019,0.0,3.0,-0.142,-0.004,-0.037,0.503,0.0,-0.139,-0.025,0.031,0.031,0.0,0.0,0.1,0.0
33.178,0.0,0.0,0.022,0.0,3.0,-0.145,-0.001,-0.012,0.498,0.0,-0.142,-0.024,0.03,0.041,0.0,0.0,0.1,0.0
33.215,0.0,0.0,0.013,0.0,3.0,-0.144,-0.002,-0.023,-0.235,0.0,-0.145,-0.02,0.032,0.038,0.0,0.0,0.1,0.0
33.264,0.0,0.0,0.009,0.0,3.0,-0.158,-0.004,-0.04,-0.334,0.0,-0.146,-0.017,0.032,0.028,0.0,0.0,0.1,0.0
33.305,0.0,0.0,0.015,0.0,3.0,-0.155,-0.003,-0.03,0.21,0.0,-0.153,-0.022,0.031,0.028,0.0,0.0,0.1,0.0
33.367,0.0,0.0,0.034,0.0,3.0,-0.159,-0.003,-0.035,-0.099,0.0,-0.156,-0.018,0.032,0.056,0.0,0.0,0.1,0.0
33.415,0.0,0.0,-0.0,0.0,3.0,-0.171,-0.002,-0.024,0.214,0.0,-0.159,-0.02,0.032,0.029,0.0,0.0,0.1,0.0
33.449,0.0,0.0,0.032,0.0,3.0,-0.159,-0.004,-0.041,-0.342,0.0,-0.166,-0.019,0.033,0.052,0.0,0.0,0.1,0.0
33.509,0.0,0.0,0.011,0.0,3.0,-0.156,-0.003,-0.026,0.301,0.0,-0.164,-0.017,0.034,0.042,0.0,0.0,0.1,0.0
33.568,0.0,0.0,0.014,0.0,3.0,-0.16,-0.002,-0.023,0.067,0.0,-0.162,-0.013,0.035,0.039,0.0,0.0,0.1,0.0
33.615,0.0,0.0,0.005,0.0,3.0,-0.175,-0.003,-0.033,-0.21,0.0,-0.162,-0.011,0.035,0.024,0.0,0.0,0.1,0.0
33.671,0.0,0.0,0.019,0.0,3.0,-0.166,-0.005,-0.045,-0.244,0.0,-0.169,-0.014,0.034,0.03,0.0,0.0,0.1,0.0
33.711,0.0,0.0,0.029,0.0,3.0,-0.163,-0.005,-0.052,-0.124,0.0,-0.169,-0.013,0.034,0.051,0.0,0.0,0.1,0.0
33.764,0.0,0.0,0.005,0.0,3.0,-0.164,-0.004,-0.042,0.194,0.0,-0.167,-0.014,0.033,0.033,0.0,0.0,0.1,0.0
33.808,0.0,0.0,0.025,0.0,3.0,-0.179,-0.003,-0.032,0.195,0.0,-0.167,-0.013,0.034,0.048,0.0,0.0,0.1,0.0
33.854,0.0,0.0,0.007,0.0,3.0,-0.163,-0.004,-0.04,-0.166,0.0,-0.174,-0.017,0.034,0.033,0.0,0.0,0.1,0.0
33.898,0.0,0.0,0.034,0.0,3.0,-0.168,-0.004,-0.043,-0.053,0.0,-0.17,-0.011,0.035,0.061,0.0,0.0,0.1,0.0
33.981,0.0,0.0,-0.01,0.0,3.0,-0.167,-0.001,-0.015,0.568,0.0,-0.17,-0.014,0.035,0.019,0.0,0.0,0.1,0.0
34.027,0.0,0.0,0.039,0.0,3.0,-0.157,-0.003,-0.029,-0.288,0.0,-0.169,-0.006,0.036,0.057,0.0,0.0,0.1,0.0
34.069,0.0,0.0,-0.016,0.0,3.0,-0.162,-0.003,-0.026,0.056,0.0,-0.164,-0.005,0.036,0.008,0.0,0.0,0.1,0.0
34.124,0.0,0.0,0.028,0.0,3.0,-0.157,-0.003,-0.031,-0.092,0.0,-0.163,-0.001,0.035,0.032,0.0,0.0,0.1,0.0
34.183,0.0,0.0,0.003,0.0,3.0,-0.159,-0.003,-0.027,0.076,0.0,-0.161,-0.001,0.034,0.016,0.0,0.0,0.1,0.0
34.213,0.0,0.0,0.02,0.0,3.0,-0.158,-0.005,-0.049,-0.44,0.0,-0.16,0.001,0.033,0.028,0.0,0.0,0.1,0.0
34.282,0.0,0.0,0.009,0.0,3.0,-0.151,-0.005,-0.046,0.065,0.0,-0.159,-0.003,0.031,0.021,0.0,0.0,0.1,0.0
34.321,0.0,0.0,0.026,0.0,3.0,-0.148,-0.003,-0.026,0.387,0.0,-0.156,-0.002,0.03,0.041,0.0,0.0,0.1,0.0
34.371,0.0,0.0,0.002,0.0,3.0,-0.141,-0.001,-0.007,0.38,0.0,-0.153,-0.0,0.031,0.024,0.0,0.0,0.1,0.0
34.417,0.0,0.0,0.013,0.0,3.0,-0.144,-0.004,-0.042,-0.691,0.0,-0.147,0.007,0.032,0.028,0.0,0.0,0.1,0.0
34.474,0.0,0.0,-0.008,0.0,3.0,-0.14,-0.003,-0.03,0.233,0.0,-0.146,0.002,0.029,-0.001,0.0,0.0,0.1,0.0
34.506,0.0,0.0,0.037,0.0,3.0,-0.123,-0.004,-0.036,-0.12,0.0,-0.143,0.005,0.028,0.041,0.0,0.0,0.1,0.0
34.577,0.0,0.0,-0.011,0.0,3.0,-0.12,-0.002,-0.025,0.234,0.0,-0.133,0.007,0.028,0.007,0.0,0.0,0.1,0.0
34.628,0.0,0.0,0.015,0.0,3.0,-0.103,-0.005,-0.049,-0.493,0.0,-0.127,0.01,0.027,0.018,0.0,0.0,0.1,0.0
34.673,0.0,0.0,-0.003,0.0,3.0,-0.093,-0.004,-0.035,0.277,0.0,-0.115,0.011,0.025,0.001,0.0,0.0,0.1,0.0
34.722,0.0,0.0,0.01,0.0,3.0,-0.093,-0.003,-0.026,0.192,0.0,-0.104,0.015,0.023,0.008,0.0,0.0,0.1,0.0
34.793,0.0,0.0,-0.005,0.0,3.0,-0.08,-0.002,-0.023,0.065,0.0,-0.098,0.014,0.021,-0.008,0.0,0.0,0.1,0.0
34.866,0.0,0.0,0.015,0.0,3.0,-0.087,-0.006,-0.057,-0.681,0.0,-0.088,0.018,0.019,0.009,0.0,0.0,0.1,0.0
34.894,0.0,0.0,-0.013,0.0,3.0,-0.074,-0.003,-0.031,0.506,0.0,-0.087,0.007,0.015,-0.018,0.0,0.0,0.1,0.0
34.921,0.0,0.0,0.043,0.0,3.0,-0.069,-0.007,-0.07,-0.775,0.0,-0.08,0.012,0.014,0.044,0.0,0.0,0.1,0.0
34.96,0.0,0.0,-0.032,0.0,3.0,-0.051,-0.004,-0.042,0.571,0.0,-0.074,0.0,0.011,-0.016,0.0,0.0,0.1,0.0
35.026,0.0,0.0,0.05,0.0,3.0,-0.051,-0.003,-0.034,0.154,0.0,-0.063,0.008,0.012,0.055,0.0,0.0,0.1,0.0
35.088,0.0,0.0,-0.046,0.0,3.0,-0.035,-0.003,-0.028,0.124,0.0,-0.057,0.001,0.011,-0.026,0.0,0.0,0.1,0.0
35.112,0.0,0.0,0.044,0.0,3.0,-0.035,-0.003,-0.028,0.0,0.0,-0.047,0.01,0.011,0.039,0.0,0.0,0.1,0.0
35.159,0.0,0.0,-0.044,0.0,3.0,-0.033,-0.006,-0.059,-0.634,0.0,-0.041,0.004,0.009,-0.035,0.0,0.0,0.1,0.0
35.23,0.0,0.0,0.041,0.0,3.0,-0.025,-0.006,-0.064,-0.097,0.0,-0.037,0.001,0.005,0.027,0.0,0.0,0.1,0.0
35.264,0.0,0.0,-0.012,0.0,3.0,-0.009,-0.004,-0.036,0.557,0.0,-0.032,-0.006,0.003,0.001,0.0,0.0,0.1,0.0
35.32,0.0,0.0,0.026,0.0,3.0,-0.015,-0.007,-0.075,-0.766,0.0,-0.022,-0.001,0.004,0.037,0.0,0.0,0.1,0.0
35.352,0.0,0.0,-0.032,0.0,3.0,-0.005,-0.005,-0.05,0.491,0.0,-0.02,-0.015,0.001,-0.02,0.0,0.0,0.1,0.0
35.413,0.0,0.0,0.054,0.0,3.0,-0.001,-0.006,-0.061,-0.217,0.0,-0.014,-0.01,0.001,0.059,0.0,0.0,0.1,0.0
35.453,0.0,0.0,-0.04,0.0,3.0,0.008,-0.007,-0.066,-0.093,0.0,-0.009,-0.02,0.0,-0.013,0.0,0.0,0.1,0.0
35.514,0.0,0.0,0.045,0.0,3.0,0.013,0.001,0.013,1.575,0.0,-0.003,-0.018,-0.0,0.051,0.0,0.0,0.1,0.0
35.559,0.0,0.0,-0.029,0.0,3.0,0.016,-0.003,-0.029,-0.849,0.0,0.003,-0.012,0.003,-0.001,0.0,0.0,0.1,0.0
35.601,0.0,0.0,-0.002,0.0,3.0,0.016,-0.005,-0.053,-0.472,0.0,0.008,-0.011,0.002,-0.006,0.0,0.0,0.1,0.0
35.67,0.0,0.0,0.004,0.0,3.0,0.007,-0.002,-0.018,0.703,0.0,0.01,-0.016,-0.001,-0.002,0.0,0.0,0.1,0.0
35.706,0.0,0.0,0.014,0.0,3.0,0.008,-0.003,-0.032,-0.294,0.0,0.007,-0.017,-0.002,0.016,0.0,0.0,0.1,0.0
35.748,0.0,0.0,-0.0,0.0,3.0,0.01,-0.003,-0.033,-0.012,0.0,0.006,-0.021,-0.002,0.01,0.0,0.0,0.1,0.0
35.813,0.0,0.0,0.013,0.0,3.0,-0.0,0.0,0.003,0.717,0.0,0.006,-0.021,-0.002,0.024,0.0,0.0,0.1,0.0
35.871,0.0,0.0,-0.003,0.0,3.0,-0.0,-0.004,-0.037,-0.788,0.0,0.002,-0.021,0.0,0.013,0.0,0.0,0.1,0.0
35.901,0.0,0.0,0.007,0.0,3.0,-0.008,-0.004,-0.039,-0.044,0.0,-0.001,-0.025,-0.0,0.016,0.0,0.0,0.1,0.0
35.96,0.0,0.0,0.013,0.0,3.0,-0.021,-0.006,-0.057,-0.371,0.0,-0.006,-0.03,-0.0,0.026,0.0,0.0,0.1,0.0
36.0,0.0,0.0,0.013,0.0,3.0,-0.028,-0.006,-0.06,-0.058,0.0,-0.016,-0.04,-0.001,0.034,0.0,0.0,0.1,0.0
36.059,0.0,0.0,0.028,0.0,3.0,-0.022,-0.001,-0.011,0.978,0.0,-0.025,-0.046,0.0,0.06,0.0,0.0,0.1,0.0
36.116,0.0,0.0,0.012,0.0,3.0,-0.035,-0.003,-0.03,-0.382,0.0,-0.027,-0.041,0.006,0.06,0.0,0.0,0.1,0.0
36.163,0.0,0.0,-0.013,0.0,3.0,-0.04,-0.005,-0.045,-0.292,0.0,-0.034,-0.045,0.007,0.021,0.0,0.0,0.1,0.0
36.221,0.0,0.0,0.034,0.0,3.0,-0.049,0.001,0.008,1.064,0.0,-0.04,-0.045,0.008,0.056,0.0,0.0,0.1,0.0
36.272,0.0,0.0,0.0,0.0,3.0,-0.067,-0.002,-0.016,-0.481,0.0,-0.048,-0.041,0.013,0.037,0.0,0.0,0.1,0.0
36.323,0.0,0.0,0.008,0.0,3.0,-0.048,-0.006,-0.059,-0.863,0.0,-0.06,-0.044,0.014,0.029,0.0,0.0,0.1,0.0
36.384,0.0,0.0,0.028,0.0,3.0,-0.06,-0.003,-0.031,0.558,0.0,-0.058,-0.041,0.014,0.053,0.0,0.0,0.1,0.0
36.448,0.0,0.0,-0.006,0.0,3.0,-0.076,-0.004,-0.043,-0.234,0.0,-0.062,-0.042,0.015,0.022,0.0,0.0,0.1,0.0
36.465,0.0,0.0,0.028,0.0,3.0,-0.084,0.004,0.039,1.647,0.0,-0.072,-0.044,0.015,0.044,0.0,0.0,0.1,0.0
36.542,0.0,0.0,0.018,0.0,3.0,-0.094,0.002,0.016,-0.476,0.0,-0.081,-0.034,0.021,0.051,0.0,0.0,0.1,0.0
36.56,0.0,0.0,-0.013,0.0,3.0,-0.089,-0.003,-0.033,-0.971,0.0,-0.089,-0.032,0.023,0.009,0.0,0.0,0.1,0.0
36.626,0.0,0.0,0.029,0.0,3.0,-0.101,-0.003,-0.027,0.115,0.0,-0.092,-0.028,0.022,0.037,0.0,0.0,0.1,0.0
36.669,0.0,0.0,0.002,0.0,3.0,-0.09,-0.003,-0.03,-0.063,0.0,-0.099,-0.031,0.022,0.019,0.0,0.0,0.1,0.0
36.708,0.0,0.0,0.032,0.0,3.0,-0.096,-0.004,-0.044,-0.272,0.0,-0.097,-0.024,0.023,0.049,0.0,0.0,0.1,0.0
36.768,0.0,0.0,-0.014,0.0,3.0,-0.111,-0.002,-0.019,0.491,0.0,-0.098,-0.028,0.022,0.007,0.0,0.0,0.1,0.0
36.824,0.0,0.0,0.04,0.0,3.0,-0.129,-0.002,-0.017,0.05,0.0,-0.106,-0.026,0.022,0.05,0.0,0.0,0.1,0.0
36.885,0.0,0.0,-0.001,0.0,3.0,-0.149,-0.003,-0.027,-0.194,0.0,-0.119,-0.032,0.023,0.025,0.0,0.0,0.1,0.0
36.937,0.0,0.0,0.043,0.0,3.0,-0.157,-0.002,-0.024,0.043,0.0,-0.136,-0.035,0.024,0.066,0.0,0.0,0.1,0.0
37.01,0.0,0.0,0.018,0.0,3.0,-0.172,-0.005,-0.053,-0.577,0.0,-0.148,-0.038,0.027,0.063,0.0,0.0,0.1,0.0
37.056,0.0,0.0,0.026,0.0,3.0,-0.146,-0.005,-0.051,0.035,0.0,-0.163,-0.045,0.028,0.07,0.0,0.0,0.1,0.0
37.116,0.0,0.0,0.036,0.0,3.0,-0.141,-0.003,-0.025,0.526,0.0,-0.158,-0.037,0.033,0.091,0.0,0.0,0.1,0.0
37.186,0.0,0.0,-0.019,0.0,3.0,-0.149,-0.002,-0.021,0.074,0.0,-0.153,-0.031,0.036,0.03,0.0,0.0,0.1,0.0
37.241,0.0,0.0,0.02,0.0,3.0,-0.153,-0.003,-0.034,-0.255,0.0,-0.153,-0.024,0.037,0.037,0.0,0.0,0.1,0.0
37.257,0.0,0.0,0.005,0.0,3.0,-0.152,-0.004,-0.036,-0.027,0.0,-0.155,-0.023,0.036,0.019,0.0,0.0,0.1,0.0
37.317,0.0,0.0,0.029,0.0,3.0,-0.155,-0.004,-0.036,-0.013,0.0,-0.156,-0.019,0.035,0.04,0.0,0.0,0.1,0.0
37.367,0.0,0.0,0.006,0.0,3.0,-0.17,-0.003,-0.027,0.189,0.0,-0.157,-0.019,0.034,0.024,0.0,0.0,0.1,0.0
37.463,0.0,0.0,0.026,0.0,3.0,-0.176,-0.005,-0.048,-0.422,0.0,-0.165,-0.02,0.034,0.04,0.0,0.0,0.1,0.0
37.506,0.0,0.0,0.021,0.0,3.0,-0.168,-0.004,-0.043,0.105,0.0,-0.172,-0.024,0.033,0.044,0.0,0.0,0.1,0.0
37.541,0.0,0.0,0.03,0.0,3.0,-0.158,-0.005,-0.047,-0.091,0.0,-0.172,-0.021,0.035,0.063,0.0,0.0,0.1,0.0
37.582,0.0,0.0,0.002,0.0,3.0,-0.152,-0.004,-0.044,0.067,0.0,-0.167,-0.019,0.036,0.037,0.0,0.0,0.1,0.0
37.623,0.0,0.0,0.017,0.0,3.0,-0.146,-0.003,-0.025,0.375,0.0,-0.161,-0.014,0.036,0.039,0.0,0.0,0.1,0.0
37.662,0.0,0.0,0.003,0.0,3.0,-0.148,-0.002,-0.022,0.069,0.0,-0.155,-0.008,0.036,0.021,0.0,0.0,0.1,0.0
37.731,0.0,0.0,0.008,0.0,3.0,-0.164,-0.003,-0.027,-0.097,0.0,-0.152,-0.004,0.035,0.014,0.0,0.0,0.1,0.0
37.807,0.0,0.0,0.012,0.0,3.0,-0.167,-0.004,-0.036,-0.186,0.0,-0.158,-0.007,0.033,0.013,0.0,0.0,0.1,0.0
37.833,0.0,0.0,0.032,0.0,3.0,-0.17,-0.002,-0.025,0.224,0.0,-0.163,-0.009,0.031,0.041,0.0,0.0,0.1,0.0
37.882,0.0,0.0,0.014,0.0,3.0,-0.17,-0.004,-0.042,-0.348,0.0,-0.167,-0.01,0.032,0.038,0.0,0.0,0.1,0.0
37.939,0.0,0.0,0.02,0.0,3.0,-0.149,-0.005,-0.054,-0.242,0.0,-0.17,-0.012,0.032,0.044,0.0,0.0,0.1,0.0
37.965,0.0,0.0,0.018,0.0,3.0,-0.142,-0.005,-0.05,0.075,0.0,-0.161,-0.007,0.033,0.048,0.0,0.0,0.1,0.0
38.002,0.0,0.0,-0.002,0.0,3.0,-0.14,-0.004,-0.035,0.302,0.0,-0.153,-0.006,0.033,0.022,0.0,0.0,0.1,0.0
38.061,0.0,0.0,0.016,0.0,3.0,-0.142,-0.004,-0.042,-0.125,0.0,-0.147,-0.002,0.032,0.028,0.0,0.0,0.1,0.0
38.108,0.0,0.0,0.002,0.0,3.0,-0.134,-0.004,-0.039,0.059,0.0,-0.145,-0.004,0.03,0.012,0.0,0.0,0.1,0.0
38.165,0.0,0.0,0.025,0.0,3.0,-0.115,-0.004,-0.038,0.009,0.0,-0.14,-0.001,0.029,0.034,0.0,0.0,0.1,0.0
38.219,0.0,0.0,-0.003,0.0,3.0,-0.112,-0.004,-0.041,-0.048,0.0,-0.128,0.004,0.029,0.013,0.0,0.0,0.1,0.0
38.296,0.0,0.0,0.003,0.0,3.0,-0.129,-0.003,-0.027,0.269,0.0,-0.121,0.005,0.027,0.005,0.0,0.0,0.1,0.0
38.328,0.0,0.0,0.011,0.0,3.0,-0.123,-0.001,-0.012,0.295,0.0,-0.124,0.001,0.024,0.009,0.0,0.0,0.1,0.0
38.379,0.0,0.0,0.025,0.0,3.0,-0.125,-0.005,-0.049,-0.737,0.0,-0.124,0.004,0.025,0.033,0.0,0.0,0.1,0.0
38.405,0.0,0.0,-0.006,0.0,3.0,-0.121,-0.002,-0.02,0.582,0.0,-0.124,-0.004,0.022,0.007,0.0,0.0,0.1,0.0
38.473,0.0,0.0,0.038,0.0,3.0,-0.11,0.002,0.016,0.723,0.0,-0.123,0.001,0.023,0.052,0.0,0.0,0.1,0.0
38.518,0.0,0.0,-0.019,0.0,3.0,-0.114,-0.004,-0.042,-1.165,0.0,-0.116,0.008,0.026,0.007,0.0,0.0,0.1,0.0
38.589,0.0,0.0,0.003,0.0,3.0,-0.099,-0.002,-0.024,0.361,0.0,-0.115,0.004,0.023,-0.0,0.0,0.0,0.1,0.0
38.623,0.0,0.0,0.026,0.0,3.0,-0.099,-0.002,-0.019,0.098,0.0,-0.107,0.01,0.023,0.03,0.0,0.0,0.1,0.0
38.667,0.0,0.0,-0.019,0.0,3.0,-0.11,-0.001,-0.012,0.156,0.0,-0.103,0.008,0.022,-0.011,0.0,0.0,0.1,0.0
38.717,0.0,0.0,0.026,0.0,3.0,-0.107,-0.003,-0.03,-0.372,0.0,-0.105,0.008,0.02,0.02,0.0,0.0,0.1,0.0
38.806,0.0,0.0,0.002,0.0,3.0,-0.124,-0.001,-0.013,0.336,0.0,-0.106,0.003,0.019,0.011,0.0,0.0,0.1,0.0
38.822,0.0,0.0,0.022,0.0,3.0,-0.124,-0.004,-0.036,-0.455,0.0,-0.114,-0.001,0.019,0.032,0.0,0.0,0.1,0.0
38.873,0.0,0.0,0.014,0.0,3.0,-0.111,-0.003,-0.028,0.155,0.0,-0.119,-0.007,0.019,0.037,0.0,0.0,0.1,0.0
38.917,0.0,0.0,0.02,0.0,3.0,-0.124,-0.003,-0.029,-0.007,0.0,-0.116,-0.004,0.021,0.05,0.0,0.0,0.1,0.0
38.962,0.0,0.0,-0.009,0.0,3.0,-0.129,-0.006,-0.06,-0.629,0.0,-0.12,-0.01,0.021,0.018,0.0,0.0,0.1,0.0
39.002,0.0,0.0,0.036,0.0,3.0,-0.125,-0.004,-0.043,0.345,0.0,-0.126,-0.016,0.02,0.054,0.0,0.0,0.1,0.0
39.065,0.0,0.0,0.013,0.0,3.0,-0.129,-0.003,-0.033,0.196,0.0,-0.127,-0.018,0.022,0.051,0.0,0.0,0.1,0.0
39.127,0.0,0.0,0.012,0.0,3.0,-0.123,-0.004,-0.036,-0.058,0.0,-0.129,-0.019,0.024,0.047,0.0,0.0,0.1,0.0
39.188,0.0,0.0,0.014,0.0,3.0,-0.12,-0.004,-0.04,-0.085,0.0,-0.128,-0.017,0.025,0.046,0.0,0.0,0.1,0.0
39.206,0.0,0.0,0.005,0.0,3.0,-0.125,0.002,0.016,1.119,0.0,-0.126,-0.016,0.026,0.031,0.0,0.0,0.1,0.0
39.297,0.0,0.0,0.015,0.0,3.0,-0.134,-0.004,-0.042,-1.152,0.0,-0.126,-0.008,0.029,0.036,0.0,0.0,0.1,0.0
39.319,0.0,0.0,-0.009,0.0,3.0,-0.136,-0.003,-0.029,0.264,0.0,-0.131,-0.015,0.026,0.001,0.0,0.0,0.1,0.0
39.372,0.0,0.0,0.049,0.0,3.0,-0.133,-0.004,-0.035,-0.129,0.0,-0.134,-0.012,0.026,0.059,0.0,0.0,0.1,0.0
39.424,0.0,0.0,-0.012,0.0,3.0,-0.135,-0.002,-0.023,0.242,0.0,-0.135,-0.015,0.027,0.017,0.0,0.0,0.1,0.0
39.465,0.0,0.0,0.035,0.0,3.0,-0.127,-0.004,-0.037,-0.278,0.0,-0.136,-0.011,0.028,0.051,0.0,0.0,0.1,0.0
39.507,0.0,0.0,-0.008,0.0,3.0,-0.132,-0.003,-0.03,0.143,0.0,-0.133,-0.011,0.028,0.018,0.0,0.0,0.1,0.0
39.55,0.0,0.0,0.023,0.0,3.0,-0.133,-0.003,-0.028,0.043,0.0,-0.133,-0.009,0.028,0.035,0.0,0.0,0.1,0.0
39.625,0.0,0.0,0.005,0.0,3.0,-0.131,-0.003,-0.033,-0.102,0.0,-0.134,-0.01,0.027,0.023,0.0,0.0,0.1,0.0
39.674,0.0,0.0,0.019,0.0,3.0,-0.122,-0.002,-0.025,0.162,0.0,-0.133,-0.008,0.027,0.034,0.0,0.0,0.1,0.0
39.722,0.0,0.0,0.007,0.0,3.0,-0.123,-0.003,-0.026,-0.017,0.0,-0.129,-0.005,0.028,0.025,0.0,0.0,0.1,0.0
39.782,0.0,0.0,0.005,0.0,3.0,-0.137,-0.003,-0.028,-0.043,0.0,-0.126,-0.004,0.027,0.016,0.0,0.0,0.1,0.0
39.828,0.0,0.0,0.014,0.0,3.0,-0.127,-0.005,-0.047,-0.391,0.0,-0.132,-0.007,0.026,0.02,0.0,0.0,0.1,0.0
39.871,0.0,0.0,0.025,0.0,3.0,-0.125,-0.003,-0.029,0.369,0.0,-0.13,-0.007,0.025,0.04,0.0,0.0,0.1,0.0
39.923,0.0,0.0,0.004,0.0,3.0,-0.117,-0.004,-0.039,-0.208,0.0,-0.128,-0.007,0.026,0.027,0.0,0.0,0.1,0.0
39.983,0.0,0.0,0.013,0.0,3.0,-0.117,-0.004,-0.045,-0.113,0.0,-0.124,-0.005,0.025,0.03,0.0,0.0,0.1,0.0
40.077,0.0,0.0,0.004,0.0,3.0,-0.117,-0.004,-0.042,0.057,0.0,-0.121,-0.007,0.024,0.019,0.0,0.0,0.1,0.0
40.142,0.0,0.0,0.019,0.0,3.0,-0.111,-0.004,-0.043,-0.023,0.0,-0.12,-0.008,0.024,0.032,0.0,0.0,0.1,0.0
40.17,0.0,0.0,0.008,0.0,3.0,-0.101,-0.005,-0.052,-0.172,0.0,-0.117,-0.008,0.023,0.027,0.0,0.0,0.1,0.0
40.201,0.0,0.0,0.012,0.0,3.0,-0.095,-0.002,-0.02,0.635,0.0,-0.11,-0.007,0.023,0.028,0.0,0.0,0.1,0.0
40.267,0.0,0.0,0.005,0.0,3.0,-0.084,-0.005,-0.049,-0.574,0.0,-0.104,-0.002,0.023,0.021,0.0,0.0,0.1,0.0
40.302,0.0,0.0,-0.002,0.0,3.0,-0.087,-0.003,-0.034,0.288,0.0,-0.095,-0.002,0.021,0.005,0.0,0.0,0.1,0.0
40.364,0.0,0.0,0.013,0.0,3.0,-0.089,-0.005,-0.046,-0.234,0.0,-0.092,-0.002,0.02,0.014,0.0,0.0,0.1,0.0
40.415,0.0,0.0,0.006,0.0,3.0,-0.082,-0.002,-0.021,0.5,0.0,-0.091,-0.006,0.018,0.01,0.0,0.0,0.1,0.0
40.449,0.0,0.0,0.022,0.0,3.0,-0.083,-0.004,-0.041,-0.399,0.0,-0.087,-0.002,0.018,0.033,0.0,0.0,0.1,0.0
40.52,0.0,0.0,-0.012,0.0,3.0,-0.076,-0.003,-0.029,0.244,0.0,-0.086,-0.007,0.017,0.001,0.0,0.0,0.1,0.0
40.553,0.0,0.0,0.031,0.0,3.0,-0.074,-0.005,-0.054,-0.511,0.0,-0.081,-0.002,0.017,0.038,0.0,0.0,0.1,0.0
40.624,0.0,0.0,-0.018,0.0,3.0,-0.061,-0.003,-0.035,0.395,0.0,-0.078,-0.009,0.015,-0.003,0.0,0.0,0.1,0.0
40.704,0.0,0.0,0.037,0.0,3.0,-0.05,-0.003,-0.033,0.037,0.0,-0.071,-0.003,0.015,0.045,0.0,0.0,0.1,0.0
40.76,0.0,0.0,-0.03,0.0,3.0,-0.033,-0.006,-0.063,-0.609,0.0,-0.061,-0.003,0.015,-0.012,0.0,0.0,0.1,0.0
40.793,0.0,0.0,0.022,0.0,3.0,-0.031,-0.007,-0.071,-0.156,0.0,-0.048,0.0,0.012,0.017,0.0,0.0,0.1,0.0
40.813,0.0,0.0,-0.015,0.0,3.0,-0.026,-0.006,-0.064,0.147,0.0,-0.041,-0.007,0.009,-0.013,0.0,0.0,0.1,0.0
40.879,0.0,0.0,0.031,0.0,3.0,-0.019,-0.003,-0.027,0.744,0.0,-0.035,-0.008,0.006,0.029,0.0,0.0,0.1,0.0
40.923,0.0,0.0,-0.011,0.0,3.0,-0.021,-0.003,-0.032,-0.104,0.0,-0.028,-0.007,0.007,0.005,0.0,0.0,0.1,0.0
41.012,0.0,0.0,0.005,0.0,3.0,0.004,0.002,0.022,1.071,0.0,-0.025,-0.008,0.006,0.008,0.0,0.0,0.1,0.0
41.058,0.0,0.0,0.005,0.0,3.0,0.006,-0.004,-0.041,-1.259,0.0,-0.012,0.008,0.009,0.013,0.0,0.0,0.1,0.0
41.107,0.0,0.0,-0.044,0.0,3.0,0.007,-0.003,-0.031,0.201,0.0,-0.003,0.001,0.005,-0.055,0.0,0.0,0.1,0.0
41.164,0.0,0.0,0.043,0.0,3.0,0.009,-0.004,-0.038,-0.139,0.0,0.002,0.004,0.001,0.016,0.0,0.0,0.1,0.0
41.226,0.0,0.0,-0.028,0.0,3.0,0.019,-0.004,-0.039,-0.022,0.0,0.005,-0.003,-0.001,-0.029,0.0,0.0,0.1,0.0
41.267,0.0,0.0,0.033,0.0,3.0,0.021,-0.005,-0.048,-0.176,0.0,0.011,-0.001,-0.003,0.024,0.0,0.0,0.1,0.0
41.329,0.0,0.0,-0.026,0.0,3.0,0.027,-0.006,-0.059,-0.222,0.0,0.015,-0.009,-0.004,-0.018,0.0,0.0,0.1,0.0
41.373,0.0,0.0,0.031,0.0,3.0,0.027,-0.004,-0.035,0.47,0.0,0.02,-0.011,-0.006,0.029,0.0,0.0,0.1,0.0
41.43,0.0,0.0,-0.016,0.0,3.0,0.022,-0.004,-0.044,-0.18,0.0,0.022,-0.016,-0.006,0.001,0.0,0.0,0.1,0.0
41.474,0.0,0.0,0.016,0.0,3.0,0.019,-0.005,-0.048,-0.067,0.0,0.021,-0.02,-0.007,0.023,0.0,0.0,0.1,0.0
41.518,0.0,0.0,0.003,0.0,3.0,0.021,-0.003,-0.028,0.394,0.0,0.018,-0.027,-0.007,0.021,0.0,0.0,0.1,0.0
41.567,0.0,0.0,0.014,0.0,3.0,0.027,-0.004,-0.04,-0.245,0.0,0.017,-0.027,-0.005,0.037,0.0,0.0,0.1,0.0
41.636,0.0,0.0,-0.009,0.0,3.0,0.016,-0.004,-0.044,-0.082,0.0,0.02,-0.029,-0.004,0.015,0.0,0.0,0.1,0.0
41.677,0.0,0.0,0.01,0.0,3.0,0.018,-0.003,-0.028,0.329,0.0,0.016,-0.034,-0.004,0.023,0.0,0.0,0.1,0.0
41.737,0.0,0.0,0.013,0.0,3.0,0.025,-0.006,-0.064,-0.717,0.0,0.014,-0.033,-0.003,0.033,0.0,0.0,0.1,0.0
41.773,0.0,0.0,-0.004,0.0,3.0,0.031,-0.002,-0.025,0.786,0.0,0.016,-0.037,-0.003,0.017,0.0,0.0,0.1,0.0
41.801,0.0,0.0,0.017,0.0,3.0,0.031,-0.002,-0.025,-0.005,0.0,0.021,-0.031,-0.001,0.035,0.0,0.0,0.1,0.0
41.855,0.0,0.0,-0.022,0.0,3.0,0.023,-0.004,-0.04,-0.303,0.0,0.023,-0.031,-0.0,-0.007,0.0,0.0,0.1,0.0
41.901,0.0,0.0,0.019,0.0,3.0,0.022,-0.004,-0.036,0.077,0.0,0.02,-0.032,-0.002,0.016,0.0,0.0,0.1,0.0
41.975,0.0,0.0,0.004,0.0,3.0,0.015,-0.003,-0.032,0.084,0.0,0.019,-0.034,-0.002,0.014,0.0,0.0,0.1,0.0
42.043,0.0,0.0,0.01,0.0,3.0,0.013,-0.004,-0.041,-0.175,0.0,0.014,-0.036,-0.002,0.022,0.0,0.0,0.1,0.0
42.07,0.0,0.0,0.01,0.0,3.0,0.011,-0.003,-0.032,0.164,0.0,0.011,-0.039,-0.001,0.026,0.0,0.0,0.1,0.0
42.108,0.0,0.0,0.009,0.0,3.0,0.007,-0.004,-0.041,-0.162,0.0,0.008,-0.039,-0.0,0.03,0.0,0.0,0.1,0.0
42.159,0.0,0.0,0.005,0.0,3.0,0.013,-0.002,-0.025,0.319,0.0,0.004,-0.041,0.0,0.025,0.0,0.0,0.1,0.0
42.222,0.0,0.0,0.013,0.0,3.0,0.013,-0.001,-0.01,0.292,0.0,0.005,-0.037,0.002,0.034,0.0,0.0,0.1,0.0
42.263,0.0,0.0,-0.011,0.0,3.0,0.004,-0.004,-0.042,-0.64,0.0,0.006,-0.033,0.004,0.008,0.0,0.0,0.1,0.0
42.311,0.0,0.0,0.006,0.0,3.0,0.008,-0.002,-0.015,0.537,0.0,0.003,-0.036,0.002,0.007,0.0,0.0,0.1,0.0
42.36,0.0,0.0,0.02,0.0,3.0,-0.001,-0.003,-0.033,-0.364,0.0,0.003,-0.03,0.004,0.03,0.0,0.0,0.1,0.0
42.403,0.0,0.0,-0.015,0.0,3.0,-0.006,-0.001,-0.011,0.437,0.0,-0.002,-0.036,0.003,-0.004,0.0,0.0,0.1,0.0
42.448,0.0,0.0,0.034,0.0,3.0,-0.001,-0.003,-0.031,-0.393,0.0,-0.006,-0.031,0.004,0.041,0.0,0.0,0.1,0.0
42.505,0.0,0.0,-0.017,0.0,3.0,0.001,-0.003,-0.031,0.004,0.0,-0.006,-0.033,0.004,0.003,0.0,0.0,0.1,0.0
42.558,0.0,0.0,0.023,0.0,3.0,-0.004,-0.005,-0.052,-0.413,0.0,-0.005,-0.029,0.005,0.03,0.0,0.0,0.1,0.0
42.607,0.0,0.0,-0.012,0.0,3.0,-0.009,-0.004,-0.038,0.273,0.0,-0.007,-0.035,0.003,0.001,0.0,0.0,0.1,0.0
42.654,0.0,0.0,0.034,0.0,3.0,-0.006,-0.003,-0.028,0.19,0.0,-0.011,-0.034,0.003,0.043,0.0,0.0,0.1,0.0
42.746,0.0,0.0,-0.008,0.0,3.0,-0.008,-0.001,-0.012,0.337,0.0,-0.011,-0.035,0.005,0.017,0.0,0.0,0.1,0.0
42.765,0.0,0.0,0.014,0.0,3.0,-0.021,-0.004,-0.044,-0.65,0.0,-0.012,-0.03,0.006,0.028,0.0,0.0,0.1,0.0
42.801,0.0,0.0,-0.008,0.0,3.0,-0.019,-0.003,-0.027,0.33,0.0,-0.019,-0.037,0.005,0.003,0.0,0.0,0.1,0.0
42.856,0.0,0.0,0.039,0.0,3.0,-0.021,-0.004,-0.04,-0.246,0.0,-0.022,-0.033,0.006,0.052,0.0,0.0,0.1,0.0
42.896,0.0,0.0,-0.019,0.0,3.0,-0.027,-0.003,-0.027,0.262,0.0,-0.024,-0.038,0.006,0.007,0.0,0.0,0.1,0.0
42.978,0.0,0.0,0.035,0.0,3.0,-0.03,-0.003,-0.035,-0.166,0.0,-0.028,-0.034,0.007,0.048,0.0,0.0,0.1,0.0
43.031,0.0,0.0,-0.012,0.0,3.0,-0.03,-0.004,-0.04,-0.103,0.0,-0.032,-0.038,0.008,0.014,0.0,0.0,0.1,0.0
43.066,0.0,0.0,0.029,0.0,3.0,-0.031,-0.003,-0.031,0.185,0.0,-0.034,-0.036,0.009,0.045,0.0,0.0,0.1,0.0
43.103,0.0,0.0,-0.006,0.0,3.0,-0.034,-0.003,-0.031,0.002,0.0,-0.035,-0.036,0.01,0.02,0.0,0.0,0.1,0.0
43.175,0.0,0.0,0.018,0.0,3.0,-0.032,-0.005,-0.049,-0.355,0.0,-0.037,-0.034,0.01,0.032,0.0,0.0,0.1,0.0
43.227,0.0,0.0,0.002,0.0,3.0,-0.037,-0.003,-0.028,0.418,0.0,-0.038,-0.036,0.01,0.021,0.0,0.0,0.1,0.0
43.284,0.0,0.0,0.018,0.0,3.0,-0.035,-0.004,-0.036,-0.162,0.0,-0.04,-0.033,0.011,0.033,0.0,0.0,0.1,0.0
43.332,0.0,0.0,0.001,0.0,3.0,-0.051,-0.003,-0.034,0.036,0.0,-0.04,-0.033,0.011,0.02,0.0,0.0,0.1,0.0
43.422,0.0,0.0,0.014,0.0,3.0,-0.059,0.002,0.023,1.143,0.0,-0.048,-0.036,0.011,0.026,0.0,0.0,0.1,0.0
43.445,0.0,0.0,0.021,0.0,3.0,-0.052,-0.002,-0.023,-0.928,0.0,-0.056,-0.029,0.014,0.043,0.0,0.0,0.1,0.0
43.485,0.0,0.0,-0.012,0.0,3.0,-0.068,-0.003,-0.03,-0.143,0.0,-0.056,-0.028,0.015,0.008,0.0,0.0,0.1,0.0
43.541,0.0,0.0,0.023,0.0,3.0,-0.072,-0.003,-0.033,-0.045,0.0,-0.064,-0.03,0.014,0.029,0.0,0.0,0.1,0.0
43.565,0.0,0.0,0.015,0.0,3.0,-0.07,-0.001,-0.013,0.393,0.0,-0.07,-0.032,0.014,0.035,0.0,0.0,0.1,0.0
43.631,0.0,0.0,0.016,0.0,3.0,-0.075,-0.002,-0.024,-0.225,0.0,-0.073,-0.028,0.017,0.042,0.0,0.0,0.1,0.0
43.682,0.0,0.0,-0.004,0.0,3.0,-0.084,0.001,0.008,0.641,0.0,-0.076,-0.029,0.017,0.018,0.0,0.0,0.1,0.0
43.73,0.0,0.0,0.024,0.0,3.0,-0.087,0.001,0.013,0.108,0.0,-0.082,-0.022,0.02,0.039,0.0,0.0,0.1,0.0
43.752,0.0,0.0,-0.006,0.0,3.0,-0.09,-0.005,-0.049,-1.253,0.0,-0.086,-0.018,0.021,0.012,0.0,0.0,0.1,0.0
43.835,0.0,0.0,0.014,0.0,3.0,-0.111,-0.001,-0.008,0.836,0.0,-0.089,-0.023,0.019,0.017,0.0,0.0,0.1,0.0
43.895,0.0,0.0,0.026,0.0,3.0,-0.121,-0.002,-0.019,-0.219,0.0,-0.101,-0.024,0.02,0.04,0.0,0.0,0.1,0.0
43.909,0.0,0.0,0.014,0.0,3.0,-0.121,-0.002,-0.019,0.0,0.0,-0.112,-0.028,0.021,0.04,0.0,0.0,0.1,0.0
43.963,0.0,0.0,0.025,0.0,3.0,-0.139,-0.004,-0.036,-0.347,0.0,-0.118,-0.026,0.023,0.055,0.0,0.0,0.1,0.0
44.016,0.0,0.0,0.003,0.0,3.0,-0.139,-0.004,-0.04,-0.086,0.0,-0.13,-0.033,0.024,0.034,0.0,0.0,0.1,0.0
44.06,0.0,0.0,0.044,0.0,3.0,-0.145,0.001,0.011,1.018,0.0,-0.137,-0.032,0.025,0.076,0.0,0.0,0.1,0.0
44.113,0.0,0.0,-0.002,0.0,3.0,-0.154,-0.003,-0.029,-0.797,0.0,-0.143,-0.027,0.03,0.045,0.0,0.0,0.1,0.0
44.155,0.0,0.0,0.013,0.0,3.0,-0.158,-0.005,-0.048,-0.378,0.0,-0.15,-0.029,0.031,0.039,0.0,0.0,0.1,0.0
44.255,0.0,0.0,0.027,0.0,3.0,-0.168,-0.005,-0.045,0.056,0.0,-0.156,-0.03,0.031,0.053,0.0,0.0,0.1,0.0
44.268,0.0,0.0,0.02,0.0,3.0,-0.175,-0.005,-0.049,-0.067,0.0,-0.164,-0.033,0.032,0.054,0.0,0.0,0.1,0.0
44.338,0.0,0.0,0.028,0.0,3.0,-0.176,-0.005,-0.049,-0.016,0.0,-0.172,-0.035,0.033,0.065,0.0,0.0,0.1,0.0
44.354,0.0,0.0,0.022,0.0,3.0,-0.172,0.002,0.018,1.345,0.0,-0.177,-0.035,0.035,0.065,0.0,0.0,0.1,0.0
44.424,0.0,0.0,0.02,0.0,3.0,-0.189,-0.003,-0.028,-0.927,0.0,-0.177,-0.021,0.04,0.064,0.0,0.0,0.1,0.0
44.468,0.0,0.0,-0.017,0.0,3.0,-0.188,-0.003,-0.026,0.044,0.0,-0.184,-0.026,0.04,0.007,0.0,0.0,0.1,0.0
44.508,0.0,0.0,0.06,0.0,3.0,-0.191,-0.006,-0.058,-0.63,0.0,-0.188,-0.018,0.04,0.072,0.0,0.0,0.1,0.0
44.577,0.0,0.0,-0.017,0.0,3.0,-0.193,-0.005,-0.049,0.176,0.0,-0.191,-0.026,0.039,0.015,0.0,0.0,0.1,0.0
44.621,0.0,0.0,0.06,0.0,3.0,-0.193,-0.005,-0.047,0.046,0.0,-0.194,-0.021,0.039,0.079,0.0,0.0,0.1,0.0
44.694,0.0,0.0,-0.01,0.0,3.0,-0.191,-0.004,-0.042,0.098,0.0,-0.195,-0.024,0.04,0.031,0.0,0.0,0.1,0.0
44.716,0.0,0.0,0.043,0.0,3.0,-0.196,-0.005,-0.048,-0.12,0.0,-0.195,-0.018,0.041,0.068,0.0,0.0,0.1,0.0
44.775,0.0,0.0,-0.006,0.0,3.0,-0.197,-0.003,-0.027,0.405,0.0,-0.197,-0.022,0.04,0.026,0.0,0.0,0.1,0.0
44.891,0.0,0.0,0.044,0.0,3.0,-0.2,-0.002,-0.019,0.162,0.0,-0.199,-0.015,0.042,0.066,0.0,0.0,0.1,0.0
44.912,0.0,0.0,-0.008,0.0,3.0,-0.2,-0.002,-0.019,0.0,0.0,-0.201,-0.014,0.043,0.023,0.0,0.0,0.1,0.0
45.01,0.0,0.0,0.035,0.0,3.0,-0.2,-0.004,-0.036,-0.336,0.0,-0.201,-0.008,0.043,0.05,0.0,0.0,0.1,0.0
45.05,0.0,0.0,-0.002,0.0,3.0,-0.205,-0.003,-0.026,0.197,0.0,-0.201,-0.009,0.042,0.02,0.0,0.0,0.1,0.0
45.102,0.0,0.0,0.034,0.0,3.0,-0.196,-0.003,-0.035,-0.167,0.0,-0.204,-0.005,0.042,0.047,0.0,0.0,0.1,0.0
45.125,0.0,0.0,0.006,0.0,3.0,-0.195,-0.004,-0.043,-0.165,0.0,-0.201,-0.004,0.042,0.029,0.0,0.0,0.1,0.0
45.18,0.0,0.0,0.02,0.0,3.0,-0.193,-0.003,-0.033,0.205,0.0,-0.198,-0.002,0.041,0.035,0.0,0.0,0.1,0.0
45.217,0.0,0.0,0.013,0.0,3.0,-0.187,-0.005,-0.052,-0.386,0.0,-0.196,-0.0,0.04,0.032,0.0,0.0,0.1,0.0
45.269,0.0,0.0,0.015,0.0,3.0,-0.19,-0.004,-0.04,0.243,0.0,-0.192,-0.001,0.039,0.03,0.0,0.0,0.1,0.0
45.311,0.0,0.0,0.019,0.0,3.0,-0.189,-0.004,-0.037,0.06,0.0,-0.192,-0.001,0.038,0.035,0.0,0.0,0.1,0.0
45.373,0.0,0.0,0.016,0.0,3.0,-0.2,-0.004,-0.036,0.015,0.0,-0.19,-0.001,0.038,0.036,0.0,0.0,0.1,0.0
45.433,0.0,0.0,0.015,0.0,3.0,-0.202,-0.004,-0.043,-0.145,0.0,-0.195,-0.005,0.037,0.034,0.0,0.0,0.1,0.0
45.489,0.0,0.0,0.029,0.0,3.0,-0.202,0.001,0.01,1.073,0.0,-0.199,-0.007,0.037,0.053,0.0,0.0,0.1,0.0
45.52,0.0,0.0,0.017,0.0,3.0,-0.206,-0.003,-0.032,-0.84,0.0,-0.201,0.0,0.04,0.052,0.0,0.0,0.1,0.0
45.576,0.0,0.0,-0.002,0.0,3.0,-0.214,-0.007,-0.069,-0.74,0.0,-0.203,-0.004,0.04,0.021,0.0,0.0,0.1,0.0
45.616,0.0,0.0,0.039,0.0,3.0,-0.209,-0.004,-0.037,0.634,0.0,-0.209,-0.01,0.037,0.054,0.0,0.0,0.1,0.0
45.673,0.0,0.0,0.026,0.0,3.0,-0.206,-0.004,-0.041,-0.092,0.0,-0.21,-0.009,0.039,0.065,0.0,0.0,0.1,0.0
45.714,0.0,0.0,0.007,0.0,3.0,-0.207,0.002,0.018,1.18,0.0,-0.209,-0.009,0.041,0.045,0.0,0.0,0.1,0.0
45.782,0.0,0.0,0.022,0.0,3.0,-0.221,-0.002,-0.019,-0.734,0.0,-0.208,0.002,0.044,0.053,0.0,0.0,0.1,0.0
45.828,0.0,0.0,-0.013,0.0,3.0,-0.214,-0.003,-0.033,-0.286,0.0,-0.214,-0.003,0.043,0.006,0.0,0.0,0.1,0.0
45.896,0.0,0.0,0.054,0.0,3.0,-0.215,-0.003,-0.031,0.06,0.0,-0.214,0.002,0.043,0.064,0.0,0.0,0.1,0.0
45.937,0.0,0.0,-0.012,0.0,3.0,-0.223,-0.003,-0.034,-0.072,0.0,-0.215,-0.001,0.043,0.017,0.0,0.0,0.1,0.0
46.003,0.0,0.0,0.041,0.0,3.0,-0.222,-0.004,-0.04,-0.126,0.0,-0.219,-0.001,0.042,0.055,0.0,0.0,0.1,0.0
46.018,0.0,0.0,0.008,0.0,3.0,-0.221,-0.003,-0.035,0.112,0.0,-0.22,-0.003,0.042,0.039,0.0,0.0,0.1,0.0
46.05,0.0,0.0,0.03,0.0,3.0,-0.223,-0.004,-0.043,-0.169,0.0,-0.221,-0.002,0.042,0.057,0.0,0.0,0.1,0.0
46.113,0.0,0.0,0.007,0.0,3.0,-0.226,-0.005,-0.054,-0.223,0.0,-0.222,-0.005,0.042,0.038,0.0,0.0,0.1,0.0
46.158,0.0,0.0,0.032,0.0,3.0,-0.224,-0.003,-0.035,0.391,0.0,-0.225,-0.007,0.042,0.057,0.0,0.0,0.1,0.0
46.231,0.0,0.0,0.018,0.0,3.0,-0.221,-0.005,-0.047,-0.248,0.0,-0.225,-0.006,0.043,0.054,0.0,0.0,0.1,0.0
46.269,0.0,0.0,0.014,0.0,3.0,-0.224,-0.005,-0.048,-0.011,0.0,-0.224,-0.006,0.044,0.046,0.0,0.0,0.1,0.0
46.316,0.0,0.0,0.022,0.0,3.0,-0.226,-0.004,-0.035,0.251,0.0,-0.225,-0.007,0.043,0.049,0.0,0.0,0.1,0.0
46.366,0.0,0.0,0.021,0.0,3.0,-0.232,-0.003,-0.03,0.102,0.0,-0.226,-0.006,0.044,0.051,0.0,0.0,0.1,0.0
46.454,0.0,0.0,0.018,0.0,3.0,-0.234,-0.004,-0.039,-0.183,0.0,-0.229,-0.006,0.045,0.047,0.0,0.0,0.1,0.0
46.502,0.0,0.0,0.023,0.0,3.0,-0.229,-0.004,-0.039,0.016,0.0,-0.232,-0.007,0.045,0.051,0.0,0.0,0.1,0.0
46.524,0.0,0.0,0.022,0.0,3.0,-0.226,-0.004,-0.041,-0.057,0.0,-0.231,-0.005,0.046,0.054,0.0,0.0,0.1,0.0
46.606,0.0,0.0,0.012,0.0,3.0,-0.228,-0.002,-0.022,0.396,0.0,-0.23,-0.004,0.046,0.042,0.0,0.0,0.1,0.0
46.619,0.0,0.0,0.021,0.0,3.0,-0.226,-0.003,-0.032,-0.205,0.0,-0.229,-0.0,0.047,0.045,0.0,0.0,0.1,0.0
46.658,0.0,0.0,0.01,0.0,3.0,-0.226,-0.003,-0.032,0.0,0.0,-0.228,0.001,0.046,0.032,0.0,0.0,0.1,0.0
46.713,0.0,0.0,0.022,0.0,3.0,-0.23,-0.004,-0.038,-0.125,0.0,-0.227,0.003,0.046,0.039,0.0,0.0,0.1,0.0
46.777,0.0,0.0,0.014,0.0,3.0,-0.23,-0.005,-0.046,-0.162,0.0,-0.228,0.001,0.045,0.033,0.0,0.0,0.1,0.0
46.833,0.0,0.0,0.028,0.0,3.0,-0.231,-0.003,-0.028,0.355,0.0,-0.229,0.0,0.044,0.048,0.0,0.0,0.1,0.0
46.886,0.0,0.0,0.018,0.0,3.0,-0.227,-0.004,-0.042,-0.277,0.0,-0.23,0.001,0.045,0.046,0.0,0.0,0.1,0.0
46.936,0.0,0.0,0.017,0.0,3.0,-0.222,-0.004,-0.037,0.099,0.0,-0.229,0.001,0.044,0.043,0.0,0.0,0.1,0.0
46.957,0.0,0.0,0.019,0.0,3.0,-0.219,-0.003,-0.03,0.146,0.0,-0.226,0.003,0.045,0.044,0.0,0.0,0.1,0.0
47.014,0.0,0.0,0.011,0.0,3.0,-0.218,-0.004,-0.037,-0.132,0.0,-0.222,0.005,0.045,0.035,0.0,0.0,0.1,0.0
47.061,0.0,0.0,0.014,0.0,3.0,-0.212,-0.004,-0.041,-0.084,0.0,-0.22,0.006,0.044,0.032,0.0,0.0,0.1,0.0
47.111,0.0,0.0,0.019,0.0,3.0,-0.2,-0.004,-0.045,-0.082,0.0,-0.216,0.007,0.043,0.036,0.0,0.0,0.1,0.0
47.157,0.0,0.0,0.012,0.0,3.0,-0.2,-0.006,-0.058,-0.26,0.0,-0.208,0.009,0.042,0.03,0.0,0.0,0.1,0.0
47.213,0.0,0.0,0.011,0.0,3.0,-0.198,-0.003,-0.034,0.485,0.0,-0.204,0.007,0.04,0.024,0.0,0.0,0.1,0.0
47.312,0.0,0.0,0.025,0.0,3.0,-0.192,0.004,0.037,1.409,0.0,-0.201,0.009,0.039,0.04,0.0,0.0,0.1,0.0
47.345,0.0,0.0,0.004,0.0,3.0,-0.192,-0.007,-0.069,-2.119,0.0,-0.195,0.021,0.043,0.027,0.0,0.0,0.1,0.0
47.376,0.0,0.0,-0.014,0.0,3.0,-0.195,-0.001,-0.014,1.095,0.0,-0.193,0.01,0.037,-0.015,0.0,0.0,0.1,0.0
47.426,0.0,0.0,0.06,0.0,3.0,-0.189,-0.004,-0.044,-0.589,0.0,-0.193,0.017,0.037,0.061,0.0,0.0,0.1,0.0
47.485,0.0,0.0,-0.025,0.0,3.0,-0.184,-0.004,-0.042,0.031,0.0,-0.19,0.009,0.036,-0.001,0.0,0.0,0.1,0.0
47.538,0.0,0.0,0.051,0.0,3.0,-0.176,-0.003,-0.026,0.321,0.0,-0.187,0.013,0.035,0.059,0.0,0.0,0.1,0.0
47.558,0.0,0.0,-0.017,0.0,3.0,-0.177,-0.005,-0.049,-0.456,0.0,-0.181,0.012,0.035,0.011,0.0,0.0,0.1,0.0
47.606,0.0,0.0,0.027,0.0,3.0,-0.171,-0.006,-0.057,-0.149,0.0,-0.178,0.01,0.033,0.034,0.0,0.0,0.1,0.0
47.669,0.0,0.0,0.009,0.0,3.0,-0.167,-0.004,-0.038,0.373,0.0,-0.175,0.006,0.032,0.028,0.0,0.0,0.1,0.0
47.718,0.0,0.0,0.022,0.0,3.0,-0.162,-0.002,-0.025,0.266,0.0,-0.171,0.007,0.032,0.042,0.0,0.0,0.1,0.0
47.779,0.0,0.0,0.002,0.0,3.0,-0.165,0.001,0.013,0.749,0.0,-0.166,0.008,0.032,0.025,0.0,0.0,0.1,0.0
47.866,0.0,0.0,0.012,0.0,3.0,-0.163,-0.003,-0.03,-0.864,0.0,-0.165,0.014,0.034,0.027,0.0,0.0,0.1,0.0
47.912,0.0,0.0,-0.004,0.0,3.0,-0.16,-0.004,-0.04,-0.192,0.0,-0.163,0.011,0.032,0.004,0.0,0.0,0.1,0.0
47.954,0.0,0.0,0.03,0.0,3.0,-0.17,-0.003,-0.027,0.254,0.0,-0.161,0.01,0.03,0.034,0.0,0.0,0.1,0.0
48.005,0.0,0.0,0.003,0.0,3.0,-0.164,-0.002,-0.02,0.143,0.0,-0.165,0.005,0.029,0.02,0.0,0.0,0.1,0.0
48.072,0.0,0.0,0.031,0.0,3.0,-0.16,-0.003,-0.028,-0.155,0.0,-0.164,0.008,0.03,0.05,0.0,0.0,0.1,0.0
48.117,0.0,0.0,-0.008,0.0,3.0,-0.161,-0.003,-0.034,-0.114,0.0,-0.162,0.006,0.031,0.017,0.0,0.0,0.1,0.0
48.172,0.0,0.0,0.025,0.0,3.0,-0.157,-0.005,-0.05,-0.323,0.0,-0.161,0.005,0.03,0.038,0.0,0.0,0.1,0.0
48.23,0.0,0.0,0.005,0.0,3.0,-0.152,-0.002,-0.024,0.511,0.0,-0.159,0.001,0.029,0.026,0.0,0.0,0.1,0.0
48.33,0.0,0.0,0.024,0.0,3.0,-0.15,-0.004,-0.038,-0.275,0.0,-0.156,0.005,0.03,0.044,0.0,0.0,0.1,0.0
48.369,0.0,0.0,-0.006,0.0,3.0,-0.154,-0.002,-0.024,0.287,0.0,-0.153,0.002,0.029,0.015,0.0,0.0,0.1,0.0
48.411,0.0,0.0,0.027,0.0,3.0,-0.151,-0.003,-0.027,-0.078,0.0,-0.153,0.003,0.029,0.039,0.0,0.0,0.1,0.0
48.47,0.0,0.0,0.001,0.0,3.0,-0.154,-0.005,-0.049,-0.437,0.0,-0.152,0.002,0.029,0.022,0.0,0.0,0.1,0.0
48.524,0.0,0.0,0.019,0.0,3.0,-0.151,-0.003,-0.03,0.382,0.0,-0.153,-0.002,0.028,0.033,0.0,0.0,0.1,0.0
48.569,0.0,0.0,0.019,0.0,3.0,-0.142,-0.006,-0.058,-0.565,0.0,-0.152,-0.001,0.028,0.043,0.0,0.0,0.1,0.0
48.62,0.0,0.0,0.004,0.0,3.0,-0.138,-0.005,-0.049,0.19,0.0,-0.148,-0.004,0.028,0.029,0.0,0.0,0.1,0.0
48.693,0.0,0.0,0.021,0.0,3.0,-0.126,-0.002,-0.024,0.505,0.0,-0.144,-0.004,0.028,0.041,0.0,0.0,0.1,0.0
48.714,0.0,0.0,0.004,0.0,3.0,-0.133,-0.004,-0.044,-0.402,0.0,-0.136,0.002,0.029,0.029,0.0,0.0,0.1,0.0
48.754,0.0,0.0,-0.003,0.0,3.0,-0.128,-0.006,-0.055,-0.228,0.0,-0.135,-0.003,0.027,0.007,0.0,0.0,0.1,0.0
48.818,0.0,0.0,0.032,0.0,3.0,-0.118,-0.005,-0.045,0.2,0.0,-0.132,-0.003,0.025,0.04,0.0,0.0,0.1,0.0
48.866,0.0,0.0,0.001,0.0,3.0,-0.11,-0.006,-0.061,-0.321,0.0,-0.126,-0.004,0.025,0.024,0.0,0.0,0.1,0.0
48.911,0.0,0.0,0.013,0.0,3.0,-0.112,0.003,0.027,1.759,0.0,-0.119,-0.004,0.024,0.027,0.0,0.0,0.1,0.0
48.973,0.0,0.0,0.009,0.0,3.0,-0.104,-0.003,-0.027,-1.064,0.0,-0.116,0.006,0.027,0.026,0.0,0.0,0.1,0.0
49.037,0.0,0.0,-0.017,0.0,3.0,-0.099,-0.004,-0.036,-0.192,0.0,-0.11,0.005,0.025,-0.013,0.0,0.0,0.1,0.0
49.068,0.0,0.0,0.026,0.0,3.0,-0.085,-0.005,-0.054,-0.352,0.0,-0.104,0.008,0.022,0.018,0.0,0.0,0.1,0.0
49.109,0.0,0.0,-0.005,0.0,3.0,-0.084,-0.003,-0.034,0.393,0.0,-0.095,0.005,0.02,-0.001,0.0,0.0,0.1,0.0
49.171,0.0,0.0,0.017,0.0,3.0,-0.073,0.004,0.035,1.385,0.0,-0.09,0.007,0.018,0.017,0.0,0.0,0.1,0.0
49.219,0.0,0.0,-0.003,0.0,3.0,-0.076,-0.004,-0.037,-1.442,0.0,-0.081,0.019,0.021,0.006,0.0,0.0,0.1,0.0
49.266,0.0,0.0,-0.024,0.0,3.0,-0.078,-0.004,-0.038,-0.026,0.0,-0.078,0.011,0.016,-0.036,0.0,0.0,0.1,0.0
49.309,0.0,0.0,0.043,0.0,3.0,-0.078,-0.004,-0.037,0.024,0.0,-0.077,0.01,0.013,0.027,0.0,0.0,0.1,0.0
49.399,0.0,0.0,-0.011,0.0,3.0,-0.075,-0.004,-0.041,-0.085,0.0,-0.077,0.002,0.012,0.001,0.0,0.0,0.1,0.0
49.43,0.0,0.0,0.031,0.0,3.0,-0.072,-0.002,-0.023,0.369,0.0,-0.076,0.0,0.011,0.04,0.0,0.0,0.1,0.0
49.481,0.0,0.0,-0.006,0.0,3.0,-0.072,-0.005,-0.051,-0.558,0.0,-0.075,-0.002,0.012,0.018,0.0,0.0,0.1,0.0
49.55,0.0,0.0,0.013,0.0,3.0,-0.073,-0.003,-0.034,0.342,0.0,-0.074,-0.007,0.011,0.027,0.0,0.0,0.1,0.0
49.578,0.0,0.0,0.012,0.0,3.0,-0.066,-0.005,-0.051,-0.356,0.0,-0.074,-0.009,0.012,0.033,0.0,0.0,0.1,0.0
49.664,0.0,0.0,0.006,0.0,3.0,-0.059,-0.004,-0.036,0.314,0.0,-0.071,-0.012,0.012,0.028,0.0,0.0,0.1,0.0
49.696,0.0,0.0,0.011,0.0,3.0,-0.056,-0.004,-0.035,0.012,0.0,-0.066,-0.01,0.013,0.033,0.0,0.0,0.1,0.0
49.711,0.0,0.0,-0.005,0.0,3.0,-0.056,-0.004,-0.035,0.0,0.0,-0.063,-0.011,0.013,0.013,0.0,0.0,0.1,0.0
49.767,0.0,0.0,0.013,0.0,3.0,-0.057,-0.003,-0.032,0.069,0.0,-0.061,-0.011,0.012,0.022,0.0,0.0,0.1,0.0
49.841,0.0,0.0,0.003,0.0,3.0,-0.066,-0.003,-0.035,-0.063,0.0,-0.06,-0.012,0.012,0.016,0.0,0.0,0.1,0.0
49.883,0.0,0.0,0.012,0.0,3.0,-0.066,-0.003,-0.029,0.123,0.0,-0.064,-0.017,0.011,0.023,0.0,0.0,0.1,0.0
49.963,0.0,0.0,0.017,0.0,3.0,-0.058,-0.002,-0.017,0.241,0.0,-0.066,-0.017,0.012,0.035,0.0,0.0,0.1,0.0
50.047,0.0,0.0,0.004,0.0,3.0,-0.065,-0.003,-0.026,-0.18,0.0,-0.064,-0.014,0.014,0.028,0.0,0.0,0.1,0.0
50.062,0.0,0.0,-0.002,0.0,3.0,-0.054,-0.006,-0.057,-0.634,0.0,-0.065,-0.016,0.014,0.011,0.0,0.0,0.1,0.0
50.131,0.0,0.0,0.02,0.0,3.0,-0.062,-0.001,-0.01,0.941,0.0,-0.061,-0.016,0.013,0.03,0.0,0.0,0.1,0.0
50.187,0.0,0.0,0.001,0.0,3.0,-0.061,-0.003,-0.033,-0.465,0.0,-0.063,-0.015,0.014,0.019,0.0,0.0,0.1,0.0
50.211,0.0,0.0,0.009,0.0,3.0,-0.059,-0.003,-0.034,-0.004,0.0,-0.063,-0.016,0.013,0.021,0.0,0.0,0.1,0.0
50.256,0.0,0.0,0.011,0.0,3.0,-0.068,-0.003,-0.028,0.123,0.0,-0.063,-0.017,0.013,0.024,0.0,0.0,0.1,0.0
50.312,0.0,0.0,0.007,0.0,3.0,-0.074,-0.005,-0.052,-0.493,0.0,-0.067,-0.019,0.013,0.021,0.0,0.0,0.1,0.0
50.387,0.0,0.0,0.018,0.0,3.0,-0.077,-0.002,-0.016,0.714,0.0,-0.072,-0.025,0.012,0.033,0.0,0.0,0.1,0.0
50.452,0.0,0.0,0.021,0.0,3.0,-0.084,-0.004,-0.038,-0.423,0.0,-0.076,-0.023,0.014,0.048,0.0,0.0,0.1,0.0
50.464,0.0,0.0,-0.001,0.0,3.0,-0.084,-0.004,-0.038,0.0,0.0,-0.082,-0.028,0.015,0.027,0.0,0.0,0.1,0.0
50.521,0.0,0.0,0.03,0.0,3.0,-0.079,-0.004,-0.045,-0.139,0.0,-0.085,-0.027,0.016,0.055,0.0,0.0,0.1,0.0
50.564,0.0,0.0,-0.002,0.0,3.0,-0.072,-0.002,-0.018,0.527,0.0,-0.084,-0.029,0.017,0.031,0.0,0.0,0.1,0.0
50.615,0.0,0.0,0.02,0.0,3.0,-0.088,-0.002,-0.017,0.018,0.0,-0.081,-0.021,0.02,0.044,0.0,0.0,0.1,0.0
50.67,0.0,0.0,-0.016,0.0,3.0,-0.084,-0.005,-0.049,-0.632,0.0,-0.086,-0.024,0.02,0.002,0.0,0.0,0.1,0.0
50.717,0.0,0.0,0.038,0.0,3.0,-0.093,-0.003,-0.028,0.426,0.0,-0.087,-0.023,0.018,0.044,0.0,0.0,0.1,0.0
50.755,0.0,0.0,-0.003,0.0,3.0,-0.097,-0.004,-0.038,-0.216,0.0,-0.091,-0.026,0.019,0.02,0.0,0.0,0.1,0.0
50.822,0.0,0.0,0.028,0.0,3.0,-0.103,-0.003,-0.035,0.074,0.0,-0.096,-0.026,0.019,0.045,0.0,0.0,0.1,0.0
50.887,0.0,0.0,0.007,0.0,3.0,-0.108,-0.002,-0.018,0.327,0.0,-0.101,-0.029,0.02,0.034,0.0,0.0,0.1,0.0
50.92,0.0,0.0,0.024,0.0,3.0,-0.122,-0.003,-0.032,-0.263,0.0,-0.107,-0.026,0.022,0.05,0.0,0.0,0.1,0.0
50.96,0.0,0.0,0.003,0.0,3.0,-0.113,-0.004,-0.045,-0.268,0.0,-0.116,-0.032,0.022,0.03,0.0,0.0,0.1,0.0
51.016,0.0,0.0,0.037,0.0,3.0,-0.128,-0.001,-0.014,0.616,0.0,-0.117,-0.028,0.024,0.064,0.0,0.0,0.1,0.0
51.085,0.0,0.0,-0.006,0.0,3.0,-0.132,-0.003,-0.028,-0.282,0.0,-0.124,-0.03,0.026,0.029,0.0,0.0,0.1,0.0
51.111,0.0,0.0,0.032,0.0,3.0,-0.137,-0.004,-0.037,-0.176,0.0,-0.13,-0.028,0.027,0.055,0.0,0.0,0.1,0.0
51.157,0.0,0.0,0.005,0.0,3.0,-0.152,0.0,0.003,0.791,0.0,-0.136,-0.031,0.028,0.036,0.0,0.0,0.1,0.0
51.228,0.0,0.0,0.031,0.0,3.0,-0.157,-0.004,-0.035,-0.753,0.0,-0.145,-0.026,0.03,0.058,0.0,0.0,0.1,0.0
51.289,0.0,0.0,0.002,0.0,3.0,-0.169,-0.004,-0.045,-0.188,0.0,-0.153,-0.03,0.031,0.032,0.0,0.0,0.1,0.0
51.337,0.0,0.0,0.039,0.0,3.0,-0.176,-0.003,-0.026,0.37,0.0,-0.163,-0.032,0.031,0.064,0.0,0.0,0.1,0.0
51.363,0.0,0.0,0.017,0.0,3.0,-0.173,-0.004,-0.04,-0.283,0.0,-0.171,-0.032,0.033,0.059,0.0,0.0,0.1,0.0
51.41,0.0,0.0,0.022,0.0,3.0,-0.174,-0.005,-0.045,-0.104,0.0,-0.175,-0.031,0.035,0.061,0.0,0.0,0.1,0.0
51.46,0.0,0.0,0.014,0.0,3.0,-0.163,-0.003,-0.033,0.238,0.0,-0.177,-0.03,0.037,0.05,0.0,0.0,0.1,0.0
51.53,0.0,0.0,0.021,0.0,3.0,-0.182,-0.002,-0.019,0.282,0.0,-0.173,-0.022,0.039,0.054,0.0,0.0,0.1,0.0
51.602,0.0,0.0,-0.003,0.0,3.0,-0.189,-0.003,-0.035,-0.304,0.0,-0.179,-0.023,0.039,0.02,0.0,0.0,0.1,0.0
51.636,0.0,0.0,0.039,0.0,3.0,-0.193,-0.001,-0.01,0.495,0.0,-0.185,-0.021,0.038,0.054,0.0,0.0,0.1,0.0
51.679,0.0,0.0,0.011,0.0,3.0,-0.199,0.003,0.029,0.779,0.0,-0.191,-0.018,0.04,0.042,0.0,0.0,0.1,0.0
51.749,0.0,0.0,0.019,0.0,3.0,-0.199,-0.004,-0.039,-1.357,0.0,-0.196,-0.008,0.043,0.045,0.0,0.0,0.1,0.0
51.782,0.0,0.0,-0.002,0.0,3.0,-0.208,-0.001,-0.012,0.535,0.0,-0.198,-0.011,0.042,0.013,0.0,0.0,0.1,0.0
51.851,0.0,0.0,0.043,0.0,3.0,-0.212,-0.003,-0.035,-0.457,0.0,-0.204,-0.007,0.042,0.054,0.0,0.0,0.1,0.0
51.88,0.0,0.0,0.0,0.0,3.0,-0.208,-0.005,-0.047,-0.236,0.0,-0.208,-0.011,0.041,0.025,0.0,0.0,0.1,0.0
51.961,0.0,0.0,0.042,0.0,3.0,-0.213,-0.003,-0.028,0.375,0.0,-0.209,-0.009,0.041,0.062,0.0,0.0,0.1,0.0
52.023,0.0,0.0,0.002,0.0,3.0,-0.209,-0.002,-0.024,0.078,0.0,-0.212,-0.01,0.042,0.035,0.0,0.0,0.1,0.0
52.081,0.0,0.0,0.031,0.0,3.0,-0.209,-0.004,-0.037,-0.27,0.0,-0.211,-0.004,0.043,0.056,0.0,0.0,0.1,0.0
52.154,0.0,0.0,-0.002,0.0,3.0,-0.224,-0.005,-0.051,-0.266,0.0,-0.211,-0.006,0.043,0.024,0.0,0.0,0.1,0.0
52.17,0.0,0.0,0.034,0.0,3.0,-0.215,-0.004,-0.039,0.228,0.0,-0.218,-0.01,0.041,0.049,0.0,0.0,0.1,0.0
52.225,0.0,0.0,0.027,0.0,3.0,-0.215,-0.003,-0.033,0.125,0.0,-0.217,-0.008,0.042,0.061,0.0,0.0,0.1,0.0
52.332,0.0,0.0,0.007,0.0,3.0,-0.218,-0.004,-0.041,-0.157,0.0,-0.217,-0.007,0.043,0.041,0.0,0.0,0.1,0.0
52.428,0.0,0.0,0.023,0.0,3.0,-0.209,-0.005,-0.05,-0.188,0.0,-0.218,-0.007,0.043,0.047,0.0,0.0,0.1,0.0
52.474,0.0,0.0,0.018,0.0,3.0,-0.195,-0.003,-0.028,0.438,0.0,-0.215,-0.006,0.043,0.045,0.0,0.0,0.1,0.0
52.505,0.0,0.0,0.015,0.0,3.0,-0.199,-0.003,-0.033,-0.096,0.0,-0.206,0.002,0.044,0.042,0.0,0.0,0.1,0.0
52.57,0.0,0.0,-0.004,0.0,3.0,-0.193,-0.005,-0.054,-0.407,0.0,-0.202,0.003,0.043,0.011,0.0,0.0,0.1,0.0
52.609,0.0,0.0,0.03,0.0,3.0,-0.182,-0.004,-0.04,0.265,0.0,-0.198,0.004,0.04,0.035,0.0,0.0,0.1,0.0
52.671,0.0,0.0,0.008,0.0,3.0,-0.18,-0.001,-0.012,0.557,0.0,-0.19,0.007,0.04,0.025,0.0,0.0,0.1,0.0
52.722,0.0,0.0,0.01,0.0,3.0,-0.168,-0.004,-0.036,-0.471,0.0,-0.185,0.012,0.04,0.021,0.0,0.0,0.1,0.0
52.762,0.0,0.0,0.004,0.0,3.0,-0.169,-0.007,-0.07,-0.687,0.0,-0.176,0.014,0.038,0.009,0.0,0.0,0.1,0.0
52.805,0.0,0.0,0.013,0.0,3.0,-0.171,-0.004,-0.037,0.674,0.0,-0.172,0.008,0.033,0.011,0.0,0.0,0.1,0.0
52.852,0.0,0.0,0.03,0.0,3.0,-0.149,-0.004,-0.043,-0.133,0.0,-0.171,0.008,0.032,0.039,0.0,0.0,0.1,0.0
52.906,0.0,0.0,0.004,0.0,3.0,-0.16,-0.003,-0.025,0.365,0.0,-0.16,0.011,0.032,0.026,0.0,0.0,0.1,0.0
52.976,0.0,0.0,0.003,0.0,3.0,-0.132,-0.003,-0.033,-0.157,0.0,-0.159,0.009,0.031,0.014,0.0,0.0,0.1,0.0
53.043,0.0,0.0,0.022,0.0,3.0,-0.119,-0.003,-0.035,-0.034,0.0,-0.146,0.017,0.031,0.033,0.0,0.0,0.1,0.0
53.061,0.0,0.0,-0.022,0.0,3.0,-0.122,-0.006,-0.064,-0.581,0.0,-0.132,0.019,0.029,-0.014,0.0,0.0,0.1,0.0
53.111,0.0,0.0,0.018,0.0,3.0,-0.117,-0.005,-0.051,0.251,0.0,-0.126,0.014,0.024,0.004,0.0,0.0,0.1,0.0
53.159,0.0,0.0,0.017,0.0,3.0,-0.111,-0.004,-0.039,0.236,0.0,-0.121,0.011,0.022,0.02,0.0,0.0,0.1,0.0
53.211,0.0,0.0,0.008,0.0,3.0,-0.11,-0.006,-0.056,-0.334,0.0,-0.116,0.009,0.021,0.019,0.0,0.0,0.1,0.0
53.28,0.0,0.0,0.008,0.0,3.0,-0.094,-0.004,-0.039,0.341,0.0,-0.113,0.004,0.019,0.019,0.0,0.0,0.1,0.0
53.34,0.0,0.0,0.019,0.0,3.0,-0.076,-0.004,-0.042,-0.063,0.0,-0.104,0.007,0.019,0.036,0.0,0.0,0.1,0.0
53.371,0.0,0.0,-0.013,0.0,3.0,-0.065,-0.004,-0.04,0.049,0.0,-0.09,0.009,0.019,0.005,0.0,0.0,0.1,0.0
53.472,0.0,0.0,0.005,0.0,3.0,-0.038,-0.003,-0.027,0.253,0.0,-0.078,0.012,0.018,0.006,0.0,0.0,0.1,0.0
53.496,0.0,0.0,-0.006,0.0,3.0,-0.036,-0.003,-0.033,-0.123,0.0,-0.058,0.02,0.017,-0.007,0.0,0.0,0.1,0.0
53.52,0.0,0.0,-0.019,0.0,3.0,-0.032,-0.007,-0.065,-0.646,0.0,-0.046,0.019,0.013,-0.035,0.0,0.0,0.1,0.0
53.574,0.0,0.0,0.015,0.0,3.0,-0.024,-0.003,-0.028,0.743,0.0,-0.039,0.014,0.007,-0.01,0.0,0.0,0.1,0.0
53.638,0.0,0.0,0.009,0.0,3.0,-0.032,-0.004,-0.039,-0.212,0.0,-0.031,0.014,0.005,0.004,0.0,0.0,0.1,0.0
53.683,0.0,0.0,-0.008,0.0,3.0,-0.034,-0.004,-0.036,0.061,0.0,-0.031,0.005,0.003,-0.01,0.0,0.0,0.1,0.0
53.744,0.0,0.0,0.027,0.0,3.0,-0.012,-0.002,-0.023,0.259,0.0,-0.032,0.001,0.001,0.029,0.0,0.0,0.1,0.0
53.783,0.0,0.0,-0.003,0.0,3.0,-0.016,-0.004,-0.041,-0.353,0.0,-0.023,0.003,0.003,0.019,0.0,0.0,0.1,0.0
53.863,0.0,0.0,-0.012,0.0,3.0,-0.014,-0.005,-0.053,-0.245,0.0,-0.02,-0.003,0.002,-0.004,0.0,0.0,0.1,0.0
53.934,0.0,0.0,0.021,0.0,3.0,-0.012,0.003,0.029,1.635,0.0,-0.017,-0.007,0.0,0.024,0.0,0.0,0.1,0.0
53.986,0.0,0.0,-0.001,0.0,3.0,-0.024,-0.002,-0.019,-0.95,0.0,-0.015,0.001,0.004,0.018,0.0,0.0,0.1,0.0
54.017,0.0,0.0,-0.02,0.0,3.0,-0.024,-0.004,-0.044,-0.515,0.0,-0.019,-0.008,0.002,-0.017,0.0,0.0,0.1,0.0
54.118,0.0,0.0,0.036,0.0,3.0,-0.031,-0.004,-0.045,-0.003,0.0,-0.023,-0.011,0.001,0.035,0.0,0.0,0.1,0.0
54.146,0.0,0.0,-0.005,0.0,3.0,-0.028,0.003,0.03,1.494,0.0,-0.028,-0.021,0.001,0.017,0.0,0.0,0.1,0.0
54.16,0.0,0.0,0.031,0.0,3.0,-0.031,0.002,0.022,-0.163,0.0,-0.029,-0.01,0.006,0.057,0.0,0.0,0.1,0.0
54.199,0.0,0.0,-0.043,0.0,3.0,-0.046,-0.001,-0.011,-0.663,0.0,-0.031,-0.01,0.008,-0.019,0.0,0.0,0.1,0.0
54.252,0.0,0.0,0.03,0.0,3.0,-0.052,-0.002,-0.018,-0.131,0.0,-0.039,-0.012,0.007,0.022,0.0,0.0,0.1,0.0
54.302,0.0,0.0,0.003,0.0,3.0,-0.062,0.002,0.023,0.809,0.0,-0.046,-0.017,0.007,0.016,0.0,0.0,0.1,0.0
54.375,0.0,0.0,0.022,0.0,3.0,-0.085,0.002,0.019,-0.073,0.0,-0.055,-0.013,0.01,0.039,0.0,0.0,0.1,0.0
54.468,0.0,0.0,-0.009,0.0,3.0,-0.093,-0.003,-0.034,-1.053,0.0,-0.07,-0.019,0.012,0.011,0.0,0.0,0.1,0.0
54.546,0.0,0.0,0.036,0.0,3.0,-0.119,-0.001,-0.006,0.544,0.0,-0.082,-0.025,0.012,0.052,0.0,0.0,0.1,0.0
54.569,0.0,0.0,0.013,0.0,3.0,-0.131,-0.002,-0.017,-0.209,0.0,-0.102,-0.033,0.014,0.05,0.0,0.0,0.1,0.0
54.635,0.0,0.0,0.034,0.0,3.0,-0.155,-0.001,-0.008,0.166,0.0,-0.118,-0.036,0.018,0.077,0.0,0.0,0.1,0.0
54.69,0.0,0.0,0.013,0.0,3.0,-0.157,0.002,0.016,0.482,0.0,-0.138,-0.043,0.022,0.066,0.0,0.0,0.1,0.0
54.721,0.0,0.0,0.036,0.0,3.0,-0.162,-0.004,-0.044,-1.196,0.0,-0.15,-0.035,0.029,0.091,0.0,0.0,0.1,0.0
54.768,0.0,0.0,-0.012,0.0,3.0,-0.181,-0.005,-0.048,-0.071,0.0,-0.159,-0.042,0.031,0.038,0.0,0.0,0.1,0.0
54.846,0.0,0.0,0.052,0.0,3.0,-0.178,-0.002,-0.019,0.579,0.0,-0.172,-0.044,0.032,0.085,0.0,0.0,0.1,0.0
54.867,0.0,0.0,0.013,0.0,3.0,-0.18,-0.002,-0.016,0.059,0.0,-0.178,-0.04,0.037,0.07,0.0,0.0,0.1,0.0
54.909,0.0,0.0,0.013,0.0,3.0,-0.186,0.002,0.015,0.624,0.0,-0.182,-0.033,0.04,0.057,0.0,0.0,0.1,0.0
54.985,0.0,0.0,0.011,0.0,3.0,-0.215,-0.003,-0.032,-0.949,0.0,-0.186,-0.024,0.043,0.043,0.0,0.0,0.1,0.0
55.025,0.0,0.0,0.006,0.0,3.0,-0.218,-0.0,-0.003,0.574,0.0,-0.202,-0.032,0.041,0.021,0.0,0.0,0.1,0.0
55.096,0.0,0.0,0.063,0.0,3.0,-0.233,-0.004,-0.036,-0.657,0.0,-0.212,-0.023,0.044,0.086,0.0,0.0,0.1,0.0
55.12,0.0,0.0,-0.015,0.0,3.0,-0.231,-0.003,-0.035,0.033,0.0,-0.224,-0.032,0.044,0.025,0.0,0.0,0.1,0.0
55.175,0.0,0.0,0.07,0.0,3.0,-0.228,-0.003,-0.029,0.116,0.0,-0.229,-0.024,0.046,0.099,0.0,0.0,0.1,0.0
55.26,0.0,0.0,-0.017,0.0,3.0,-0.25,-0.003,-0.034,-0.105,0.0,-0.231,-0.024,0.048,0.034,0.0,0.0,0.1,0.0
55.287,0.0,0.0,0.043,0.0,3.0,-0.253,-0.003,-0.031,0.058,0.0,-0.242,-0.024,0.048,0.065,0.0,0.0,0.1,0.0
55.306,0.0,0.0,0.022,0.0,3.0,-0.252,-0.003,-0.026,0.095,0.0,-0.249,-0.023,0.05,0.061,0.0,0.0,0.1,0.0
55.352,0.0,0.0,0.027,0.0,3.0,-0.255,-0.004,-0.036,-0.199,0.0,-0.252,-0.018,0.052,0.065,0.0,0.0,0.1,0.0
55.408,0.0,0.0,0.012,0.0,3.0,-0.264,-0.002,-0.019,0.337,0.0,-0.255,-0.017,0.052,0.047,0.0,0.0,0.1,0.0
55.483,0.0,0.0,0.031,0.0,3.0,-0.265,-0.003,-0.031,-0.234,0.0,-0.26,-0.013,0.054,0.059,0.0,0.0,0.1,0.0
55.557,0.0,0.0,0.015,0.0,3.0,-0.265,-0.003,-0.031,-0.002,0.0,-0.264,-0.012,0.054,0.046,0.0,0.0,0.1,0.0
55.6,0.0,0.0,0.029,0.0,3.0,-0.266,-0.003,-0.03,0.027,0.0,-0.265,-0.008,0.055,0.056,0.0,0.0,0.1,0.0
55.626,0.0,0.0,0.014,0.0,3.0,-0.262,-0.005,-0.05,-0.41,0.0,-0.266,-0.006,0.055,0.043,0.0,0.0,0.1,0.0
55.668,0.0,0.0,0.025,0.0,3.0,-0.262,-0.004,-0.042,0.175,0.0,-0.265,-0.004,0.054,0.048,0.0,0.0,0.1,0.0
55.728,0.0,0.0,0.02,0.0,3.0,-0.259,-0.004,-0.043,-0.035,0.0,-0.264,-0.002,0.054,0.046,0.0,0.0,0.1,0.0
55.792,0.0,0.0,0.021,0.0,3.0,-0.256,-0.003,-0.034,0.187,0.0,-0.262,-0.0,0.053,0.046,0.0,0.0,0.1,0.0
55.863,0.0,0.0,0.018,0.0,3.0,-0.256,-0.003,-0.034,0.0,0.0,-0.259,0.003,0.053,0.042,0.0,0.0,0.1,0.0
55.897,0.0,0.0,0.016,0.0,3.0,-0.249,-0.004,-0.045,-0.216,0.0,-0.257,0.005,0.052,0.036,0.0,0.0,0.1,0.0
55.944,0.0,0.0,0.021,0.0,3.0,-0.237,-0.005,-0.054,-0.187,0.0,-0.253,0.007,0.051,0.04,0.0,0.0,0.1,0.0
55.963,0.0,0.0,0.016,0.0,3.0,-0.237,-0.005,-0.054,0.0,0.0,-0.245,0.009,0.05,0.035,0.0,0.0,0.1,0.0
56.038,0.0,0.0,0.015,0.0,3.0,-0.226,-0.003,-0.027,0.54,0.0,-0.241,0.008,0.048,0.031,0.0,0.0,0.1,0.0
56.069,0.0,0.0,0.024,0.0,3.0,-0.222,-0.003,-0.035,-0.152,0.0,-0.234,0.015,0.048,0.043,0.0,0.0,0.1,0.0
56.116,0.0,0.0,-0.005,0.0,3.0,-0.209,-0.006,-0.058,-0.458,0.0,-0.227,0.015,0.047,0.011,0.0,0.0,0.1,0.0
56.17,0.0,0.0,0.028,0.0,3.0,-0.2,-0.005,-0.046,0.234,0.0,-0.218,0.017,0.044,0.032,0.0,0.0,0.1,0.0
56.218,0.0,0.0,0.002,0.0,3.0,-0.189,-0.003,-0.027,0.378,0.0,-0.208,0.018,0.042,0.015,0.0,0.0,0.1,0.0
56.296,0.0,0.0,0.018,0.0,3.0,-0.168,-0.005,-0.052,-0.495,0.0,-0.198,0.024,0.041,0.025,0.0,0.0,0.1,0.0
56.352,0.0,0.0,-0.007,0.0,3.0,-0.159,-0.004,-0.04,0.229,0.0,-0.182,0.025,0.039,-0.002,0.0,0.0,0.1,0.0
56.376,0.0,0.0,0.014,0.0,3.0,-0.154,-0.004,-0.041,-0.01,0.0,-0.17,0.029,0.036,0.008,0.0,0.0,0.1,0.0
56.43,0.0,0.0,-0.002,0.0,3.0,-0.135,-0.006,-0.061,-0.404,0.0,-0.161,0.027,0.032,-0.006,0.0,0.0,0.1,0.0
56.505,0.0,0.0,0.019,0.0,3.0,-0.116,-0.006,-0.056,0.107,0.0,-0.147,0.027,0.029,0.014,0.0,0.0,0.1,0.0
56.53,0.0,0.0,-0.003,0.0,3.0,-0.111,-0.004,-0.041,0.302,0.0,-0.131,0.027,0.026,0.0,0.0,0.0,0.1,0.0
56.566,0.0,0.0,0.005,0.0,3.0,-0.093,-0.007,-0.065,-0.487,0.0,-0.119,0.027,0.023,0.001,0.0,0.0,0.1,0.0
56.624,0.0,0.0,0.003,0.0,3.0,-0.082,-0.006,-0.056,0.175,0.0,-0.106,0.024,0.02,-0.001,0.0,0.0,0.1,0.0
56.669,0.0,0.0,0.007,0.0,3.0,-0.068,-0.003,-0.03,0.536,0.0,-0.093,0.023,0.017,0.006,0.0,0.0,0.1,0.0
56.712,0.0,0.0,0.001,0.0,3.0,-0.068,-0.006,-0.058,-0.566,0.0,-0.08,0.025,0.016,0.003,0.0,0.0,0.1,0.0
56.759,0.0,0.0,-0.009,0.0,3.0,-0.037,-0.004,-0.037,0.412,0.0,-0.073,0.017,0.012,-0.015,0.0,0.0,0.1,0.0
56.816,0.0,0.0,0.027,0.0,3.0,-0.02,-0.005,-0.052,-0.301,0.0,-0.054,0.025,0.011,0.027,0.0,0.0,0.1,0.0
56.87,0.0,0.0,-0.043,0.0,3.0,0.005,-0.007,-0.069,-0.326,0.0,-0.037,0.021,0.008,-0.04,0.0,0.0,0.1,0.0
56.948,0.0,0.0,0.025,0.0,3.0,0.026,-0.006,-0.059,0.183,0.0,-0.016,0.025,0.004,0.005,0.0,0.0,0.1,0.0
56.963,0.0,0.0,-0.033,0.0,3.0,0.036,-0.005,-0.051,0.163,0.0,0.005,0.022,0.001,-0.041,0.0,0.0,0.1,0.0
57.045,0.0,0.0,0.011,0.0,3.0,0.054,-0.006,-0.06,-0.17,0.0,0.021,0.023,-0.004,-0.014,0.0,0.0,0.1,0.0
57.068,0.0,0.0,-0.018,0.0,3.0,0.06,-0.004,-0.039,0.421,0.0,0.038,0.019,-0.008,-0.033,0.0,0.0,0.1,0.0
57.159,0.0,0.0,0.005,0.0,3.0,0.079,-0.004,-0.042,-0.06,0.0,0.05,0.017,-0.011,-0.014,0.0,0.0,0.1,0.0
57.215,0.0,0.0,-0.015,0.0,3.0,0.086,-0.004,-0.041,0.019,0.0,0.064,0.015,-0.013,-0.025,0.0,0.0,0.1,0.0
57.265,0.0,0.0,-0.006,0.0,3.0,0.094,-0.007,-0.067,-0.522,0.0,0.075,0.012,-0.016,-0.022,0.0,0.0,0.1,0.0
57.312,0.0,0.0,-0.006,0.0,3.0,0.109,-0.004,-0.045,0.445,0.0,0.084,0.003,-0.02,-0.02,0.0,0.0,0.1,0.0
57.354,0.0,0.0,0.007,0.0,3.0,0.114,-0.003,-0.028,0.334,0.0,0.096,0.003,-0.021,0.003,0.0,0.0,0.1,0.0
57.374,0.0,0.0,-0.024,0.0,3.0,0.116,-0.003,-0.033,-0.1,0.0,0.104,-0.001,-0.022,-0.023,0.0,0.0,0.1,0.0
57.425,0.0,0.0,0.001,0.0,3.0,0.123,-0.003,-0.029,0.085,0.0,0.109,-0.005,-0.023,-0.009,0.0,0.0,0.1,0.0
57.482,0.0,0.0,-0.008,0.0,3.0,0.124,-0.002,-0.023,0.113,0.0,0.115,-0.008,-0.024,-0.011,0.0,0.0,0.1,0.0
57.528,0.0,0.0,-0.007,0.0,3.0,0.129,-0.005,-0.052,-0.572,0.0,0.118,-0.011,-0.025,-0.01,0.0,0.0,0.1,0.0
57.604,0.0,0.0,-0.005,0.0,3.0,0.137,-0.004,-0.036,0.307,0.0,0.122,-0.018,-0.027,-0.008,0.0,0.0,0.1,0.0
57.622,0.0,0.0,0.003,0.0,3.0,0.138,-0.003,-0.031,0.114,0.0,0.128,-0.019,-0.026,0.007,0.0,0.0,0.1,0.0
57.684,0.0,0.0,-0.016,0.0,3.0,0.141,-0.004,-0.041,-0.203,0.0,0.131,-0.023,-0.026,-0.01,0.0,0.0,0.1,0.0
57.735,0.0,0.0,0.003,0.0,3.0,0.141,-0.003,-0.03,0.22,0.0,0.134,-0.026,-0.027,0.003,0.0,0.0,0.1,0.0
57.789,0.0,0.0,-0.008,0.0,3.0,0.144,-0.003,-0.029,0.007,0.0,0.135,-0.03,-0.027,-0.002,0.0,0.0,0.1,0.0
57.806,0.0,0.0,-0.001,0.0,3.0,0.144,-0.003,-0.029,0.0,0.0,0.137,-0.031,-0.026,0.003,0.0,0.0,0.1,0.0
57.862,0.0,0.0,-0.009,0.0,3.0,0.144,-0.003,-0.029,0.0,0.0,0.138,-0.034,-0.026,-0.005,0.0,0.0,0.1,0.0
57.925,0.0,0.0,0.001,0.0,3.0,0.15,-0.003,-0.034,-0.094,0.0,0.138,-0.035,-0.026,0.003,0.0,0.0,0.1,0.0
57.975,0.0,0.0,-0.006,0.0,3.0,0.148,-0.002,-0.023,0.228,0.0,0.141,-0.037,-0.026,-0.001,0.0,0.0,0.1,0.0
58.026,0.0,0.0,-0.005,0.0,3.0,0.151,-0.003,-0.026,-0.07,0.0,0.141,-0.037,-0.026,-0.001,0.0,0.0,0.1,0.0
58.091,0.0,0.0,-0.005,0.0,3.0,0.153,-0.002,-0.024,0.034,0.0,0.143,-0.037,-0.025,-0.003,0.0,0.0,0.1,0.0
58.12,0.0,0.0,-0.006,0.0,3.0,0.154,-0.003,-0.029,-0.096,0.0,0.145,-0.037,-0.025,-0.006,0.0,0.0,0.1,0.0
58.182,0.0,0.0,-0.005,0.0,3.0,0.154,-0.003,-0.029,0.006,0.0,0.146,-0.038,-0.026,-0.007,0.0,0.0,0.1,0.0
58.204,0.0,0.0,-0.004,0.0,3.0,0.151,-0.002,-0.021,0.162,0.0,0.147,-0.039,-0.026,-0.005,0.0,0.0,0.1,0.0
58.259,0.0,0.0,-0.003,0.0,3.0,0.153,-0.002,-0.024,-0.058,0.0,0.146,-0.04,-0.026,-0.003,0.0,0.0,0.1,0.0
58.303,0.0,0.0,-0.004,0.0,3.0,0.149,-0.005,-0.047,-0.465,0.0,0.146,-0.04,-0.026,-0.003,0.0,0.0,0.1,0.0
58.374,0.0,0.0,-0.005,0.0,3.0,0.141,-0.002,-0.025,0.447,0.0,0.144,-0.046,-0.027,-0.006,0.0,0.0,0.1,0.0
58.44,0.0,0.0,0.012,0.0,3.0,0.133,-0.002,-0.025,0.002,0.0,0.139,-0.048,-0.026,0.016,0.0,0.0,0.1,0.0
58.468,0.0,0.0,-0.007,0.0,3.0,0.132,-0.001,-0.013,0.234,0.0,0.132,-0.052,-0.025,0.006,0.0,0.0,0.1,0.0
58.529,0.0,0.0,0.012,0.0,3.0,0.118,-0.003,-0.029,-0.329,0.0,0.128,-0.049,-0.023,0.025,0.0,0.0,0.1,0.0
58.571,0.0,0.0,-0.016,0.0,3.0,0.119,-0.003,-0.03,-0.022,0.0,0.119,-0.057,-0.023,-0.002,0.0,0.0,0.1,0.0
58.626,0.0,0.0,0.028,0.0,3.0,0.11,-0.003,-0.03,0.001,0.0,0.115,-0.055,-0.021,0.04,0.0,0.0,0.1,0.0
58.677,0.0,0.0,-0.02,0.0,3.0,0.102,-0.003,-0.027,0.072,0.0,0.108,-0.06,-0.019,0.004,0.0,0.0,0.1,0.0
58.741,0.0,0.0,0.026,0.0,3.0,0.09,-0.002,-0.021,0.107,0.0,0.101,-0.059,-0.018,0.039,0.0,0.0,0.1,0.0
58.754,0.0,0.0,-0.012,0.0,3.0,0.092,-0.003,-0.033,-0.236,0.0,0.091,-0.063,-0.016,0.012,0.0,0.0,0.1,0.0
58.814,0.0,0.0,0.023,0.0,3.0,0.085,-0.002,-0.022,0.225,0.0,0.087,-0.06,-0.014,0.041,0.0,0.0,0.1,0.0
58.858,0.0,0.0,-0.013,0.0,3.0,0.073,-0.002,-0.021,0.024,0.0,0.081,-0.061,-0.012,0.012,0.0,0.0,0.1,0.0
58.908,0.0,0.0,0.016,0.0,3.0,0.074,-0.001,-0.014,0.139,0.0,0.073,-0.06,-0.01,0.029,0.0,0.0,0.1,0.0
58.977,0.0,0.0,0.001,0.0,3.0,0.063,-0.005,-0.045,-0.632,0.0,0.069,-0.057,-0.008,0.021,0.0,0.0,0.1,0.0
59.036,0.0,0.0,0.0,0.0,3.0,0.053,-0.003,-0.032,0.262,0.0,0.061,-0.061,-0.009,0.012,0.0,0.0,0.1,0.0
59.06,0.0,0.0,0.025,0.0,3.0,0.042,-0.002,-0.019,0.271,0.0,0.053,-0.061,-0.007,0.04,0.0,0.0,0.1,0.0
59.115,0.0,0.0,0.0,0.0,3.0,0.037,-0.003,-0.026,-0.142,0.0,0.043,-0.062,-0.005,0.026,0.0,0.0,0.1,0.0
59.169,0.0,0.0,0.016,0.0,3.0,0.036,-0.001,-0.013,0.255,0.0,0.035,-0.06,-0.003,0.038,0.0,0.0,0.1,0.0
59.289,0.0,0.0,0.003,0.0,3.0,0.015,-0.004,-0.04,-0.538,0.0,0.031,-0.056,-0.0,0.029,0.0,0.0,0.1,0.0
59.31,0.0,0.0,0.001,0.0,3.0,0.018,-0.002,-0.02,0.41,0.0,0.019,-0.062,-0.001,0.016,0.0,0.0,0.1,0.0
59.416,0.0,0.0,0.036,0.0,3.0,0.011,-0.003,-0.035,-0.308,0.0,0.014,-0.055,0.002,0.057,0.0,0.0,0.1,0.0
59.464,0.0,0.0,-0.021,0.0,3.0,0.009,-0.005,-0.049,-0.28,0.0,0.008,-0.058,0.003,0.008,0.0,0.0,0.1,0.0
59.484,0.0,0.0,0.037,0.0,3.0,0.006,-0.004,-0.038,0.214,0.0,0.004,-0.056,0.003,0.05,0.0,0.0,0.1,0.0
59.534,0.0,0.0,-0.008,0.0,3.0,0.001,-0.003,-0.034,0.079,0.0,0.001,-0.056,0.005,0.019,0.0,0.0,0.1,0.0
59.588,0.0,0.0,0.023,0.0,3.0,0.008,-0.003,-0.029,0.101,0.0,-0.003,-0.053,0.006,0.04,0.0,0.0,0.1,0.0
59.623,0.0,0.0,-0.003,0.0,3.0,0.011,-0.004,-0.036,-0.128,0.0,-0.002,-0.048,0.007,0.02,0.0,0.0,0.1,0.0
59.741,0.0,0.0,0.006,0.0,3.0,0.018,-0.004,-0.036,-0.009,0.0,0.0,-0.044,0.007,0.017,0.0,0.0,0.1,0.0
59.778,0.0,0.0,0.002,0.0,3.0,0.019,-0.006,-0.061,-0.49,0.0,0.005,-0.038,0.007,0.009,0.0,0.0,0.1,0.0
59.834,0.0,0.0,0.0,0.0,3.0,0.026,-0.005,-0.052,0.173,0.0,0.008,-0.04,0.005,-0.0,0.0,0.0,0.1,0.0
59.93,0.0,0.0,0.018,0.0,3.0,0.028,-0.005,-0.051,0.022,0.0,0.013,-0.036,0.003,0.019,0.0,0.0,0.1,0.0
59.989,0.0,0.0,-0.007,0.0,3.0,0.035,-0.005,-0.049,0.043,0.0,0.017,-0.036,0.002,-0.0,0.0,0.0,0.1,0.0
60.005,0.0,0.0,0.015,0.0,3.0,0.035,-0.005,-0.049,0.0,0.0,0.023,-0.033,0.001,0.016,0.0,0.0,0.1,0.0
60.082,0.0,0.0,-0.008,0.0,3.0,0.048,-0.006,-0.06,-0.225,0.0,0.026,-0.035,-0.001,-0.003,0.0,0.0,0.1,0.0
60.19,0.0,0.0,0.017,0.0,3.0,0.068,-0.002,-0.024,0.722,0.0,0.034,-0.032,-0.002,0.018,0.0,0.0,0.1,0.0
60.213,0.0,0.0,-0.01,0.0,3.0,0.072,-0.004,-0.036,-0.245,0.0,0.048,-0.022,-0.001,-0.001,0.0,0.0,0.1,0.0
60.292,0.0,0.0,-0.02,0.0,3.0,0.075,-0.002,-0.016,0.397,0.0,0.057,-0.021,-0.003,-0.03,0.0,0.0,0.1,0.0
60.304,0.0,0.0,0.009,0.0,3.0,0.077,-0.003,-0.031,-0.294,0.0,0.064,-0.015,-0.005,-0.011,0.0,0.0,0.1,0.0
60.369,0.0,0.0,-0.017,0.0,3.0,0.084,-0.004,-0.043,-0.244,0.0,0.069,-0.017,-0.008,-0.033,0.0,0.0,0.1,0.0
60.414,0.0,0.0,0.014,0.0,3.0,0.09,-0.006,-0.06,-0.338,0.0,0.075,-0.016,-0.011,-0.005,0.0,0.0,0.1,0.0
60.475,0.0,0.0,-0.011,0.0,3.0,0.104,-0.005,-0.046,0.281,0.0,0.08,-0.022,-0.014,-0.018,0.0,0.0,0.1,0.0
60.522,0.0,0.0,0.015,0.0,3.0,0.107,-0.004,-0.04,0.131,0.0,0.09,-0.019,-0.015,0.011,0.0,0.0,0.1,0.0
60.622,0.0,0.0,-0.025,0.0,3.0,0.12,-0.004,-0.041,-0.02,0.0,0.096,-0.022,-0.016,-0.023,0.0,0.0,0.1,0.0
60.717,0.0,0.0,0.013,0.0,3.0,0.133,-0.003,-0.033,0.154,0.0,0.105,-0.019,-0.018,0.005,0.0,0.0,0.1,0.0
60.753,0.0,0.0,-0.025,0.0,3.0,0.138,-0.006,-0.059,-0.53,0.0,0.117,-0.018,-0.018,-0.026,0.0,0.0,0.1,0.0
60.779,0.0,0.0,-0.002,0.0,3.0,0.141,-0.006,-0.058,0.027,0.0,0.125,-0.021,-0.022,-0.02,0.0,0.0,0.1,0.0
60.826,0.0,0.0,-0.001,0.0,3.0,0.144,-0.006,-0.064,-0.127,0.0,0.131,-0.026,-0.025,-0.012,0.0,0.0,0.1,0.0
60.917,0.0,0.0,0.0,0.0,3.0,0.152,-0.004,-0.041,0.463,0.0,0.135,-0.032,-0.027,-0.003,0.0,0.0,0.1,0.0
60.934,0.0,0.0,0.003,0.0,3.0,0.155,-0.004,-0.042,-0.006,0.0,0.14,-0.032,-0.027,0.008,0.0,0.0,0.1,0.0
61.004,0.0,0.0,-0.015,0.0,3.0,0.158,-0.004,-0.035,0.13,0.0,0.144,-0.035,-0.027,-0.009,0.0,0.0,0.1,0.0
61.028,0.0,0.0,0.002,0.0,3.0,0.162,-0.004,-0.042,-0.148,0.0,0.148,-0.035,-0.027,0.002,0.0,0.0,0.1,0.0
61.093,0.0,0.0,-0.013,0.0,3.0,0.168,-0.004,-0.038,0.085,0.0,0.152,-0.038,-0.028,-0.011,0.0,0.0,0.1,0.0
61.114,0.0,0.0,0.003,0.0,3.0,0.168,-0.003,-0.03,0.156,0.0,0.157,-0.037,-0.028,0.002,0.0,0.0,0.1,0.0
61.169,0.0,0.0,-0.016,0.0,3.0,0.174,-0.004,-0.037,-0.13,0.0,0.159,-0.039,-0.028,-0.015,0.0,0.0,0.1,0.0
61.222,0.0,0.0,0.003,0.0,3.0,0.174,-0.004,-0.037,-0.002,0.0,0.163,-0.038,-0.029,-0.002,0.0,0.0,0.1,0.0
61.308,0.0,0.0,-0.014,0.0,3.0,0.187,-0.006,-0.062,-0.496,0.0,0.165,-0.041,-0.029,-0.015,0.0,0.0,0.1,0.0
61.34,0.0,0.0,0.003,0.0,3.0,0.192,-0.006,-0.056,0.109,0.0,0.172,-0.042,-0.031,-0.0,0.0,0.0,0.1,0.0
61.37,0.0,0.0,-0.012,0.0,3.0,0.197,-0.007,-0.066,-0.187,0.0,0.178,-0.045,-0.032,-0.011,0.0,0.0,0.1,0.0
61.433,0.0,0.0,0.0,0.0,3.0,0.206,-0.004,-0.043,0.46,0.0,0.183,-0.048,-0.034,-0.002,0.0,0.0,0.1,0.0
61.483,0.0,0.0,-0.005,0.0,3.0,0.213,-0.002,-0.024,0.382,0.0,0.19,-0.046,-0.033,-0.002,0.0,0.0,0.1,0.0
61.544,0.0,0.0,-0.016,0.0,3.0,0.216,-0.002,-0.02,0.063,0.0,0.197,-0.043,-0.033,-0.016,0.0,0.0,0.1,0.0
61.563,0.0,0.0,-0.015,0.0,3.0,0.22,-0.003,-0.027,-0.137,0.0,0.203,-0.04,-0.033,-0.025,0.0,0.0,0.1,0.0
61.629,0.0,0.0,-0.011,0.0,3.0,0.225,-0.003,-0.029,-0.028,0.0,0.208,-0.039,-0.035,-0.028,0.0,0.0,0.1,0.0
61.684,0.0,0.0,-0.009,0.0,3.0,0.231,-0.004,-0.044,-0.298,0.0,0.213,-0.039,-0.036,-0.026,0.0,0.0,0.1,0.0
61.768,0.0,0.0,-0.011,0.0,3.0,0.23,-0.003,-0.029,0.296,0.0,0.218,-0.041,-0.038,-0.027,0.0,0.0,0.1,0.0
61.818,0.0,0.0,-0.005,0.0,3.0,0.236,-0.004,-0.038,-0.175,0.0,0.221,-0.042,-0.039,-0.018,0.0,0.0,0.1,0.0
61.88,0.0,0.0,-0.011,0.0,3.0,0.235,-0.004,-0.044,-0.12,0.0,0.225,-0.043,-0.041,-0.02,0.0,0.0,0.1,0.0
61.919,0.0,0.0,-0.007,0.0,3.0,0.232,-0.005,-0.053,-0.179,0.0,0.226,-0.047,-0.042,-0.016,0.0,0.0,0.1,0.0
62.005,0.0,0.0,-0.003,0.0,3.0,0.228,-0.003,-0.03,0.454,0.0,0.225,-0.053,-0.043,-0.008,0.0,0.0,0.1,0.0
62.018,0.0,0.0,0.001,0.0,3.0,0.228,-0.003,-0.03,0.0,0.0,0.222,-0.056,-0.043,0.005,0.0,0.0,0.1,0.0
62.075,0.0,0.0,-0.01,0.0,3.0,0.222,-0.003,-0.033,-0.07,0.0,0.22,-0.058,-0.041,-0.001,0.0,0.0,0.1,0.0
62.129,0.0,0.0,-0.004,0.0,3.0,0.221,-0.004,-0.04,-0.13,0.0,0.216,-0.061,-0.041,0.002,0.0,0.0,0.1,0.0
62.191,0.0,0.0,-0.002,0.0,3.0,0.217,-0.003,-0.033,0.143,0.0,0.214,-0.064,-0.04,0.007,0.0,0.0,0.1,0.0
62.208,0.0,0.0,-0.004,0.0,3.0,0.214,-0.003,-0.028,0.097,0.0,0.21,-0.066,-0.039,0.006,0.0,0.0,0.1,0.0
62.355,0.0,0.0,-0.003,0.0,3.0,0.197,-0.003,-0.031,-0.072,0.0,0.207,-0.066,-0.037,0.007,0.0,0.0,0.1,0.0
62.378,0.0,0.0,-0.006,0.0,3.0,0.197,-0.003,-0.031,0.0,0.0,0.197,-0.072,-0.037,0.002,0.0,0.0,0.1,0.0
62.414,0.0,0.0,0.015,0.0,3.0,0.193,-0.003,-0.035,-0.066,0.0,0.192,-0.071,-0.035,0.027,0.0,0.0,0.1,0.0
62.492,0.0,0.0,-0.015,0.0,3.0,0.174,-0.003,-0.029,0.124,0.0,0.187,-0.074,-0.033,0.005,0.0,0.0,0.1,0.0
62.507,0.0,0.0,0.011,0.0,3.0,0.17,-0.002,-0.02,0.168,0.0,0.175,-0.077,-0.032,0.021,0.0,0.0,0.1,0.0
62.598,0.0,0.0,0.004,0.0,3.0,0.156,-0.003,-0.025,-0.106,0.0,0.167,-0.077,-0.029,0.025,0.0,0.0,0.1,0.0
62.618,0.0,0.0,-0.003,0.0,3.0,0.156,-0.003,-0.025,0.0,0.0,0.156,-0.08,-0.027,0.016,0.0,0.0,0.1,0.0
62.694,0.0,0.0,0.014,0.0,3.0,0.143,-0.003,-0.033,-0.152,0.0,0.15,-0.076,-0.024,0.034,0.0,0.0,0.1,0.0
62.718,0.0,0.0,-0.012,0.0,3.0,0.134,-0.002,-0.02,0.26,0.0,0.14,-0.08,-0.023,0.008,0.0,0.0,0.1,0.0
62.804,0.0,0.0,0.023,0.0,3.0,0.126,-0.001,-0.009,0.212,0.0,0.131,-0.076,-0.021,0.038,0.0,0.0,0.1,0.0
62.83,0.0,0.0,-0.013,0.0,3.0,0.122,-0.003,-0.026,-0.327,0.0,0.123,-0.075,-0.018,0.011,0.0,0.0,0.1,0.0
62.864,0.0,0.0,0.012,0.0,3.0,0.121,-0.001,-0.014,0.234,0.0,0.117,-0.072,-0.016,0.023,0.0,0.0,0.1,0.0
62.906,0.0,0.0,-0.003,0.0,3.0,0.111,-0.002,-0.021,-0.135,0.0,0.113,-0.068,-0.014,0.012,0.0,0.0,0.1,0.0
62.956,0.0,0.0,-0.001,0.0,3.0,0.105,-0.002,-0.024,-0.067,0.0,0.107,-0.066,-0.014,0.006,0.0,0.0,0.1,0.0
63.004,0.0,0.0,0.009,0.0,3.0,0.088,-0.003,-0.029,-0.091,0.0,0.101,-0.064,-0.013,0.015,0.0,0.0,0.1,0.0
63.08,0.0,0.0,0.002,0.0,3.0,0.065,-0.001,-0.015,0.28,0.0,0.09,-0.068,-0.013,0.01,0.0,0.0,0.1,0.0
63.127,0.0,0.0,0.021,0.0,3.0,0.063,-0.002,-0.018,-0.071,0.0,0.073,-0.07,-0.012,0.034,0.0,0.0,0.1,0.0
63.191,0.0,0.0,0.011,0.0,3.0,0.05,-0.004,-0.041,-0.457,0.0,0.063,-0.069,-0.009,0.039,0.0,0.0,0.1,0.0
63.222,0.0,0.0,0.004,0.0,3.0,0.042,-0.003,-0.033,0.17,0.0,0.051,-0.073,-0.008,0.03,0.0,0.0,0.1,0.0
63.253,0.0,0.0,0.025,0.0,3.0,0.029,-0.002,-0.023,0.195,0.0,0.041,-0.072,-0.005,0.053,0.0,0.0,0.1,0.0
63.301,0.0,0.0,-0.0,0.0,3.0,0.026,-0.001,-0.011,0.229,0.0,0.03,-0.073,-0.002,0.035,0.0,0.0,0.1,0.0
63.373,0.0,0.0,0.021,0.0,3.0,0.015,-0.003,-0.03,-0.367,0.0,0.023,-0.066,0.002,0.05,0.0,0.0,0.1,0.0
63.424,0.0,0.0,-0.01,0.0,3.0,0.005,-0.003,-0.03,0.002,0.0,0.014,-0.068,0.003,0.016,0.0,0.0,0.1,0.0
63.478,0.0,0.0,0.032,0.0,3.0,-0.005,-0.003,-0.028,0.035,0.0,0.004,-0.065,0.004,0.049,0.0,0.0,0.1,0.0
63.542,0.0,0.0,-0.001,0.0,3.0,-0.016,-0.002,-0.023,0.098,0.0,-0.005,-0.065,0.006,0.027,0.0,0.0,0.1,0.0
63.569,0.0,0.0,0.026,0.0,3.0,-0.018,-0.001,-0.013,0.201,0.0,-0.015,-0.062,0.008,0.048,0.0,0.0,0.1,0.0
63.614,0.0,0.0,0.004,0.0,3.0,-0.027,-0.003,-0.026,-0.256,0.0,-0.021,-0.058,0.011,0.033,0.0,0.0,0.1,0.0
63.672,0.0,0.0,0.009,0.0,3.0,-0.03,-0.004,-0.037,-0.222,0.0,-0.028,-0.056,0.012,0.028,0.0,0.0,0.1,0.0
63.746,0.0,0.0,0.016,0.0,3.0,-0.039,-0.002,-0.025,0.24,0.0,-0.033,-0.054,0.012,0.034,0.0,0.0,0.1,0.0
63.758,0.0,0.0,0.011,0.0,3.0,-0.037,-0.003,-0.028,-0.061,0.0,-0.04,-0.052,0.013,0.032,0.0,0.0,0.1,0.0
63.807,0.0,0.0,0.015,0.0,3.0,-0.04,-0.003,-0.031,-0.065,0.0,-0.042,-0.047,0.015,0.036,0.0,0.0,0.1,0.0
63.855,0.0,0.0,0.002,0.0,3.0,-0.044,-0.006,-0.058,-0.531,0.0,-0.045,-0.045,0.015,0.02,0.0,0.0,0.1,0.0
63.924,0.0,0.0,0.017,0.0,3.0,-0.044,-0.002,-0.021,0.74,0.0,-0.048,-0.047,0.014,0.029,0.0,0.0,0.1,0.0
64.012,0.0,0.0,0.019,0.0,3.0,-0.045,-0.004,-0.035,-0.293,0.0,-0.05,-0.04,0.015,0.039,0.0,0.0,0.1,0.0
64.093,0.0,0.0,-0.004,0.0,3.0,-0.044,-0.003,-0.035,0.016,0.0,-0.051,-0.04,0.016,0.014,0.0,0.0,0.1,0.0
64.107,0.0,0.0,0.022,0.0,3.0,-0.044,-0.003,-0.035,0.0,0.0,-0.05,-0.035,0.016,0.032,0.0,0.0,0.1,0.0
64.173,0.0,0.0,-0.002,0.0,3.0,-0.036,-0.004,-0.045,-0.2,0.0,-0.05,-0.034,0.015,0.012,0.0,0.0,0.1,0.0
64.235,0.0,0.0,0.018,0.0,3.0,-0.029,-0.005,-0.048,-0.071,0.0,-0.046,-0.03,0.015,0.026,0.0,0.0,0.1,0.0
64.288,0.0,0.0,-0.002,0.0,3.0,-0.026,-0.002,-0.023,0.505,0.0,-0.041,-0.028,0.014,0.008,0.0,0.0,0.1,0.0
64.32,0.0,0.0,0.012,0.0,3.0,-0.025,-0.002,-0.022,0.02,0.0,-0.036,-0.021,0.014,0.017,0.0,0.0,0.1,0.0
64.383,0.0,0.0,-0.009,0.0,3.0,-0.019,-0.003,-0.035,-0.255,0.0,-0.032,-0.019,0.013,-0.006,0.0,0.0,0.1,0.0
64.45,0.0,0.0,0.013,0.0,3.0,-0.012,-0.005,-0.048,-0.269,0.0,-0.027,-0.016,0.011,0.007,0.0,0.0,0.1,0.0
64.477,0.0,0.0,-0.003,0.0,3.0,-0.009,-0.005,-0.053,-0.096,0.0,-0.022,-0.016,0.008,-0.004,0.0,0.0,0.1,0.0
64.529,0.0,0.0,0.013,0.0,3.0,-0.005,-0.004,-0.041,0.243,0.0,-0.017,-0.017,0.006,0.009,0.0,0.0,0.1,0.0
64.59,0.0,0.0,0.004,0.0,3.0,0.002,-0.003,-0.03,0.212,0.0,-0.013,-0.017,0.005,0.009,0.0,0.0,0.1,0.0
64.634,0.0,0.0,0.005,0.0,3.0,-0.001,-0.003,-0.026,0.079,0.0,-0.007,-0.015,0.005,0.01,0.0,0.0,0.1,0.0
64.677,0.0,0.0,-0.005,0.0,3.0,0.009,-0.005,-0.05,-0.482,0.0,-0.005,-0.016,0.004,-0.003,0.0,0.0,0.1,0.0
64.723,0.0,0.0,0.012,0.0,3.0,0.013,-0.003,-0.033,0.352,0.0,-0.0,-0.016,0.002,0.011,0.0,0.0,0.1,0.0
64.836,0.0,0.0,-0.001,0.0,3.0,0.027,-0.003,-0.026,0.125,0.0,0.005,-0.015,0.001,0.005,0.0,0.0,0.1,0.0
64.893,0.0,0.0,0.001,0.0,3.0,0.033,-0.004,-0.036,-0.187,0.0,0.014,-0.011,0.001,0.005,0.0,0.0,0.1,0.0
64.926,0.0,0.0,-0.012,0.0,3.0,0.041,-0.006,-0.056,-0.402,0.0,0.022,-0.011,-0.0,-0.015,0.0,0.0,0.1,0.0
64.978,0.0,0.0,0.007,0.0,3.0,0.045,-0.005,-0.051,0.102,0.0,0.03,-0.012,-0.004,-0.003,0.0,0.0,0.1,0.0
65.05,0.0,0.0,-0.001,0.0,3.0,0.06,-0.005,-0.045,0.105,0.0,0.036,-0.015,-0.006,-0.004,0.0,0.0,0.1,0.0
65.063,0.0,0.0,0.005,0.0,3.0,0.06,-0.004,-0.041,0.089,0.0,0.046,-0.013,-0.007,0.005,0.0,0.0,0.1,0.0
65.132,0.0,0.0,-0.013,0.0,3.0,0.067,-0.003,-0.034,0.145,0.0,0.051,-0.016,-0.008,-0.014,0.0,0.0,0.1,0.0
65.171,0.0,0.0,0.012,0.0,3.0,0.069,-0.002,-0.025,0.183,0.0,0.058,-0.014,-0.009,0.007,0.0,0.0,0.1,0.0
65.222,0.0,0.0,-0.015,0.0,3.0,0.079,-0.004,-0.044,-0.39,0.0,0.062,-0.016,-0.01,-0.014,0.0,0.0,0.1,0.0
65.298,0.0,0.0,0.007,0.0,3.0,0.095,-0.005,-0.045,-0.022,0.0,0.068,-0.016,-0.012,0.001,0.0,0.0,0.1,0.0
65.314,0.0,0.0,-0.009,0.0,3.0,0.095,-0.005,-0.045,0.0,0.0,0.079,-0.015,-0.013,-0.008,0.0,0.0,0.1,0.0
65.376,0.0,0.0,-0.007,0.0,3.0,0.106,-0.005,-0.045,0.002,0.0,0.085,-0.018,-0.015,-0.014,0.0,0.0,0.1,0.0
65.465,0.0,0.0,0.004,0.0,3.0,0.124,-0.003,-0.034,0.214,0.0,0.094,-0.018,-0.016,-0.0,0.0,0.0,0.1,0.0
65.524,0.0,0.0,-0.014,0.0,3.0,0.126,-0.003,-0.03,0.099,0.0,0.106,-0.015,-0.017,-0.014,0.0,0.0,0.1,0.0
65.592,0.0,0.0,-0.013,0.0,3.0,0.135,-0.006,-0.056,-0.522,0.0,0.114,-0.015,-0.019,-0.025,0.0,0.0,0.1,0.0
65.607,0.0,0.0,-0.003,0.0,3.0,0.135,-0.006,-0.056,0.0,0.0,0.123,-0.018,-0.022,-0.019,0.0,0.0,0.1,0.0
65.687,0.0,0.0,-0.002,0.0,3.0,0.153,-0.004,-0.041,0.302,0.0,0.127,-0.024,-0.025,-0.013,0.0,0.0,0.1,0.0
65.752,0.0,0.0,0.004,0.0,3.0,0.153,-0.005,-0.046,-0.119,0.0,0.137,-0.021,-0.025,0.003,0.0,0.0,0.1,0.0
65.817,0.0,0.0,-0.025,0.0,3.0,0.156,-0.004,-0.038,0.179,0.0,0.143,-0.027,-0.027,-0.027,0.0,0.0,0.1,0.0
65.878,0.0,0.0,0.013,0.0,3.0,0.155,-0.004,-0.041,-0.062,0.0,0.147,-0.027,-0.028,0.005,0.0,0.0,0.1,0.0
65.95,0.0,0.0,-0.021,0.0,3.0,0.165,-0.004,-0.036,0.089,0.0,0.148,-0.033,-0.029,-0.02,0.0,0.0,0.1,0.0
65.965,0.0,0.0,0.015,0.0,3.0,0.165,-0.004,-0.036,0.0,0.0,0.153,-0.031,-0.029,0.013,0.0,0.0,0.1,0.0
66.016,0.0,0.0,-0.028,0.0,3.0,0.169,-0.005,-0.046,-0.201,0.0,0.156,-0.036,-0.029,-0.023,0.0,0.0,0.1,0.0
66.062,0.0,0.0,0.014,0.0,3.0,0.175,-0.005,-0.052,-0.107,0.0,0.159,-0.037,-0.03,0.009,0.0,0.0,0.1,0.0
66.107,0.0,0.0,-0.018,0.0,3.0,0.179,-0.004,-0.043,0.173,0.0,0.163,-0.041,-0.031,-0.011,0.0,0.0,0.1,0.0
66.179,0.0,0.0,0.006,0.0,3.0,0.182,-0.003,-0.025,0.349,0.0,0.167,-0.041,-0.031,0.007,0.0,0.0,0.1,0.0
66.199,0.0,0.0,-0.017,0.0,3.0,0.185,-0.002,-0.019,0.128,0.0,0.171,-0.041,-0.03,-0.011,0.0,0.0,0.1,0.0
66.269,0.0,0.0,-0.004,0.0,3.0,0.186,-0.002,-0.017,0.047,0.0,0.174,-0.039,-0.03,-0.007,0.0,0.0,0.1,0.0
66.333,0.0,0.0,-0.016,0.0,3.0,0.189,-0.003,-0.033,-0.333,0.0,0.177,-0.038,-0.03,-0.021,0.0,0.0,0.1,0.0
66.407,0.0,0.0,-0.004,0.0,3.0,0.192,-0.004,-0.04,-0.14,0.0,0.18,-0.039,-0.031,-0.015,0.0,0.0,0.1,0.0
66.424,0.0,0.0,-0.006,0.0,3.0,0.191,-0.003,-0.026,0.29,0.0,0.183,-0.041,-0.033,-0.014,0.0,0.0,0.1,0.0
66.514,0.0,0.0,-0.003,0.0,3.0,0.192,-0.002,-0.018,0.155,0.0,0.183,-0.042,-0.033,-0.008,0.0,0.0,0.1,0.0
66.569,0.0,0.0,-0.008,0.0,3.0,0.192,-0.005,-0.046,-0.548,0.0,0.184,-0.042,-0.033,-0.01,0.0,0.0,0.1,0.0
66.619,0.0,0.0,-0.008,0.0,3.0,0.183,-0.003,-0.03,0.319,0.0,0.184,-0.046,-0.034,-0.013,0.0,0.0,0.1,0.0
66.66,0.0,0.0,0.006,0.0,3.0,0.184,-0.003,-0.034,-0.079,0.0,0.18,-0.05,-0.034,0.004,0.0,0.0,0.1,0.0
66.711,0.0,0.0,-0.004,0.0,3.0,0.177,-0.003,-0.026,0.148,0.0,0.178,-0.052,-0.033,0.004,0.0,0.0,0.1,0.0
66.764,0.0,0.0,-0.001,0.0,3.0,0.177,-0.002,-0.017,0.174,0.0,0.173,-0.055,-0.032,0.007,0.0,0.0,0.1,0.0
66.864,0.0,0.0,-0.001,0.0,3.0,0.17,-0.003,-0.026,-0.18,0.0,0.171,-0.054,-0.031,0.01,0.0,0.0,0.1,0.0
66.981,0.0,0.0,-0.01,0.0,3.0,0.151,-0.003,-0.033,-0.138,0.0,0.166,-0.057,-0.03,-0.002,0.0,0.0,0.1,0.0
67.008,0.0,0.0,0.008,0.0,3.0,0.147,-0.003,-0.031,0.044,0.0,0.154,-0.064,-0.03,0.012,0.0,0.0,0.1,0.0
67.032,0.0,0.0,0.013,0.0,3.0,0.146,-0.002,-0.022,0.189,0.0,0.146,-0.066,-0.028,0.031,0.0,0.0,0.1,0.0
67.122,0.0,0.0,-0.003,0.0,3.0,0.127,-0.003,-0.032,-0.197,0.0,0.141,-0.065,-0.025,0.023,0.0,0.0,0.1,0.0
67.178,0.0,0.0,-0.002,0.0,3.0,0.122,-0.004,-0.036,-0.093,0.0,0.129,-0.071,-0.024,0.015,0.0,0.0,0.1,0.0
67.271,0.0,0.0,0.021,0.0,3.0,0.112,-0.004,-0.036,0.009,0.0,0.12,-0.072,-0.022,0.041,0.0,0.0,0.1,0.0
67.329,0.0,0.0,-0.005,0.0,3.0,0.099,-0.004,-0.044,-0.167,0.0,0.111,-0.076,-0.02,0.024,0.0,0.0,0.1,0.0
67.406,0.0,0.0,0.019,0.0,3.0,0.081,-0.003,-0.033,0.223,0.0,0.099,-0.079,-0.018,0.043,0.0,0.0,0.1,0.0
67.463,0.0,0.0,0.007,0.0,3.0,0.07,-0.001,-0.013,0.394,0.0,0.085,-0.083,-0.015,0.041,0.0,0.0,0.1,0.0
67.515,0.0,0.0,0.019,0.0,3.0,0.071,0.001,0.011,0.484,0.0,0.072,-0.08,-0.011,0.054,0.0,0.0,0.1,0.0
67.558,0.0,0.0,-0.002,0.0,3.0,0.065,-0.002,-0.018,-0.577,0.0,0.066,-0.071,-0.005,0.037,0.0,0.0,0.1,0.0
67.608,0.0,0.0,-0.009,0.0,3.0,0.055,-0.003,-0.032,-0.29,0.0,0.06,-0.068,-0.003,0.01,0.0,0.0,0.1,0.0
67.654,0.0,0.0,0.016,0.0,3.0,0.049,-0.003,-0.028,0.081,0.0,0.053,-0.067,-0.003,0.024,0.0,0.0,0.1,0.0
67.735,0.0,0.0,0.007,0.0,3.0,0.04,-0.003,-0.033,-0.087,0.0,0.046,-0.065,-0.002,0.022,0.0,0.0,0.1,0.0
67.777,0.0,0.0,0.011,0.0,3.0,0.028,-0.002,-0.021,0.244,0.0,0.038,-0.065,-0.002,0.025,0.0,0.0,0.1,0.0
67.862,0.0,0.0,0.012,0.0,3.0,0.023,-0.003,-0.029,-0.165,0.0,0.029,-0.064,-0.0,0.029,0.0,0.0,0.1,0.0
67.958,0.0,0.0,0.011,0.0,3.0,0.015,-0.002,-0.018,0.221,0.0,0.021,-0.062,0.001,0.031,0.0,0.0,0.1,0.0
67.98,0.0,0.0,0.01,0.0,3.0,0.016,-0.003,-0.033,-0.303,0.0,0.014,-0.059,0.003,0.031,0.0,0.0,0.1,0.0
68.058,0.0,0.0,0.008,0.0,3.0,0.011,-0.002,-0.022,0.211,0.0,0.011,-0.057,0.004,0.027,0.0,0.0,0.1,0.0
68.151,0.0,0.0,0.007,0.0,3.0,0.007,-0.004,-0.038,-0.32,0.0,0.007,-0.053,0.005,0.024,0.0,0.0,0.1,0.0
68.187,0.0,0.0,0.006,0.0,3.0,0.001,-0.003,-0.03,0.171,0.0,0.003,-0.053,0.005,0.019,0.0,0.0,0.1,0.0
68.213,0.0,0.0,0.015,0.0,3.0,0.001,-0.003,-0.03,0.0,0.0,-0.002,-0.05,0.006,0.028,0.0,0.0,0.1,0.0
68.29,0.0,0.0,0.006,0.0,3.0,0.009,-0.003,-0.026,0.075,0.0,-0.004,-0.048,0.006,0.023,0.0,0.0,0.1,0.0
68.305,0.0,0.0,0.008,0.0,3.0,0.015,-0.004,-0.042,-0.325,0.0,-0.001,-0.041,0.008,0.023,0.0,0.0,0.1,0.0
68.383,0.0,0.0,-0.006,0.0,3.0,0.021,-0.002,-0.023,0.378,0.0,0.003,-0.039,0.007,0.002,0.0,0.0,0.1,0.0
68.472,0.0,0.0,0.011,0.0,3.0,0.028,-0.003,-0.028,-0.083,0.0,0.009,-0.031,0.007,0.012,0.0,0.0,0.1,0.0
68.489,0.0,0.0,-0.013,0.0,3.0,0.028,-0.003,-0.028,0.0,0.0,0.016,-0.027,0.006,-0.015,0.0,0.0,0.1,0.0
68.59,0.0,0.0,0.008,0.0,3.0,0.038,-0.004,-0.037,-0.192,0.0,0.019,-0.023,0.003,-0.005,0.0,0.0,0.1,0.0
68.606,0.0,0.0,-0.002,0.0,3.0,0.039,-0.003,-0.03,0.14,0.0,0.027,-0.021,0.001,-0.01,0.0,0.0,0.1,0.0
68.648,0.0,0.0,0.002,0.0,3.0,0.042,-0.002,-0.022,0.173,0.0,0.031,-0.019,-0.001,-0.008,0.0,0.0,0.1,0.0
68.698,0.0,0.0,0.002,0.0,3.0,0.045,-0.004,-0.036,-0.292,0.0,0.034,-0.017,-0.002,-0.006,0.0,0.0,0.1,0.0
68.818,0.0,0.0,-0.002,0.0,3.0,0.048,-0.003,-0.032,0.081,0.0,0.038,-0.018,-0.004,-0.009,0.0,0.0,0.1,0.0
68.917,0.0,0.0,0.007,0.0,3.0,0.057,-0.004,-0.041,-0.185,0.0,0.041,-0.018,-0.006,0.002,0.0,0.0,0.1,0.0
68.932,0.0,0.0,-0.004,0.0,3.0,0.064,-0.005,-0.05,-0.175,0.0,0.047,-0.019,-0.007,-0.004,0.0,0.0,0.1,0.0
68.99,0.0,0.0,0.002,0.0,3.0,0.068,-0.005,-0.052,-0.027,0.0,0.053,-0.02,-0.009,0.001,0.0,0.0,0.1,0.0
69.007,0.0,0.0,-0.001,0.0,3.0,0.068,-0.005,-0.052,0.0,0.0,0.058,-0.023,-0.01,-0.0,0.0,0.0,0.1,0.0
69.066,0.0,0.0,0.004,0.0,3.0,0.075,-0.005,-0.048,0.065,0.0,0.061,-0.027,-0.012,0.007,0.0,0.0,0.1,0.0
69.169,0.0,0.0,0.004,0.0,3.0,0.082,-0.004,-0.041,0.146,0.0,0.065,-0.028,-0.012,0.012,0.0,0.0,0.1,0.0
69.216,0.0,0.0,-0.004,0.0,3.0,0.083,-0.005,-0.047,-0.112,0.0,0.071,-0.028,-0.012,0.006,0.0,0.0,0.1,0.0
69.229,0.0,0.0,-0.003,0.0,3.0,0.083,-0.005,-0.047,0.0,0.0,0.074,-0.03,-0.013,0.001,0.0,0.0,0.1,0.0
69.316,0.0,0.0,0.005,0.0,3.0,0.093,-0.002,-0.024,0.452,0.0,0.076,-0.033,-0.014,0.008,0.0,0.0,0.1,0.0
69.398,0.0,0.0,0.001,0.0,3.0,0.099,-0.003,-0.035,-0.22,0.0,0.082,-0.028,-0.013,0.011,0.0,0.0,0.1,0.0
69.431,0.0,0.0,-0.016,0.0,3.0,0.102,-0.004,-0.044,-0.171,0.0,0.087,-0.029,-0.013,-0.013,0.0,0.0,0.1,0.0
69.502,0.0,0.0,0.005,0.0,3.0,0.108,-0.005,-0.048,-0.081,0.0,0.092,-0.029,-0.015,-0.001,0.0,0.0,0.1,0.0
69.522,0.0,0.0,-0.005,0.0,3.0,0.11,-0.005,-0.045,0.048,0.0,0.097,-0.03,-0.016,-0.006,0.0,0.0,0.1,0.0
69.617,0.0,0.0,0.002,0.0,3.0,0.122,-0.003,-0.031,0.276,0.0,0.101,-0.032,-0.017,0.0,0.0,0.0,0.1,0.0
69.664,0.0,0.0,-0.002,0.0,3.0,0.124,-0.003,-0.03,0.033,0.0,0.108,-0.029,-0.017,0.001,0.0,0.0,0.1,0.0
69.68,0.0,0.0,-0.015,0.0,3.0,0.127,-0.006,-0.057,-0.538,0.0,0.114,-0.029,-0.018,-0.017,0.0,0.0,0.1,0.0
69.771,0.0,0.0,0.002,0.0,3.0,0.137,-0.003,-0.035,0.442,0.0,0.118,-0.032,-0.021,-0.008,0.0,0.0,0.1,0.0
69.891,0.0,0.0,0.002,0.0,3.0,0.139,-0.003,-0.029,0.101,0.0,0.124,-0.03,-0.021,0.001,0.0,0.0,0.1,0.0
69.934,0.0,0.0,-0.017,0.0,3.0,0.141,-0.002,-0.021,0.161,0.0,0.129,-0.031,-0.022,-0.018,0.0,0.0,0.1,0.0
70.006,0.0,0.0,0.003,0.0,3.0,0.147,-0.003,-0.032,-0.22,0.0,0.132,-0.029,-0.022,-0.005,0.0,0.0,0.1,0.0
70.023,0.0,0.0,-0.014,0.0,3.0,0.147,-0.003,-0.032,0.0,0.0,0.137,-0.03,-0.023,-0.019,0.0,0.0,0.1,0.0
70.086,0.0,0.0,0.001,0.0,3.0,0.151,-0.005,-0.049,-0.326,0.0,0.139,-0.031,-0.025,-0.008,0.0,0.0,0.1,0.0
70.1,0.0,0.0,-0.007,0.0,3.0,0.153,-0.005,-0.047,0.026,0.0,0.142,-0.035,-0.026,-0.011,0.0,0.0,0.1,0.0
70.203,0.0,0.0,0.004,0.0,3.0,0.157,-0.003,-0.032,0.299,0.0,0.144,-0.038,-0.027,0.002,0.0,0.0,0.1,0.0
70.234,0.0,0.0,-0.005,0.0,3.0,0.157,-0.003,-0.025,0.14,0.0,0.147,-0.038,-0.027,0.001,0.0,0.0,0.1,0.0
70.331,0.0,0.0,-0.008,0.0,3.0,0.161,-0.004,-0.04,-0.292,0.0,0.149,-0.039,-0.026,-0.005,0.0,0.0,0.1,0.0
70.439,0.0,0.0,-0.005,0.0,3.0,0.161,-0.002,-0.023,0.335,0.0,0.152,-0.04,-0.027,-0.005,0.0,0.0,0.1,0.0
70.462,0.0,0.0,-0.003,0.0,3.0,0.162,-0.004,-0.038,-0.285,0.0,0.153,-0.04,-0.027,-0.002,0.0,0.0,0.1,0.0
70.556,0.0,0.0,-0.009,0.0,3.0,0.162,-0.004,-0.035,0.044,0.0,0.154,-0.042,-0.027,-0.009,0.0,0.0,0.1,0.0
70.58,0.0,0.0,0.003,0.0,3.0,0.158,-0.003,-0.026,0.179,0.0,0.155,-0.043,-0.028,0.002,0.0,0.0,0.1,0.0
70.611,0.0,0.0,-0.007,0.0,3.0,0.154,-0.003,-0.03,-0.072,0.0,0.153,-0.046,-0.028,-0.003,0.0,0.0,0.1,0.0
70.689,0.0,0.0,0.003,0.0,3.0,0.142,-0.004,-0.038,-0.162,0.0,0.15,-0.048,-0.027,0.005,0.0,0.0,0.1,0.0
70.728,0.0,0.0,-0.002,0.0,3.0,0.142,-0.002,-0.021,0.348,0.0,0.142,-0.055,-0.028,0.004,0.0,0.0,0.1,0.0
70.838,0.0,0.0,0.016,0.0,3.0,0.133,-0.003,-0.027,-0.124,0.0,0.138,-0.053,-0.026,0.03,0.0,0.0,0.1,0.0
70.854,0.0,0.0,-0.018,0.0,3.0,0.131,-0.002,-0.019,0.159,0.0,0.131,-0.058,-0.024,0.001,0.0,0.0,0.1,0.0
70.937,0.0,0.0,0.021,0.0,3.0,0.122,-0.003,-0.027,-0.158,0.0,0.127,-0.055,-0.022,0.033,0.0,0.0,0.1,0.0
70.96,0.0,0.0,-0.02,0.0,3.0,0.122,-0.003,-0.027,0.0,0.0,0.12,-0.06,-0.021,-0.001,0.0,0.0,0.1,0.0
71.05,0.0,0.0,0.024,0.0,3.0,0.1,-0.003,-0.026,0.01,0.0,0.116,-0.056,-0.019,0.034,0.0,0.0,0.1,0.0
71.115,0.0,0.0,-0.019,0.0,3.0,0.091,-0.004,-0.035,-0.183,0.0,0.104,-0.065,-0.019,-0.002,0.0,0.0,0.1,0.0
71.15,0.0,0.0,0.038,0.0,3.0,0.086,-0.002,-0.024,0.229,0.0,0.093,-0.065,-0.018,0.051,0.0,0.0,0.1,0.0
71.243,0.0,0.0,-0.011,0.0,3.0,0.073,-0.002,-0.021,0.053,0.0,0.085,-0.068,-0.015,0.024,0.0,0.0,0.1,0.0
71.268,0.0,0.0,0.018,0.0,3.0,0.07,-0.002,-0.017,0.081,0.0,0.074,-0.067,-0.012,0.041,0.0,0.0,0.1,0.0
71.386,0.0,0.0,0.001,0.0,3.0,0.052,-0.002,-0.024,-0.144,0.0,0.067,-0.065,-0.009,0.03,0.0,0.0,0.1,0.0
71.503,0.0,0.0,0.005,0.0,3.0,0.04,-0.003,-0.03,-0.118,0.0,0.055,-0.068,-0.007,0.026,0.0,0.0,0.1,0.0
71.523,0.0,0.0,0.019,0.0,3.0,0.039,-0.003,-0.032,-0.039,0.0,0.043,-0.069,-0.006,0.041,0.0,0.0,0.1,0.0
71.613,0.0,0.0,0.011,0.0,3.0,0.042,-0.005,-0.052,-0.394,0.0,0.036,-0.068,-0.003,0.042,0.0,0.0,0.1,0.0
71.705,0.0,0.0,0.005,0.0,3.0,0.044,-0.003,-0.033,0.371,0.0,0.033,-0.067,-0.002,0.034,0.0,0.0,0.1,0.0
71.725,0.0,0.0,0.01,0.0,3.0,0.045,-0.002,-0.021,0.245,0.0,0.033,-0.061,0.001,0.035,0.0,0.0,0.1,0.0
71.794,0.0,0.0,-0.007,0.0,3.0,0.045,-0.004,-0.038,-0.333,0.0,0.034,-0.055,0.002,0.012,0.0,0.0,0.1,0.0
71.813,0.0,0.0,0.004,0.0,3.0,0.043,-0.003,-0.026,0.235,0.0,0.035,-0.051,0.002,0.009,0.0,0.0,0.1,0.0
71.883,0.0,0.0,0.005,0.0,3.0,0.055,-0.005,-0.046,-0.406,0.0,0.035,-0.047,0.001,0.008,0.0,0.0,0.1,0.0
71.912,0.0,0.0,0.002,0.0,3.0,0.053,-0.005,-0.047,-0.002,0.0,0.041,-0.043,0.0,0.003,0.0,0.0,0.1,0.0
71.971,0.0,0.0,0.001,0.0,3.0,0.068,-0.003,-0.034,0.26,0.0,0.043,-0.042,-0.001,-0.002,0.0,0.0,0.1,0.0
72.056,0.0,0.0,0.009,0.0,3.0,0.074,-0.003,-0.031,0.047,0.0,0.052,-0.034,-0.002,0.009,0.0,0.0,0.1,0.0
72.075,0.0,0.0,-0.019,0.0,3.0,0.074,-0.003,-0.031,0.0,0.0,0.06,-0.031,-0.003,-0.022,0.0,0.0,0.1,0.0
72.147,0.0,0.0,0.007,0.0,3.0,0.085,-0.004,-0.036,-0.099,0.0,0.064,-0.028,-0.005,-0.009,0.0,0.0,0.1,0.0
72.17,0.0,0.0,-0.005,0.0,3.0,0.085,-0.004,-0.036,0.0,0.0,0.072,-0.025,-0.007,-0.015,0.0,0.0,0.1,0.0
72.262,0.0,0.0,-0.002,0.0,3.0,0.103,-0.005,-0.045,-0.182,0.0,0.076,-0.025,-0.01,-0.015,0.0,0.0,0.1,0.0
72.345,0.0,0.0,0.003,0.0,3.0,0.121,-0.002,-0.021,0.494,0.0,0.087,-0.022,-0.011,-0.006,0.0,0.0,0.1,0.0
72.38,0.0,0.0,-0.015,0.0,3.0,0.121,-0.002,-0.017,0.067,0.0,0.101,-0.014,-0.012,-0.022,0.0,0.0,0.1,0.0
72.479,0.0,0.0,-0.019,0.0,3.0,0.128,-0.004,-0.035,-0.358,0.0,0.109,-0.013,-0.015,-0.042,0.0,0.0,0.1,0.0
72.567,0.0,0.0,0.002,0.0,3.0,0.137,-0.004,-0.036,-0.011,0.0,0.117,-0.013,-0.018,-0.027,0.0,0.0,0.1,0.0
72.6,0.0,0.0,-0.009,0.0,3.0,0.139,-0.003,-0.026,0.195,0.0,0.125,-0.013,-0.021,-0.028,0.0,0.0,0.1,0.0
72.616,0.0,0.0,-0.005,0.0,3.0,0.139,-0.003,-0.026,0.0,0.0,0.131,-0.014,-0.023,-0.022,0.0,0.0,0.1,0.0
72.697,0.0,0.0,-0.007,0.0,3.0,0.148,-0.004,-0.04,-0.277,0.0,0.133,-0.017,-0.025,-0.021,0.0,0.0,0.1,0.0
72.811,0.0,0.0,-0.001,0.0,3.0,0.149,-0.003,-0.03,0.187,0.0,0.139,-0.02,-0.027,-0.01,0.0,0.0,0.1,0.0
72.902,0.0,0.0,-0.008,0.0,3.0,0.148,-0.003,-0.034,-0.081,0.0,0.142,-0.023,-0.027,-0.013,0.0,0.0,0.1,0.0
72.945,0.0,0.0,-0.002,0.0,3.0,0.15,-0.002,-0.024,0.207,0.0,0.143,-0.027,-0.028,-0.006,0.0,0.0,0.1,0.0
72.978,0.0,0.0,-0.002,0.0,3.0,0.145,-0.002,-0.021,0.058,0.0,0.144,-0.029,-0.028,-0.0,0.0,0.0,0.1,0.0
73.077,0.0,0.0,-0.008,0.0,3.0,0.135,-0.002,-0.019,0.044,0.0,0.142,-0.033,-0.028,-0.006,0.0,0.0,0.1,0.0
73.185,0.0,0.0,0.003,0.0,3.0,0.125,-0.003,-0.028,-0.185,0.0,0.136,-0.037,-0.028,0.005,0.0,0.0,0.1,0.0
73.257,0.0,0.0,0.001,0.0,3.0,0.115,-0.004,-0.04,-0.229,0.0,0.128,-0.044,-0.027,0.01,0.0,0.0,0.1,0.0
73.34,0.0,0.0,0.011,0.0,3.0,0.109,-0.003,-0.027,0.263,0.0,0.118,-0.051,-0.027,0.026,0.0,0.0,0.1,0.0
73.362,0.0,0.0,0.009,0.0,3.0,0.103,-0.002,-0.019,0.15,0.0,0.11,-0.055,-0.024,0.037,0.0,0.0,0.1,0.0
73.458,0.0,0.0,-0.001,0.0,3.0,0.086,-0.004,-0.036,-0.344,0.0,0.102,-0.057,-0.02,0.03,0.0,0.0,0.1,0.0
73.493,0.0,0.0,0.004,0.0,3.0,0.086,-0.004,-0.035,0.015,0.0,0.09,-0.064,-0.019,0.028,0.0,0.0,0.1,0.0
73.528,0.0,0.0,0.02,0.0,3.0,0.088,-0.003,-0.034,0.022,0.0,0.083,-0.064,-0.016,0.05,0.0,0.0,0.1,0.0
73.603,0.0,0.0,-0.007,0.0,3.0,0.08,-0.003,-0.033,0.037,0.0,0.081,-0.063,-0.013,0.028,0.0,0.0,0.1,0.0
73.705,0.0,0.0,0.006,0.0,3.0,0.072,-0.003,-0.033,-0.008,0.0,0.076,-0.063,-0.011,0.029,0.0,0.0,0.1,0.0
73.75,0.0,0.0,0.003,0.0,3.0,0.071,-0.002,-0.023,0.205,0.0,0.069,-0.063,-0.01,0.023,0.0,0.0,0.1,0.0
73.778,0.0,0.0,0.011,0.0,3.0,0.069,-0.003,-0.03,-0.148,0.0,0.065,-0.059,-0.008,0.031,0.0,0.0,0.1,0.0
73.847,0.0,0.0,-0.006,0.0,3.0,0.07,-0.003,-0.029,0.021,0.0,0.062,-0.059,-0.006,0.012,0.0,0.0,0.1,0.0
73.936,0.0,0.0,0.012,0.0,3.0,0.068,-0.003,-0.032,-0.053,0.0,0.061,-0.054,-0.005,0.023,0.0,0.0,0.1,0.0
73.97,0.0,0.0,-0.007,0.0,3.0,0.066,-0.003,-0.032,-0.006,0.0,0.06,-0.053,-0.005,0.004,0.0,0.0,0.1,0.0
74.031,0.0,0.0,0.012,0.0,3.0,0.059,-0.003,-0.029,0.066,0.0,0.059,-0.05,-0.005,0.016,0.0,0.0,0.1,0.0
74.099,0.0,0.0,-0.002,0.0,3.0,0.059,-0.003,-0.029,-0.006,0.0,0.055,-0.05,-0.005,0.005,0.0,0.0,0.1,0.0
74.13,0.0,0.0,0.015,0.0,3.0,0.054,-0.003,-0.028,0.028,0.0,0.053,-0.047,-0.005,0.021,0.0,0.0,0.1,0.0
74.196,0.0,0.0,-0.005,0.0,3.0,0.052,-0.005,-0.047,-0.393,0.0,0.05,-0.048,-0.005,0.006,0.0,0.0,0.1,0.0
74.229,0.0,0.0,0.014,0.0,3.0,0.05,-0.004,-0.037,0.216,0.0,0.047,-0.049,-0.006,0.02,0.0,0.0,0.1,0.0
74.263,0.0,0.0,0.006,0.0,3.0,0.048,-0.004,-0.043,-0.139,0.0,0.045,-0.049,-0.005,0.021,0.0,0.0,0.1,0.0
74.342,0.0,0.0,0.005,0.0,3.0,0.047,-0.004,-0.039,0.098,0.0,0.042,-0.05,-0.005,0.02,0.0,0.0,0.1,0.0
74.374,0.0,0.0,0.01,0.0,3.0,0.047,-0.002,-0.021,0.343,0.0,0.041,-0.049,-0.004,0.025,0.0,0.0,0.1,0.0
74.455,0.0,0.0,0.002,0.0,3.0,0.048,-0.004,-0.038,-0.329,0.0,0.04,-0.045,-0.003,0.019,0.0,0.0,0.1,0.0
74.482,0.0,0.0,-0.001,0.0,3.0,0.049,-0.003,-0.026,0.242,0.0,0.04,-0.045,-0.003,0.01,0.0,0.0,0.1,0.0
74.567,0.0,0.0,0.008,0.0,3.0,0.053,-0.002,-0.022,0.068,0.0,0.041,-0.041,-0.002,0.016,0.0,0.0,0.1,0.0
74.661,0.0,0.0,-0.006,0.0,3.0,0.055,-0.003,-0.028,-0.123,0.0,0.044,-0.037,-0.002,0.001,0.0,0.0,0.1,0.0
74.685,0.0,0.0,0.002,0.0,3.0,0.06,-0.005,-0.047,-0.379,0.0,0.046,-0.034,-0.003,0.001,0.0,0.0,0.1,0.0
74.701,0.0,0.0,-0.0,0.0,3.0,0.06,-0.005,-0.047,0.0,0.0,0.05,-0.034,-0.005,-0.003,0.0,0.0,0.1,0.0
74.802,0.0,0.0,0.007,0.0,3.0,0.069,-0.004,-0.045,0.053,0.0,0.052,-0.035,-0.006,0.005,0.0,0.0,0.1,0.0
74.832,0.0,0.0,0.004,0.0,3.0,0.069,-0.005,-0.049,-0.079,0.0,0.057,-0.033,-0.007,0.008,0.0,0.0,0.1,0.0
74.876,0.0,0.0,-0.004,0.0,3.0,0.074,-0.006,-0.057,-0.165,0.0,0.06,-0.035,-0.008,-0.001,0.0,0.0,0.1,0.0
74.966,0.0,0.0,0.01,0.0,3.0,0.082,-0.004,-0.036,0.416,0.0,0.064,-0.036,-0.01,0.012,0.0,0.0,0.1,0.0
74.989,0.0,0.0,-0.002,0.0,3.0,0.083,-0.004,-0.036,-0.003,0.0,0.07,-0.033,-0.009,0.007,0.0,0.0,0.1,0.0
75.008,0.0,0.0,-0.006,0.0,3.0,0.083,-0.004,-0.036,0.0,0.0,0.073,-0.033,-0.01,-0.004,0.0,0.0,0.1,0.0
75.093,0.0,0.0,0.004,0.0,3.0,0.083,-0.004,-0.042,-0.113,0.0,0.075,-0.033,-0.011,0.002,0.0,0.0,0.1,0.0
75.117,0.0,0.0,-0.001,0.0,3.0,0.083,-0.004,-0.042,0.0,0.0,0.076,-0.035,-0.012,0.0,0.0,0.0,0.1,0.0
75.229,0.0,0.0,0.007,0.0,3.0,0.083,-0.005,-0.053,-0.216,0.0,0.077,-0.037,-0.013,0.01,0.0,0.0,0.1,0.0
75.284,0.0,0.0,0.001,0.0,3.0,0.081,-0.004,-0.039,0.274,0.0,0.077,-0.041,-0.014,0.008,0.0,0.0,0.1,0.0
75.377,0.0,0.0,0.01,0.0,3.0,0.083,-0.004,-0.043,-0.078,0.0,0.076,-0.042,-0.013,0.02,0.0,0.0,0.1,0.0
75.468,0.0,0.0,-0.002,0.0,3.0,0.088,-0.004,-0.036,0.137,0.0,0.076,-0.043,-0.013,0.013,0.0,0.0,0.1,0.0
75.541,0.0,0.0,0.006,0.0,3.0,0.088,-0.002,-0.023,0.267,0.0,0.078,-0.041,-0.012,0.019,0.0,0.0,0.1,0.0
75.575,0.0,0.0,-0.009,0.0,3.0,0.091,-0.003,-0.026,-0.071,0.0,0.08,-0.04,-0.011,0.003,0.0,0.0,0.1,0.0
75.646,0.0,0.0,0.002,0.0,3.0,0.09,-0.003,-0.028,-0.033,0.0,0.082,-0.037,-0.011,0.005,0.0,0.0,0.1,0.0
75.657,0.0,0.0,-0.006,0.0,3.0,0.09,-0.003,-0.028,0.0,0.0,0.083,-0.037,-0.012,-0.004,0.0,0.0,0.1,0.0
75.745,0.0,0.0,0.004,0.0,3.0,0.094,-0.003,-0.03,-0.041,0.0,0.084,-0.036,-0.012,0.003,0.0,0.0,0.1,0.0
75.763,0.0,0.0,-0.003,0.0,3.0,0.095,-0.003,-0.032,-0.045,0.0,0.086,-0.035,-0.013,-0.001,0.0,0.0,0.1,0.0
75.86,0.0,0.0,-0.0,0.0,3.0,0.097,-0.003,-0.03,0.038,0.0,0.088,-0.035,-0.013,-0.001,0.0,0.0,0.1,0.0
75.879,0.0,0.0,-0.0,0.0,3.0,0.095,-0.004,-0.035,-0.092,0.0,0.089,-0.034,-0.014,0.0,0.0,0.0,0.1,0.0
75.938,0.0,0.0,-0.002,0.0,3.0,0.095,-0.004,-0.044,-0.181,0.0,0.089,-0.036,-0.015,-0.001,0.0,0.0,0.1,0.0
75.962,0.0,0.0,0.006,0.0,3.0,0.089,-0.005,-0.045,-0.021,0.0,0.089,-0.039,-0.016,0.008,0.0,0.0,0.1,0.0
76.043,0.0,0.0,0.002,0.0,3.0,0.087,-0.003,-0.034,0.215,0.0,0.085,-0.044,-0.016,0.01,0.0,0.0,0.1,0.0
76.073,0.0,0.0,0.011,0.0,3.0,0.085,-0.004,-0.035,-0.019,0.0,0.083,-0.044,-0.015,0.025,0.0,0.0,0.1,0.0
76.145,0.0,0.0,-0.004,0.0,3.0,0.088,-0.005,-0.047,-0.24,0.0,0.081,-0.047,-0.014,0.013,0.0,0.0,0.1,0.0
76.155,0.0,0.0,0.009,0.0,3.0,0.086,-0.006,-0.056,-0.182,0.0,0.08,-0.048,-0.014,0.023,0.0,0.0,0.1,0.0
76.259,0.0,0.0,-0.001,0.0,3.0,0.091,-0.004,-0.041,0.31,0.0,0.079,-0.052,-0.014,0.015,0.0,0.0,0.1,0.0
76.296,0.0,0.0,0.013,0.0,3.0,0.09,-0.003,-0.033,0.16,0.0,0.081,-0.049,-0.013,0.03,0.0,0.0,0.1,0.0
76.335,0.0,0.0,-0.013,0.0,3.0,0.093,-0.003,-0.032,0.018,0.0,0.081,-0.049,-0.012,0.004,0.0,0.0,0.1,0.0
76.428,0.0,0.0,0.01,0.0,3.0,0.095,-0.003,-0.03,0.04,0.0,0.083,-0.045,-0.011,0.016,0.0,0.0,0.1,0.0
76.547,0.0,0.0,-0.011,0.0,3.0,0.097,-0.003,-0.027,0.069,0.0,0.085,-0.044,-0.011,-0.004,0.0,0.0,0.1,0.0
76.594,0.0,0.0,0.006,0.0,3.0,0.1,-0.004,-0.036,-0.18,0.0,0.087,-0.04,-0.011,0.005,0.0,0.0,0.1,0.0
76.616,0.0,0.0,-0.009,0.0,3.0,0.099,-0.003,-0.034,0.026,0.0,0.09,-0.04,-0.012,-0.009,0.0,0.0,0.1,0.0
76.707,0.0,0.0,0.006,0.0,3.0,0.103,-0.002,-0.022,0.238,0.0,0.091,-0.039,-0.013,0.002,0.0,0.0,0.1,0.0
76.718,0.0,0.0,-0.003,0.0,3.0,0.104,-0.003,-0.028,-0.119,0.0,0.094,-0.036,-0.013,-0.001,0.0,0.0,0.1,0.0
76.825,0.0,0.0,-0.005,0.0,3.0,0.104,-0.004,-0.043,-0.298,0.0,0.096,-0.036,-0.014,-0.007,0.0,0.0,0.1,0.0
76.845,0.0,0.0,0.002,0.0,3.0,0.104,-0.004,-0.043,0.0,0.0,0.097,-0.038,-0.015,-0.003,0.0,0.0,0.1,0.0
76.855,0.0,0.0,0.004,0.0,3.0,0.104,-0.004,-0.043,0.0,0.0,0.097,-0.04,-0.016,0.005,0.0,0.0,0.1,0.0
76.916,0.0,0.0,0.002,0.0,3.0,0.106,-0.003,-0.033,0.193,0.0,0.097,-0.042,-0.017,0.007,0.0,0.0,0.1,0.0
76.986,0.0,0.0,0.003,0.0,3.0,0.106,-0.003,-0.027,0.131,0.0,0.098,-0.041,-0.016,0.012,0.0,0.0,0.1,0.0
76.996,0.0,0.0,-0.005,0.0,3.0,0.107,-0.003,-0.028,-0.021,0.0,0.099,-0.041,-0.016,0.004,0.0,0.0,0.1,0.0
77.075,0.0,0.0,0.0,0.0,3.0,0.108,-0.003,-0.032,-0.085,0.0,0.1,-0.04,-0.016,0.005,0.0,0.0,0.1,0.0
77.119,0.0,0.0,-0.004,0.0,3.0,0.106,-0.003,-0.028,0.083,0.0,0.1,-0.04,-0.016,-0.0,0.0,0.0,0.1,0.0
77.245,0.0,0.0,0.002,0.0,3.0,0.104,-0.002,-0.023,0.101,0.0,0.1,-0.04,-0.016,0.004,0.0,0.0,0.1,0.0
77.273,0.0,0.0,-0.001,0.0,3.0,0.104,-0.003,-0.03,-0.145,0.0,0.098,-0.04,-0.016,0.003,0.0,0.0,0.1,0.0
77.344,0.0,0.0,0.0,0.0,3.0,0.1,-0.001,-0.014,0.321,0.0,0.098,-0.041,-0.016,0.004,0.0,0.0,0.1,0.0
77.355,0.0,0.0,0.0,0.0,3.0,0.096,-0.004,-0.036,-0.442,0.0,0.096,-0.039,-0.015,0.005,0.0,0.0,0.1,0.0
77.399,0.0,0.0,-0.002,0.0,3.0,0.096,-0.004,-0.044,-0.149,0.0,0.093,-0.043,-0.016,0.001,0.0,0.0,0.1,0.0
77.455,0.0,0.0,0.012,0.0,3.0,0.092,-0.003,-0.026,0.36,0.0,0.091,-0.045,-0.016,0.019,0.0,0.0,0.1,0.0
77.562,0.0,0.0,-0.001,0.0,3.0,0.086,-0.004,-0.043,-0.336,0.0,0.088,-0.046,-0.015,0.013,0.0,0.0,0.1,0.0
77.598,0.0,0.0,0.004,0.0,3.0,0.087,-0.005,-0.05,-0.148,0.0,0.083,-0.05,-0.015,0.015,0.0,0.0,0.1,0.0
77.633,0.0,0.0,0.011,0.0,3.0,0.087,-0.005,-0.055,-0.093,0.0,0.081,-0.052,-0.015,0.027,0.0,0.0,0.1,0.0
77.677,0.0,0.0,0.001,0.0,3.0,0.089,-0.004,-0.043,0.24,0.0,0.08,-0.055,-0.014,0.022,0.0,0.0,0.1,0.0
77.775,0.0,0.0,0.009,0.0,3.0,0.088,-0.003,-0.025,0.346,0.0,0.08,-0.053,-0.013,0.029,0.0,0.0,0.1,0.0
77.873,0.0,0.0,-0.006,0.0,3.0,0.069,-0.003,-0.03,-0.087,0.0,0.08,-0.051,-0.011,0.014,0.0,0.0,0.1,0.0
77.972,0.0,0.0,0.001,0.0,3.0,0.074,-0.003,-0.031,-0.023,0.0,0.07,-0.055,-0.011,0.009,0.0,0.0,0.1,0.0
78.037,0.0,0.0,0.021,0.0,3.0,0.077,-0.002,-0.024,0.143,0.0,0.068,-0.052,-0.01,0.035,0.0,0.0,0.1,0.0
78.058,0.0,0.0,-0.013,0.0,3.0,0.077,-0.002,-0.024,0.0,0.0,0.068,-0.05,-0.008,0.007,0.0,0.0,0.1,0.0
78.148,0.0,0.0,0.008,0.0,3.0,0.071,-0.004,-0.037,-0.261,0.0,0.068,-0.046,-0.007,0.014,0.0,0.0,0.1,0.0
78.176,0.0,0.0,-0.007,0.0,3.0,0.067,-0.002,-0.016,0.406,0.0,0.066,-0.048,-0.008,-0.003,0.0,0.0,0.1,0.0
78.243,0.0,0.0,0.019,0.0,3.0,0.048,-0.002,-0.02,-0.064,0.0,0.063,-0.044,-0.007,0.022,0.0,0.0,0.1,0.0
78.265,0.0,0.0,-0.012,0.0,3.0,0.042,-0.005,-0.046,-0.535,0.0,0.052,-0.05,-0.008,-0.003,0.0,0.0,0.1,0.0
78.341,0.0,0.0,0.033,0.0,3.0,0.042,-0.004,-0.038,0.164,0.0,0.044,-0.053,-0.008,0.04,0.0,0.0,0.1,0.0
78.358,0.0,0.0,0.002,0.0,3.0,0.041,-0.005,-0.052,-0.271,0.0,0.038,-0.055,-0.006,0.03,0.0,0.0,0.1,0.0
78.412,0.0,0.0,0.012,0.0,3.0,0.048,-0.004,-0.035,0.335,0.0,0.035,-0.056,-0.005,0.037,0.0,0.0,0.1,0.0
78.48,0.0,0.0,0.006,0.0,3.0,0.052,-0.003,-0.025,0.2,0.0,0.037,-0.051,-0.003,0.034,0.0,0.0,0.1,0.0
78.539,0.0,0.0,-0.007,0.0,3.0,0.033,-0.004,-0.043,-0.357,0.0,0.04,-0.046,-0.001,0.013,0.0,0.0,0.1,0.0
78.569,0.0,0.0,-0.0,0.0,3.0,0.033,-0.005,-0.055,-0.236,0.0,0.033,-0.051,-0.003,0.003,0.0,0.0,0.1,0.0
78.643,0.0,0.0,0.029,0.0,3.0,0.026,-0.003,-0.031,0.479,0.0,0.029,-0.052,-0.003,0.038,0.0,0.0,0.1,0.0
78.673,0.0,0.0,-0.001,0.0,3.0,0.016,-0.002,-0.017,0.278,0.0,0.023,-0.053,-0.002,0.024,0.0,0.0,0.1,0.0
78.752,0.0,0.0,0.015,0.0,3.0,0.027,-0.003,-0.03,-0.259,0.0,0.016,-0.051,0.0,0.035,0.0,0.0,0.1,0.0
78.785,0.0,0.0,0.001,0.0,3.0,0.021,-0.002,-0.016,0.284,0.0,0.017,-0.047,0.002,0.024,0.0,0.0,0.1,0.0
78.901,0.0,0.0,-0.0,0.0,3.0,0.01,0.002,0.021,0.726,0.0,0.015,-0.043,0.003,0.013,0.0,0.0,0.1,0.0
78.919,0.0,0.0,0.006,0.0,3.0,0.007,-0.002,-0.021,-0.841,0.0,0.01,-0.036,0.005,0.013,0.0,0.0,0.1,0.0
78.994,0.0,0.0,-0.004,0.0,3.0,-0.011,-0.002,-0.021,0.01,0.0,0.006,-0.037,0.004,-0.003,0.0,0.0,0.1,0.0
79.027,0.0,0.0,0.021,0.0,3.0,-0.028,-0.002,-0.019,0.031,0.0,-0.005,-0.039,0.003,0.02,0.0,0.0,0.1,0.0
79.116,0.0,0.0,0.015,0.0,3.0,-0.044,0.004,0.035,1.088,0.0,-0.019,-0.044,0.004,0.029,0.0,0.0,0.1,0.0
79.222,0.0,0.0,0.024,0.0,3.0,-0.064,-0.002,-0.016,-1.02,0.0,-0.034,-0.039,0.008,0.05,0.0,0.0,0.1,0.0
79.25,0.0,0.0,-0.007,0.0,3.0,-0.077,-0.003,-0.026,-0.196,0.0,-0.051,-0.048,0.009,0.019,0.0,0.0,0.1,0.0
79.266,0.0,0.0,0.05,0.0,3.0,-0.085,-0.004,-0.043,-0.346,0.0,-0.067,-0.048,0.011,0.075,0.0,0.0,0.1,0.0
79.38,0.0,0.0,-0.0,0.0,3.0,-0.107,-0.002,-0.022,0.414,0.0,-0.079,-0.055,0.014,0.047,0.0,0.0,0.1,0.0
79.405,0.0,0.0,0.04,0.0,3.0,-0.103,-0.004,-0.035,-0.263,0.0,-0.097,-0.057,0.017,0.081,0.0,0.0,0.1,0.0
79.415,0.0,0.0,0.01,0.0,3.0,-0.101,0.002,0.022,1.151,0.0,-0.104,-0.056,0.021,0.066,0.0,0.0,0.1,0.0
79.51,0.0,0.0,0.017,0.0,3.0,-0.111,-0.003,-0.03,-1.042,0.0,-0.106,-0.041,0.028,0.065,0.0,0.0,0.1,0.0
79.583,0.0,0.0,-0.021,0.0,3.0,-0.122,-0.004,-0.035,-0.102,0.0,-0.112,-0.043,0.028,0.006,0.0,0.0,0.1,0.0
79.627,0.0,0.0,0.049,0.0,3.0,-0.124,-0.003,-0.027,0.152,0.0,-0.12,-0.04,0.028,0.058,0.0,0.0,0.1,0.0
79.733,0.0,0.0,-0.0,0.0,3.0,-0.139,0.002,0.022,0.988,0.0,-0.125,-0.039,0.029,0.031,0.0,0.0,0.1,0.0
79.805,0.0,0.0,0.028,0.0,3.0,-0.154,-0.004,-0.038,-1.192,0.0,-0.134,-0.03,0.032,0.049,0.0,0.0,0.1,0.0
79.842,0.0,0.0,-0.004,0.0,3.0,-0.157,-0.004,-0.04,-0.044,0.0,-0.146,-0.037,0.031,0.015,0.0,0.0,0.1,0.0
79.862,0.0,0.0,0.058,0.0,3.0,-0.155,-0.004,-0.041,-0.026,0.0,-0.154,-0.034,0.031,0.078,0.0,0.0,0.1,0.0
79.935,0.0,0.0,-0.006,0.0,3.0,-0.174,-0.003,-0.027,0.277,0.0,-0.157,-0.035,0.033,0.037,0.0,0.0,0.1,0.0
80.017,0.0,0.0,0.035,0.0,3.0,-0.169,-0.006,-0.058,-0.607,0.0,-0.168,-0.034,0.034,0.061,0.0,0.0,0.1,0.0
80.046,0.0,0.0,0.015,0.0,3.0,-0.167,-0.004,-0.042,0.323,0.0,-0.171,-0.036,0.035,0.052,0.0,0.0,0.1,0.0
80.075,0.0,0.0,0.027,0.0,3.0,-0.168,-0.003,-0.034,0.156,0.0,-0.172,-0.031,0.037,0.063,0.0,0.0,0.1,0.0
80.172,0.0,0.0,0.005,0.0,3.0,-0.178,-0.004,-0.038,-0.082,0.0,-0.172,-0.028,0.038,0.039,0.0,0.0,0.1,0.0
80.207,0.0,0.0,0.022,0.0,3.0,-0.179,-0.005,-0.052,-0.282,0.0,-0.177,-0.028,0.038,0.044,0.0,0.0,0.1,0.0
80.218,0.0,0.0,0.022,0.0,3.0,-0.181,-0.002,-0.023,0.57,0.0,-0.18,-0.028,0.038,0.047,0.0,0.0,0.1,0.0
80.34,0.0,0.0,0.022,0.0,3.0,-0.195,-0.002,-0.024,-0.002,0.0,-0.183,-0.023,0.039,0.052,0.0,0.0,0.1,0.0
80.362,0.0,0.0,0.008,0.0,3.0,-0.189,-0.003,-0.034,-0.204,0.0,-0.19,-0.024,0.04,0.034,0.0,0.0,0.1,0.0
80.457,0.0,0.0,0.034,0.0,3.0,-0.198,-0.002,-0.018,0.305,0.0,-0.191,-0.019,0.04,0.058,0.0,0.0,0.1,0.0
80.476,0.0,0.0,0.001,0.0,3.0,-0.204,-0.005,-0.046,-0.551,0.0,-0.196,-0.018,0.041,0.03,0.0,0.0,0.1,0.0
80.553,0.0,0.0,0.031,0.0,3.0,-0.199,-0.003,-0.029,0.334,0.0,-0.201,-0.019,0.04,0.049,0.0,0.0,0.1,0.0
80.576,0.0,0.0,0.021,0.0,3.0,-0.197,-0.007,-0.072,-0.863,0.0,-0.202,-0.015,0.042,0.052,0.0,0.0,0.1,0.0
80.66,0.0,0.0,0.009,0.0,3.0,-0.197,-0.003,-0.032,0.802,0.0,-0.201,-0.019,0.04,0.036,0.0,0.0,0.1,0.0
80.723,0.0,0.0,0.036,0.0,3.0,-0.191,-0.003,-0.03,0.056,0.0,-0.2,-0.013,0.041,0.063,0.0,0.0,0.1,0.0
80.779,0.0,0.0,-0.004,0.0,3.0,-0.19,-0.003,-0.03,-0.0,0.0,-0.197,-0.01,0.042,0.028,0.0,0.0,0.1,0.0
80.857,0.0,0.0,0.023,0.0,3.0,-0.189,-0.004,-0.043,-0.259,0.0,-0.194,-0.005,0.042,0.037,0.0,0.0,0.1,0.0
80.893,0.0,0.0,0.006,0.0,3.0,-0.183,-0.003,-0.032,0.213,0.0,-0.192,-0.006,0.041,0.021,0.0,0.0,0.1,0.0
80.919,0.0,0.0,0.027,0.0,3.0,-0.184,-0.003,-0.035,-0.054,0.0,-0.188,-0.0,0.04,0.039,0.0,0.0,0.1,0.0
81.019,0.0,0.0,-0.001,0.0,3.0,-0.168,-0.007,-0.066,-0.63,0.0,-0.186,-0.001,0.039,0.014,0.0,0.0,0.1,0.0
81.05,0.0,0.0,0.029,0.0,3.0,-0.171,-0.001,-0.012,1.087,0.0,-0.178,0.001,0.037,0.038,0.0,0.0,0.1,0.0
81.072,0.0,0.0,0.001,0.0,3.0,-0.164,-0.004,-0.042,-0.603,0.0,-0.174,0.005,0.037,0.019,0.0,0.0,0.1,0.0
81.164,0.0,0.0,0.012,0.0,3.0,-0.157,-0.004,-0.038,0.082,0.0,-0.169,0.006,0.035,0.018,0.0,0.0,0.1,0.0
81.249,0.0,0.0,0.014,0.0,3.0,-0.146,-0.005,-0.051,-0.256,0.0,-0.163,0.007,0.034,0.022,0.0,0.0,0.1,0.0
81.271,0.0,0.0,0.007,0.0,3.0,-0.147,-0.004,-0.036,0.303,0.0,-0.155,0.008,0.032,0.017,0.0,0.0,0.1,0.0
81.362,0.0,0.0,0.011,0.0,3.0,-0.132,-0.005,-0.047,-0.234,0.0,-0.151,0.008,0.03,0.018,0.0,0.0,0.1,0.0
81.401,0.0,0.0,0.012,0.0,3.0,-0.12,-0.002,-0.024,0.468,0.0,-0.142,0.009,0.029,0.021,0.0,0.0,0.1,0.0
81.424,0.0,0.0,0.003,0.0,3.0,-0.121,-0.006,-0.06,-0.728,0.0,-0.131,0.015,0.029,0.013,0.0,0.0,0.1,0.0
81.524,0.0,0.0,-0.004,0.0,3.0,-0.1,-0.003,-0.03,0.601,0.0,-0.126,0.008,0.024,-0.006,0.0,0.0,0.1,0.0
81.59,0.0,0.0,0.034,0.0,3.0,-0.091,-0.003,-0.034,-0.072,0.0,-0.113,0.017,0.024,0.036,0.0,0.0,0.1,0.0
81.619,0.0,0.0,-0.033,0.0,3.0,-0.095,-0.002,-0.023,0.213,0.0,-0.102,0.015,0.022,-0.024,0.0,0.0,0.1,0.0
81.72,0.0,0.0,0.029,0.0,3.0,-0.095,-0.005,-0.045,-0.444,0.0,-0.097,0.017,0.02,0.015,0.0,0.0,0.1,0.0
81.809,0.0,0.0,-0.01,0.0,3.0,-0.082,-0.002,-0.018,0.55,0.0,-0.095,0.009,0.017,-0.01,0.0,0.0,0.1,0.0
81.829,0.0,0.0,0.035,0.0,3.0,-0.086,-0.003,-0.026,-0.163,0.0,-0.088,0.015,0.017,0.038,0.0,0.0,0.1,0.0
81.885,0.0,0.0,-0.03,0.0,3.0,-0.086,-0.003,-0.027,-0.019,0.0,-0.086,0.008,0.015,-0.019,0.0,0.0,0.1,0.0
81.952,0.0,0.0,0.041,0.0,3.0,-0.083,-0.003,-0.031,-0.076,0.0,-0.085,0.009,0.014,0.038,0.0,0.0,0.1,0.0
81.988,0.0,0.0,-0.017,0.0,3.0,-0.075,-0.003,-0.035,-0.078,0.0,-0.084,0.003,0.014,0.001,0.0,0.0,0.1,0.0
82.006,0.0,0.0,0.029,0.0,3.0,-0.082,-0.004,-0.037,-0.045,0.0,-0.079,0.005,0.014,0.038,0.0,0.0,0.1,0.0
82.08,0.0,0.0,-0.016,0.0,3.0,-0.072,-0.004,-0.035,0.032,0.0,-0.081,-0.004,0.013,0.002,0.0,0.0,0.1,0.0
82.169,0.0,0.0,0.037,0.0,3.0,-0.083,-0.005,-0.05,-0.291,0.0,-0.077,-0.001,0.013,0.049,0.0,0.0,0.1,0.0
82.21,0.0,0.0,-0.022,0.0,3.0,-0.08,-0.002,-0.019,0.616,0.0,-0.081,-0.012,0.012,0.001,0.0,0.0,0.1,0.0
82.225,0.0,0.0,0.051,0.0,3.0,-0.087,-0.004,-0.041,-0.439,0.0,-0.081,-0.007,0.014,0.067,0.0,0.0,0.1,0.0
82.303,0.0,0.0,-0.032,0.0,3.0,-0.092,-0.001,-0.009,0.644,0.0,-0.085,-0.017,0.014,0.0,0.0,0.0,0.1,0.0
82.372,0.0,0.0,0.054,0.0,3.0,-0.088,-0.003,-0.028,-0.387,0.0,-0.089,-0.012,0.016,0.07,0.0,0.0,0.1,0.0
82.462,0.0,0.0,-0.03,0.0,3.0,-0.088,-0.004,-0.035,-0.142,0.0,-0.09,-0.017,0.017,0.005,0.0,0.0,0.1,0.0
82.512,0.0,0.0,0.04,0.0,3.0,-0.093,-0.004,-0.041,-0.124,0.0,-0.09,-0.014,0.017,0.052,0.0,0.0,0.1,0.0
82.562,0.0,0.0,-0.014,0.0,3.0,-0.091,-0.004,-0.043,-0.028,0.0,-0.093,-0.02,0.017,0.013,0.0,0.0,0.1,0.0
82.611,0.0,0.0,0.038,0.0,3.0,-0.091,-0.003,-0.028,0.302,0.0,-0.093,-0.018,0.018,0.056,0.0,0.0,0.1,0.0
82.664,0.0,0.0,-0.01,0.0,3.0,-0.099,-0.003,-0.025,0.055,0.0,-0.094,-0.02,0.019,0.021,0.0,0.0,0.1,0.0
82.725,0.0,0.0,0.023,0.0,3.0,-0.095,-0.005,-0.053,-0.56,0.0,-0.098,-0.019,0.02,0.039,0.0,0.0,0.1,0.0
82.776,0.0,0.0,0.006,0.0,3.0,-0.087,-0.005,-0.048,0.1,0.0,-0.098,-0.023,0.019,0.029,0.0,0.0,0.1,0.0
82.828,0.0,0.0,0.023,0.0,3.0,-0.099,-0.002,-0.017,0.617,0.0,-0.095,-0.02,0.02,0.046,0.0,0.0,0.1,0.0
82.888,0.0,0.0,-0.004,0.0,3.0,-0.096,-0.002,-0.023,-0.119,0.0,-0.099,-0.021,0.021,0.02,0.0,0.0,0.1,0.0
82.904,0.0,0.0,0.023,0.0,3.0,-0.096,-0.002,-0.015,0.152,0.0,-0.099,-0.017,0.022,0.039,0.0,0.0,0.1,0.0
82.992,0.0,0.0,-0.003,0.0,3.0,-0.081,-0.003,-0.028,-0.253,0.0,-0.099,-0.015,0.022,0.017,0.0,0.0,0.1,0.0
83.011,0.0,0.0,0.015,0.0,3.0,-0.09,0.002,0.022,0.995,0.0,-0.092,-0.009,0.023,0.026,0.0,0.0,0.1,0.0
83.11,0.0,0.0,-0.011,0.0,3.0,-0.09,-0.005,-0.048,-1.393,0.0,-0.091,-0.003,0.024,-0.003,0.0,0.0,0.1,0.0
83.171,0.0,0.0,0.008,0.0,3.0,-0.087,-0.005,-0.053,-0.101,0.0,-0.091,-0.007,0.02,-0.001,0.0,0.0,0.1,0.0
83.27,0.0,0.0,0.027,0.0,3.0,-0.089,-0.003,-0.031,0.448,0.0,-0.09,-0.009,0.018,0.028,0.0,0.0,0.1,0.0
83.389,0.0,0.0,0.005,0.0,3.0,-0.086,-0.002,-0.017,0.266,0.0,-0.09,-0.011,0.018,0.022,0.0,0.0,0.1,0.0
83.405,0.0,0.0,0.015,0.0,3.0,-0.092,-0.003,-0.028,-0.211,0.0,-0.089,-0.008,0.018,0.031,0.0,0.0,0.1,0.0
83.485,0.0,0.0,-0.003,0.0,3.0,-0.092,-0.005,-0.047,-0.382,0.0,-0.091,-0.011,0.018,0.011,0.0,0.0,0.1,0.0
83.554,0.0,0.0,0.026,0.0,3.0,-0.102,-0.002,-0.024,0.461,0.0,-0.093,-0.013,0.017,0.037,0.0,0.0,0.1,0.0
83.572,0.0,0.0,0.006,0.0,3.0,-0.095,-0.003,-0.032,-0.165,0.0,-0.098,-0.017,0.018,0.029,0.0,0.0,0.1,0.0
83.642,0.0,0.0,0.021,0.0,3.0,-0.098,0.002,0.019,1.033,0.0,-0.098,-0.015,0.019,0.045,0.0,0.0,0.1,0.0
83.676,0.0,0.0,-0.001,0.0,3.0,-0.106,-0.001,-0.006,-0.517,0.0,-0.099,-0.009,0.022,0.026,0.0,0.0,0.1,0.0
83.761,0.0,0.0,-0.001,0.0,3.0,-0.111,-0.005,-0.054,-0.957,0.0,-0.103,-0.009,0.022,0.009,0.0,0.0,0.1,0.0
83.786,0.0,0.0,0.022,0.0,3.0,-0.114,-0.002,-0.023,0.63,0.0,-0.108,-0.016,0.02,0.026,0.0,0.0,0.1,0.0
83.843,0.0,0.0,0.026,0.0,3.0,-0.125,-0.002,-0.015,0.154,0.0,-0.112,-0.015,0.021,0.048,0.0,0.0,0.1,0.0
83.866,0.0,0.0,0.002,0.0,3.0,-0.128,-0.002,-0.024,-0.184,0.0,-0.119,-0.018,0.022,0.03,0.0,0.0,0.1,0.0
83.939,0.0,0.0,0.026,0.0,3.0,-0.133,-0.003,-0.028,-0.072,0.0,-0.125,-0.018,0.023,0.05,0.0,0.0,0.1,0.0
83.974,0.0,0.0,0.007,0.0,3.0,-0.143,-0.002,-0.016,0.244,0.0,-0.13,-0.021,0.025,0.037,0.0,0.0,0.1,0.0
84.049,0.0,0.0,0.023,0.0,3.0,-0.149,-0.002,-0.016,-0.01,0.0,-0.138,-0.02,0.026,0.051,0.0,0.0,0.1,0.0
84.079,0.0,0.0,0.01,0.0,3.0,-0.154,-0.001,-0.008,0.167,0.0,-0.145,-0.021,0.028,0.041,0.0,0.0,0.1,0.0
84.181,0.0,0.0,0.021,0.0,3.0,-0.173,-0.003,-0.026,-0.361,0.0,-0.151,-0.018,0.03,0.049,0.0,0.0,0.1,0.0
84.287,0.0,0.0,0.007,0.0,3.0,-0.184,-0.005,-0.05,-0.473,0.0,-0.163,-0.024,0.03,0.033,0.0,0.0,0.1,0.0
84.3,0.0,0.0,0.043,0.0,3.0,-0.184,-0.005,-0.05,0.0,0.0,-0.175,-0.029,0.031,0.071,0.0,0.0,0.1,0.0
84.366,0.0,0.0,0.02,0.0,3.0,-0.184,-0.003,-0.027,0.459,0.0,-0.182,-0.032,0.033,0.069,0.0,0.0,0.1,0.0
84.422,0.0,0.0,0.024,0.0,3.0,-0.19,-0.004,-0.038,-0.219,0.0,-0.185,-0.028,0.037,0.072,0.0,0.0,0.1,0.0
84.505,0.0,0.0,0.005,0.0,3.0,-0.192,-0.004,-0.042,-0.081,0.0,-0.19,-0.029,0.038,0.047,0.0,0.0,0.1,0.0
84.599,0.0,0.0,0.031,0.0,3.0,-0.189,-0.005,-0.048,-0.13,0.0,-0.193,-0.026,0.04,0.063,0.0,0.0,0.1,0.0
84.631,0.0,0.0,0.01,0.0,3.0,-0.189,-0.005,-0.048,0.0,0.0,-0.193,-0.026,0.04,0.046,0.0,0.0,0.1,0.0
84.715,0.0,0.0,0.024,0.0,3.0,-0.174,-0.005,-0.046,0.036,0.0,-0.193,-0.023,0.041,0.053,0.0,0.0,0.1,0.0
84.829,0.0,0.0,0.013,0.0,3.0,-0.165,-0.006,-0.058,-0.237,0.0,-0.186,-0.017,0.042,0.043,0.0,0.0,0.1,0.0
84.928,0.0,0.0,0.006,0.0,3.0,-0.16,-0.005,-0.054,0.085,0.0,-0.178,-0.013,0.04,0.025,0.0,0.0,0.1,0.0
85.028,0.0,0.0,0.017,0.0,3.0,-0.14,-0.006,-0.057,-0.069,0.0,-0.171,-0.009,0.039,0.027,0.0,0.0,0.1,0.0
85.117,0.0,0.0,0.009,0.0,3.0,-0.124,-0.006,-0.061,-0.08,0.0,-0.157,-0.003,0.037,0.02,0.0,0.0,0.1,0.0
85.177,0.0,0.0,0.002,0.0,3.0,-0.109,-0.005,-0.048,0.273,0.0,-0.142,0.001,0.035,0.006,0.0,0.0,0.1,0.0
85.274,0.0,0.0,0.006,0.0,3.0,-0.1,-0.004,-0.04,0.145,0.0,-0.127,0.008,0.032,0.002,0.0,0.0,0.1,0.0
85.359,0.0,0.0,-0.003,0.0,3.0,-0.086,-0.003,-0.031,0.187,0.0,-0.114,0.011,0.029,-0.012,0.0,0.0,0.1,0.0
85.404,0.0,0.0,0.008,0.0,3.0,-0.089,-0.003,-0.033,-0.031,0.0,-0.1,0.017,0.026,-0.007,0.0,0.0,0.1,0.0
85.521,0.0,0.0,-0.007,0.0,3.0,-0.075,-0.003,-0.025,0.153,0.0,-0.094,0.015,0.021,-0.023,0.0,0.0,0.1,0.0
85.608,0.0,0.0,0.023,0.0,3.0,-0.058,-0.005,-0.048,-0.459,0.0,-0.084,0.02,0.019,0.008,0.0,0.0,0.1,0.0
85.643,0.0,0.0,-0.017,0.0,3.0,-0.055,-0.005,-0.053,-0.099,0.0,-0.07,0.018,0.016,-0.023,0.0,0.0,0.1,0.0
85.673,0.0,0.0,0.017,0.0,3.0,-0.042,-0.005,-0.054,-0.015,0.0,-0.062,0.016,0.012,0.001,0.0,0.0,0.1,0.0
85.783,0.0,0.0,0.001,0.0,3.0,-0.043,-0.004,-0.035,0.367,0.0,-0.052,0.013,0.009,-0.0,0.0,0.0,0.1,0.0
85.872,0.0,0.0,0.005,0.0,3.0,-0.046,-0.003,-0.025,0.196,0.0,-0.047,0.01,0.007,0.005,0.0,0.0,0.1,0.0
85.971,0.0,0.0,0.005,0.0,3.0,-0.05,-0.003,-0.026,-0.013,0.0,-0.046,0.006,0.006,0.008,0.0,0.0,0.1,0.0
85.998,0.0,0.0,0.008,0.0,3.0,-0.048,-0.002,-0.024,0.05,0.0,-0.048,0.001,0.005,0.016,0.0,0.0,0.1,0.0
86.019,0.0,0.0,0.01,0.0,3.0,-0.045,-0.001,-0.015,0.174,0.0,-0.048,-0.001,0.006,0.024,0.0,0.0,0.1,0.0
86.119,0.0,0.0,0.003,0.0,3.0,-0.045,-0.004,-0.038,-0.459,0.0,-0.047,-0.002,0.007,0.021,0.0,0.0,0.1,0.0
86.216,0.0,0.0,0.001,0.0,3.0,-0.036,-0.002,-0.025,0.265,0.0,-0.046,-0.007,0.007,0.015,0.0,0.0,0.1,0.0
86.252,0.0,0.0,0.014,0.0,3.0,-0.046,-0.004,-0.039,-0.283,0.0,-0.042,-0.004,0.008,0.029,0.0,0.0,0.1,0.0
86.266,0.0,0.0,-0.012,0.0,3.0,-0.047,-0.003,-0.035,0.077,0.0,-0.045,-0.012,0.006,0.001,0.0,0.0,0.1,0.0
86.36,0.0,0.0,0.034,0.0,3.0,-0.037,-0.005,-0.052,-0.334,0.0,-0.047,-0.013,0.006,0.045,0.0,0.0,0.1,0.0
86.388,0.0,0.0,-0.009,0.0,3.0,-0.033,-0.005,-0.045,0.126,0.0,-0.044,-0.018,0.007,0.018,0.0,0.0,0.1,0.0
86.421,0.0,0.0,0.02,0.0,3.0,-0.031,0.003,0.028,1.46,0.0,-0.04,-0.017,0.007,0.038,0.0,0.0,0.1,0.0
86.499,0.0,0.0,-0.009,0.0,3.0,-0.026,-0.004,-0.036,-1.264,0.0,-0.037,-0.008,0.011,0.016,0.0,0.0,0.1,0.0
86.554,0.0,0.0,-0.013,0.0,3.0,-0.018,-0.005,-0.049,-0.269,0.0,-0.033,-0.01,0.009,-0.012,0.0,0.0,0.1,0.0
86.575,0.0,0.0,0.021,0.0,3.0,-0.017,-0.002,-0.022,0.541,0.0,-0.027,-0.009,0.007,0.016,0.0,0.0,0.1,0.0
86.648,0.0,0.0,-0.006,0.0,3.0,-0.022,-0.005,-0.045,-0.468,0.0,-0.023,-0.009,0.007,0.0,0.0,0.0,0.1,0.0
86.67,0.0,0.0,0.007,0.0,3.0,-0.025,-0.003,-0.032,0.27,0.0,-0.023,-0.014,0.004,0.006,0.0,0.0,0.1,0.0
86.754,0.0,0.0,0.016,0.0,3.0,-0.003,-0.003,-0.03,0.029,0.0,-0.025,-0.016,0.004,0.024,0.0,0.0,0.1,0.0
86.822,0.0,0.0,0.003,0.0,3.0,-0.006,-0.003,-0.029,0.025,0.0,-0.016,-0.011,0.005,0.022,0.0,0.0,0.1,0.0
86.879,0.0,0.0,-0.014,0.0,3.0,-0.004,-0.004,-0.041,-0.226,0.0,-0.013,-0.013,0.004,-0.007,0.0,0.0,0.1,0.0
86.946,0.0,0.0,0.017,0.0,3.0,0.006,-0.005,-0.053,-0.247,0.0,-0.01,-0.013,0.003,0.015,0.0,0.0,0.1,0.0
86.973,0.0,0.0,-0.003,0.0,3.0,0.004,-0.006,-0.056,-0.066,0.0,-0.004,-0.016,0.002,0.005,0.0,0.0,0.1,0.0
87.081,0.0,0.0,0.01,0.0,3.0,0.008,-0.004,-0.039,0.343,0.0,-0.002,-0.02,-0.0,0.015,0.0,0.0,0.1,0.0
87.17,0.0,0.0,0.009,0.0,3.0,0.013,-0.001,-0.011,0.57,0.0,0.001,-0.02,0.0,0.022,0.0,0.0,0.1,0.0
87.244,0.0,0.0,-0.002,0.0,3.0,0.0,-0.002,-0.024,-0.263,0.0,0.005,-0.016,0.002,0.013,0.0,0.0,0.1,0.0
87.265,0.0,0.0,-0.008,0.0,3.0,-0.01,-0.003,-0.031,-0.137,0.0,0.002,-0.021,0.0,-0.005,0.0,0.0,0.1,0.0
87.318,0.0,0.0,0.024,0.0,3.0,-0.014,-0.003,-0.033,-0.039,0.0,-0.006,-0.025,-0.0,0.026,0.0,0.0,0.1,0.0
87.372,0.0,0.0,0.007,0.0,3.0,-0.016,-0.003,-0.029,0.065,0.0,-0.012,-0.03,0.0,0.026,0.0,0.0,0.1,0.0
87.444,0.0,0.0,0.016,0.0,3.0,-0.021,-0.002,-0.024,0.102,0.0,-0.016,-0.031,0.002,0.04,0.0,0.0,0.1,0.0
87.486,0.0,0.0,0.001,0.0,3.0,-0.032,-0.006,-0.057,-0.656,0.0,-0.021,-0.033,0.004,0.029,0.0,0.0,0.1,0.0
87.556,0.0,0.0,0.013,0.0,3.0,-0.026,-0.002,-0.018,0.776,0.0,-0.029,-0.041,0.003,0.035,0.0,0.0,0.1,0.0
87.579,0.0,0.0,0.026,0.0,3.0,-0.033,-0.004,-0.044,-0.507,0.0,-0.031,-0.035,0.007,0.059,0.0,0.0,0.1,0.0
87.657,0.0,0.0,-0.018,0.0,3.0,-0.055,-0.001,-0.012,0.641,0.0,-0.035,-0.041,0.008,0.013,0.0,0.0,0.1,0.0
87.676,0.0,0.0,0.038,0.0,3.0,-0.06,-0.003,-0.034,-0.446,0.0,-0.047,-0.04,0.009,0.056,0.0,0.0,0.1,0.0
87.745,0.0,0.0,-0.002,0.0,3.0,-0.069,-0.004,-0.043,-0.188,0.0,-0.057,-0.045,0.011,0.032,0.0,0.0,0.1,0.0
87.774,0.0,0.0,0.033,0.0,3.0,-0.08,-0.003,-0.032,0.231,0.0,-0.066,-0.047,0.012,0.062,0.0,0.0,0.1,0.0
87.85,0.0,0.0,0.008,0.0,3.0,-0.091,-0.004,-0.038,-0.131,0.0,-0.077,-0.05,0.015,0.048,0.0,0.0,0.1,0.0
87.885,0.0,0.0,0.026,0.0,3.0,-0.094,-0.006,-0.062,-0.469,0.0,-0.087,-0.051,0.017,0.063,0.0,0.0,0.1,0.0
87.952,0.0,0.0,0.015,0.0,3.0,-0.094,-0.003,-0.025,0.726,0.0,-0.095,-0.055,0.019,0.057,0.0,0.0,0.1,0.0
87.965,0.0,0.0,0.027,0.0,3.0,-0.094,-0.003,-0.025,0.0,0.0,-0.098,-0.049,0.023,0.071,0.0,0.0,0.1,0.0
88.056,0.0,0.0,-0.006,0.0,3.0,-0.094,-0.006,-0.057,-0.642,0.0,-0.1,-0.045,0.025,0.034,0.0,0.0,0.1,0.0
88.087,0.0,0.0,0.02,0.0,3.0,-0.093,-0.003,-0.032,0.513,0.0,-0.101,-0.043,0.025,0.04,0.0,0.0,0.1,0.0
88.108,0.0,0.0,0.014,0.0,3.0,-0.083,-0.003,-0.034,-0.052,0.0,-0.101,-0.038,0.026,0.038,0.0,0.0,0.1,0.0
88.225,0.0,0.0,0.005,0.0,3.0,-0.077,-0.005,-0.052,-0.356,0.0,-0.095,-0.031,0.027,0.024,0.0,0.0,0.1,0.0
88.247,0.0,0.0,0.004,0.0,3.0,-0.078,-0.003,-0.028,0.489,0.0,-0.089,-0.027,0.025,0.011,0.0,0.0,0.1,0.0
88.272,0.0,0.0,0.015,0.0,3.0,-0.08,-0.004,-0.036,-0.169,0.0,-0.086,-0.022,0.024,0.018,0.0,0.0,0.1,0.0
88.346,0.0,0.0,0.001,0.0,3.0,-0.081,-0.003,-0.032,0.079,0.0,-0.085,-0.021,0.022,0.004,0.0,0.0,0.1,0.0
88.374,0.0,0.0,0.022,0.0,3.0,-0.073,-0.005,-0.045,-0.26,0.0,-0.085,-0.019,0.021,0.023,0.0,0.0,0.1,0.0
88.44,0.0,0.0,0.003,0.0,3.0,-0.075,-0.002,-0.021,0.486,0.0,-0.081,-0.018,0.02,0.013,0.0,0.0,0.1,0.0
88.484,0.0,0.0,0.014,0.0,3.0,-0.079,-0.004,-0.039,-0.361,0.0,-0.08,-0.014,0.019,0.021,0.0,0.0,0.1,0.0
88.536,0.0,0.0,0.001,0.0,3.0,-0.065,-0.004,-0.04,-0.015,0.0,-0.081,-0.017,0.018,0.008,0.0,0.0,0.1,0.0
88.559,0.0,0.0,0.025,0.0,3.0,-0.061,-0.005,-0.054,-0.274,0.0,-0.074,-0.012,0.018,0.034,0.0,0.0,0.1,0.0
88.643,0.0,0.0,-0.013,0.0,3.0,-0.048,-0.004,-0.037,0.338,0.0,-0.069,-0.016,0.016,-0.0,0.0,0.0,0.1,0.0
88.663,0.0,0.0,0.028,0.0,3.0,-0.046,-0.002,-0.024,0.257,0.0,-0.06,-0.008,0.016,0.033,0.0,0.0,0.1,0.0
88.755,0.0,0.0,-0.024,0.0,3.0,-0.03,-0.004,-0.039,-0.3,0.0,-0.054,-0.008,0.015,-0.015,0.0,0.0,0.1,0.0
88.785,0.0,0.0,0.023,0.0,3.0,-0.037,-0.005,-0.052,-0.266,0.0,-0.043,-0.002,0.013,0.016,0.0,0.0,0.1,0.0
88.897,0.0,0.0,-0.021,0.0,3.0,-0.017,-0.003,-0.031,0.43,0.0,-0.041,-0.01,0.01,-0.024,0.0,0.0,0.1,0.0
88.919,0.0,0.0,0.042,0.0,3.0,-0.008,-0.002,-0.024,0.129,0.0,-0.03,0.0,0.009,0.037,0.0,0.0,0.1,0.0
89.026,0.0,0.0,-0.044,0.0,3.0,0.01,-0.003,-0.026,-0.028,0.0,-0.02,-0.001,0.008,-0.035,0.0,0.0,0.1,0.0
89.101,0.0,0.0,0.027,0.0,3.0,0.029,-0.003,-0.025,0.01,0.0,-0.006,0.009,0.006,0.01,0.0,0.0,0.1,0.0
89.117,0.0,0.0,-0.039,0.0,3.0,0.029,-0.003,-0.025,0.0,0.0,0.011,0.011,0.004,-0.047,0.0,0.0,0.1,0.0
89.174,0.0,0.0,0.01,0.0,3.0,0.047,-0.003,-0.033,-0.166,0.0,0.02,0.013,0.0,-0.023,0.0,0.0,0.1,0.0
89.252,0.0,0.0,-0.011,0.0,3.0,0.051,-0.005,-0.05,-0.332,0.0,0.034,0.013,-0.003,-0.032,0.0,0.0,0.1,0.0
89.274,0.0,0.0,-0.003,0.0,3.0,0.055,-0.004,-0.039,0.226,0.0,0.042,0.008,-0.008,-0.027,0.0,0.0,0.1,0.0
89.354,0.0,0.0,0.006,0.0,3.0,0.058,-0.003,-0.033,0.124,0.0,0.049,0.005,-0.011,-0.009,0.0,0.0,0.1,0.0
89.424,0.0,0.0,-0.005,0.0,3.0,0.054,-0.003,-0.027,0.111,0.0,0.053,0.0,-0.013,-0.01,0.0,0.0,0.1,0.0
89.505,0.0,0.0,0.004,0.0,3.0,0.059,-0.004,-0.04,-0.264,0.0,0.054,-0.004,-0.014,0.001,0.0,0.0,0.1,0.0
89.564,0.0,0.0,0.001,0.0,3.0,0.06,-0.006,-0.059,-0.377,0.0,0.055,-0.01,-0.015,0.006,0.0,0.0,0.1,0.0
89.635,0.0,0.0,0.003,0.0,3.0,0.068,-0.003,-0.027,0.649,0.0,0.056,-0.018,-0.016,0.012,0.0,0.0,0.1,0.0
89.707,0.0,0.0,0.01,0.0,3.0,0.061,-0.003,-0.032,-0.104,0.0,0.06,-0.017,-0.014,0.028,0.0,0.0,0.1,0.0
89.743,0.0,0.0,-0.019,0.0,3.0,0.069,-0.003,-0.031,0.026,0.0,0.059,-0.024,-0.014,-0.003,0.0,0.0,0.1,0.0
89.756,0.0,0.0,0.021,0.0,3.0,0.06,-0.004,-0.042,-0.225,0.0,0.062,-0.022,-0.013,0.031,0.0,0.0,0.1,0.0
89.844,0.0,0.0,-0.023,0.0,3.0,0.065,-0.005,-0.046,-0.079,0.0,0.059,-0.032,-0.013,-0.008,0.0,0.0,0.1,0.0
89.863,0.0,0.0,0.034,0.0,3.0,0.059,-0.003,-0.033,0.245,0.0,0.059,-0.031,-0.013,0.042,0.0,0.0,0.1,0.0
89.935,0.0,0.0,-0.022,0.0,3.0,0.062,-0.003,-0.032,0.037,0.0,0.056,-0.037,-0.012,0.003,0.0,0.0,0.1,0.0
90.003,0.0,0.0,0.025,0.0,3.0,0.063,-0.002,-0.022,0.191,0.0,0.056,-0.035,-0.01,0.038,0.0,0.0,0.1,0.0
90.013,0.0,0.0,-0.02,0.0,3.0,0.067,-0.002,-0.017,0.1,0.0,0.056,-0.036,-0.009,0.002,0.0,0.0,0.1,0.0
90.113,0.0,0.0,0.014,0.0,3.0,0.073,-0.004,-0.038,-0.417,0.0,0.059,-0.031,-0.008,0.021,0.0,0.0,0.1,0.0
90.206,0.0,0.0,-0.02,0.0,3.0,0.067,-0.004,-0.04,-0.035,0.0,0.063,-0.032,-0.008,-0.012,0.0,0.0,0.1,0.0
90.293,0.0,0.0,0.015,0.0,3.0,0.071,-0.003,-0.034,0.116,0.0,0.062,-0.033,-0.01,0.011,0.0,0.0,0.1,0.0
90.333,0.0,0.0,-0.002,0.0,3.0,0.064,0.002,0.025,1.169,0.0,0.064,-0.034,-0.01,0.006,0.0,0.0,0.1,0.0
90.439,0.0,0.0,0.003,0.0,3.0,0.048,-0.006,-0.056,-1.608,0.0,0.062,-0.026,-0.007,0.01,0.0,0.0,0.1,0.0
90.456,0.0,0.0,-0.018,0.0,3.0,0.047,-0.002,-0.024,0.633,0.0,0.053,-0.041,-0.011,-0.021,0.0,0.0,0.1,0.0
90.531,0.0,0.0,0.054,0.0,3.0,0.031,-0.004,-0.036,-0.234,0.0,0.047,-0.037,-0.01,0.059,0.0,0.0,0.1,0.0
90.599,0.0,0.0,-0.034,0.0,3.0,0.014,-0.003,-0.032,0.085,0.0,0.036,-0.049,-0.009,-0.004,0.0,0.0,0.1,0.0
90.637,0.0,0.0,0.055,0.0,3.0,0.001,-0.002,-0.016,0.303,0.0,0.022,-0.051,-0.007,0.071,0.0,0.0,0.1,0.0
90.657,0.0,0.0,-0.013,0.0,3.0,0.005,0.0,0.003,0.383,0.0,0.008,-0.057,-0.004,0.033,0.0,0.0,0.1,0.0
90.776,0.0,0.0,0.035,0.0,3.0,-0.036,-0.003,-0.027,-0.589,0.0,0.003,-0.048,0.002,0.071,0.0,0.0,0.1,0.0
90.87,0.0,0.0,-0.032,0.0,3.0,-0.058,-0.001,-0.012,0.295,0.0,-0.02,-0.064,0.002,0.001,0.0,0.0,0.1,0.0
90.961,0.0,0.0,0.081,0.0,3.0,-0.08,-0.001,-0.011,0.014,0.0,-0.042,-0.062,0.005,0.106,0.0,0.0,0.1,0.0
91.056,0.0,0.0,-0.021,0.0,3.0,-0.111,-0.004,-0.041,-0.6,0.0,-0.065,-0.072,0.01,0.042,0.0,0.0,0.1,0.0
91.077,0.0,0.0,0.063,0.0,3.0,-0.109,-0.002,-0.022,0.39,0.0,-0.092,-0.078,0.013,0.107,0.0,0.0,0.1,0.0
91.197,0.0,0.0,0.018,0.0,3.0,-0.126,-0.003,-0.031,-0.191,0.0,-0.106,-0.076,0.021,0.095,0.0,0.0,0.1,0.0
91.222,0.0,0.0,0.013,0.0,3.0,-0.132,-0.004,-0.043,-0.23,0.0,-0.121,-0.076,0.026,0.076,0.0,0.0,0.1,0.0
91.3,0.0,0.0,0.031,0.0,3.0,-0.143,-0.004,-0.038,0.096,0.0,-0.132,-0.072,0.03,0.085,0.0,0.0,0.1,0.0
91.319,0.0,0.0,0.013,0.0,3.0,-0.148,-0.005,-0.05,-0.234,0.0,-0.143,-0.071,0.033,0.065,0.0,0.0,0.1,0.0
91.421,0.0,0.0,0.029,0.0,3.0,-0.159,-0.002,-0.018,0.64,0.0,-0.15,-0.067,0.035,0.072,0.0,0.0,0.1,0.0
91.521,0.0,0.0,0.017,0.0,3.0,-0.174,0.002,0.02,0.753,0.0,-0.159,-0.06,0.039,0.06,0.0,0.0,0.1,0.0
91.586,0.0,0.0,0.019,0.0,3.0,-0.175,-0.003,-0.026,-0.924,0.0,-0.17,-0.05,0.043,0.054,0.0,0.0,0.1,0.0
91.68,0.0,0.0,0.01,0.0,3.0,-0.183,-0.003,-0.033,-0.138,0.0,-0.176,-0.045,0.043,0.034,0.0,0.0,0.1,0.0
91.784,0.0,0.0,0.03,0.0,3.0,-0.191,-0.003,-0.034,-0.017,0.0,-0.183,-0.041,0.043,0.048,0.0,0.0,0.1,0.0
91.832,0.0,0.0,0.019,0.0,3.0,-0.205,-0.002,-0.022,0.25,0.0,-0.19,-0.039,0.043,0.042,0.0,0.0,0.1,0.0
91.953,0.0,0.0,0.029,0.0,3.0,-0.216,-0.004,-0.041,-0.38,0.0,-0.2,-0.036,0.044,0.053,0.0,0.0,0.1,0.0
91.976,0.0,0.0,0.022,0.0,3.0,-0.206,-0.004,-0.036,0.088,0.0,-0.211,-0.038,0.044,0.051,0.0,0.0,0.1,0.0
92.038,0.0,0.0,0.037,0.0,3.0,-0.203,-0.003,-0.03,0.126,0.0,-0.211,-0.03,0.046,0.073,0.0,0.0,0.1,0.0
92.057,0.0,0.0,-0.002,0.0,3.0,-0.204,-0.004,-0.035,-0.11,0.0,-0.21,-0.025,0.047,0.035,0.0,0.0,0.1,0.0
92.113,0.0,0.0,0.025,0.0,3.0,-0.208,-0.004,-0.037,-0.034,0.0,-0.209,-0.019,0.047,0.043,0.0,0.0,0.1,0.0
92.193,0.0,0.0,0.01,0.0,3.0,-0.212,-0.004,-0.04,-0.056,0.0,-0.21,-0.018,0.046,0.028,0.0,0.0,0.1,0.0
92.22,0.0,0.0,0.029,0.0,3.0,-0.221,-0.003,-0.035,0.108,0.0,-0.213,-0.016,0.045,0.044,0.0,0.0,0.1,0.0
92.323,0.0,0.0,0.017,0.0,3.0,-0.207,0.003,0.028,1.247,0.0,-0.218,-0.017,0.045,0.039,0.0,0.0,0.1,0.0
92.401,0.0,0.0,0.031,0.0,3.0,-0.217,-0.006,-0.057,-1.695,0.0,-0.214,0.001,0.049,0.059,0.0,0.0,0.1,0.0
92.459,0.0,0.0,-0.031,0.0,3.0,-0.216,-0.005,-0.049,0.149,0.0,-0.216,-0.009,0.045,-0.018,0.0,0.0,0.1,0.0
92.576,0.0,0.0,0.079,0.0,3.0,-0.196,-0.004,-0.042,0.148,0.0,-0.216,-0.003,0.043,0.079,0.0,0.0,0.1,0.0
92.628,0.0,0.0,-0.023,0.0,3.0,-0.206,-0.005,-0.047,-0.105,0.0,-0.207,-0.002,0.044,0.014,0.0,0.0,0.1,0.0
92.667,0.0,0.0,0.031,0.0,3.0,-0.201,-0.005,-0.046,0.027,0.0,-0.207,-0.001,0.042,0.038,0.0,0.0,0.1,0.0
92.703,0.0,0.0,0.014,0.0,3.0,-0.191,-0.003,-0.033,0.253,0.0,-0.204,-0.002,0.041,0.033,0.0,0.0,0.1,0.0
92.742,0.0,0.0,0.02,0.0,3.0,-0.2,-0.003,-0.028,0.113,0.0,-0.198,0.004,0.041,0.04,0.0,0.0,0.1,0.0
92.755,0.0,0.0,-0.0,0.0,3.0,-0.191,-0.004,-0.043,-0.311,0.0,-0.199,0.002,0.04,0.016,0.0,0.0,0.1,0.0
92.874,0.0,0.0,0.033,0.0,3.0,-0.195,-0.004,-0.036,0.149,0.0,-0.195,0.004,0.039,0.044,0.0,0.0,0.1,0.0
92.904,0.0,0.0,0.0,0.0,3.0,-0.188,-0.003,-0.034,0.034,0.0,-0.195,0.002,0.038,0.02,0.0,0.0,0.1,0.0
92.921,0.0,0.0,0.032,0.0,3.0,-0.185,-0.004,-0.038,-0.075,0.0,-0.192,0.005,0.038,0.048,0.0,0.0,0.1,0.0
93.002,0.0,0.0,-0.004,0.0,3.0,-0.184,-0.001,-0.012,0.517,0.0,-0.188,0.004,0.037,0.018,0.0,0.0,0.1,0.0
93.105,0.0,0.0,0.027,0.0,3.0,-0.188,-0.006,-0.056,-0.882,0.0,-0.186,0.009,0.038,0.04,0.0,0.0,0.1,0.0
93.135,0.0,0.0,-0.006,0.0,3.0,-0.182,-0.004,-0.036,0.4,0.0,-0.187,0.001,0.035,0.008,0.0,0.0,0.1,0.0
93.24,0.0,0.0,0.049,0.0,3.0,-0.157,-0.006,-0.059,-0.451,0.0,-0.184,0.005,0.035,0.063,0.0,0.0,0.1,0.0
93.248,0.0,0.0,-0.017,0.0,3.0,-0.157,-0.006,-0.059,0.0,0.0,-0.171,0.005,0.035,0.014,0.0,0.0,0.1,0.0
93.361,0.0,0.0,0.022,0.0,3.0,-0.167,-0.003,-0.025,0.672,0.0,-0.164,0.006,0.033,0.03,0.0,0.0,0.1,0.0
93.421,0.0,0.0,0.006,0.0,3.0,-0.165,0.002,0.025,0.996,0.0,-0.165,0.004,0.032,0.02,0.0,0.0,0.1,0.0
93.5,0.0,0.0,0.022,0.0,3.0,-0.172,-0.005,-0.048,-1.46,0.0,-0.165,0.013,0.034,0.038,0.0,0.0,0.1,0.0
93.532,0.0,0.0,-0.017,0.0,3.0,-0.184,-0.004,-0.044,0.092,0.0,-0.168,0.002,0.031,-0.008,0.0,0.0,0.1,0.0
93.553,0.0,0.0,0.06,0.0,3.0,-0.184,-0.002,-0.019,0.489,0.0,-0.175,-0.001,0.03,0.065,0.0,0.0,0.1,0.0
93.681,0.0,0.0,-0.0,0.0,3.0,-0.218,-0.002,-0.018,0.026,0.0,-0.18,-0.004,0.032,0.039,0.0,0.0,0.1,0.0
93.706,0.0,0.0,0.028,0.0,3.0,-0.199,-0.004,-0.042,-0.491,0.0,-0.198,-0.013,0.032,0.055,0.0,0.0,0.1,0.0
93.761,0.0,0.0,0.038,0.0,3.0,-0.211,-0.004,-0.041,0.026,0.0,-0.2,-0.012,0.035,0.084,0.0,0.0,0.1,0.0
93.784,0.0,0.0,-0.004,0.0,3.0,-0.209,-0.002,-0.025,0.33,0.0,-0.206,-0.018,0.037,0.045,0.0,0.0,0.1,0.0
93.847,0.0,0.0,0.045,0.0,3.0,-0.205,-0.002,-0.016,0.177,0.0,-0.209,-0.012,0.04,0.083,0.0,0.0,0.1,0.0
93.867,0.0,0.0,-0.012,0.0,3.0,-0.216,-0.003,-0.029,-0.257,0.0,-0.208,-0.01,0.043,0.034,0.0,0.0,0.1,0.0
93.968,0.0,0.0,0.026,0.0,3.0,-0.201,-0.002,-0.015,0.272,0.0,-0.212,-0.009,0.042,0.046,0.0,0.0,0.1,0.0
93.995,0.0,0.0,0.017,0.0,3.0,-0.203,-0.003,-0.029,-0.284,0.0,-0.208,-0.001,0.044,0.046,0.0,0.0,0.1,0.0
94.018,0.0,0.0,-0.003,0.0,3.0,-0.203,-0.003,-0.029,0.0,0.0,-0.206,-0.001,0.044,0.015,0.0,0.0,0.1,0.0
94.12,0.0,0.0,0.03,0.0,3.0,-0.197,-0.002,-0.015,0.28,0.0,-0.205,0.003,0.042,0.038,0.0,0.0,0.1,0.0
94.213,0.0,0.0,0.005,0.0,3.0,-0.219,-0.004,-0.04,-0.494,0.0,-0.201,0.007,0.043,0.022,0.0,0.0,0.1,0.0
94.243,0.0,0.0,0.012,0.0,3.0,-0.206,-0.004,-0.035,0.092,0.0,-0.209,-0.001,0.039,0.017,0.0,0.0,0.1,0.0
94.269,0.0,0.0,0.047,0.0,3.0,-0.201,-0.005,-0.048,-0.25,0.0,-0.208,0.003,0.04,0.066,0.0,0.0,0.1,0.0
94.38,0.0,0.0,-0.011,0.0,3.0,-0.211,-0.003,-0.031,0.34,0.0,-0.205,-0.001,0.04,0.021,0.0,0.0,0.1,0.0
94.415,0.0,0.0,0.038,0.0,3.0,-0.238,-0.003,-0.032,-0.03,0.0,-0.208,0.0,0.039,0.055,0.0,0.0,0.1,0.0
94.53,0.0,0.0,0.005,0.0,3.0,-0.224,-0.002,-0.02,0.246,0.0,-0.222,-0.011,0.039,0.033,0.0,0.0,0.1,0.0
94.567,0.0,0.0,0.059,0.0,3.0,-0.233,-0.006,-0.064,-0.869,0.0,-0.224,-0.003,0.042,0.094,0.0,0.0,0.1,0.0
94.635,0.0,0.0,-0.026,0.0,3.0,-0.199,-0.005,-0.048,0.303,0.0,-0.229,-0.016,0.041,0.02,0.0,0.0,0.1,0.0
94.667,0.0,0.0,0.074,0.0,3.0,-0.201,-0.004,-0.037,0.23,0.0,-0.216,0.001,0.044,0.106,0.0,0.0,0.1,0.0
94.689,0.0,0.0,-0.059,0.0,3.0,-0.2,-0.004,-0.039,-0.038,0.0,-0.209,-0.004,0.044,-0.017,0.0,0.0,0.1,0.0
94.738,0.0,0.0,0.067,0.0,3.0,-0.201,-0.004,-0.043,-0.08,0.0,-0.205,0.005,0.043,0.066,0.0,0.0,0.1,0.0
94.768,0.0,0.0,-0.029,0.0,3.0,-0.201,-0.005,-0.048,-0.101,0.0,-0.203,-0.001,0.041,-0.006,0.0,0.0,0.1,0.0
94.845,0.0,0.0,0.057,0.0,3.0,-0.201,-0.002,-0.022,0.514,0.0,-0.202,0.003,0.04,0.061,0.0,0.0,0.1,0.0
94.883,0.0,0.0,-0.011,0.0,3.0,-0.2,-0.003,-0.029,-0.147,0.0,-0.201,0.001,0.04,0.018,0.0,0.0,0.1,0.0
94.975,0.0,0.0,0.033,0.0,3.0,-0.172,-0.003,-0.035,-0.107,0.0,-0.201,0.004,0.04,0.046,0.0,0.0,0.1,0.0
95.049,0.0,0.0,0.001,0.0,3.0,-0.171,-0.005,-0.046,-0.231,0.0,-0.187,0.012,0.04,0.025,0.0,0.0,0.1,0.0
95.077,0.0,0.0,-0.001,0.0,3.0,-0.167,-0.007,-0.071,-0.484,0.0,-0.179,0.011,0.038,0.004,0.0,0.0,0.1,0.0
95.163,0.0,0.0,0.023,0.0,3.0,-0.146,-0.004,-0.038,0.657,0.0,-0.173,0.008,0.034,0.022,0.0,0.0,0.1,0.0
95.189,0.0,0.0,0.016,0.0,3.0,-0.145,-0.003,-0.032,0.11,0.0,-0.16,0.015,0.034,0.031,0.0,0.0,0.1,0.0
95.202,0.0,0.0,-0.013,0.0,3.0,-0.143,-0.005,-0.048,-0.324,0.0,-0.152,0.014,0.032,-0.005,0.0,0.0,0.1,0.0
95.262,0.0,0.0,0.024,0.0,3.0,-0.139,-0.004,-0.044,0.085,0.0,-0.147,0.013,0.029,0.02,0.0,0.0,0.1,0.0
95.345,0.0,0.0,0.006,0.0,3.0,-0.147,-0.003,-0.027,0.35,0.0,-0.143,0.01,0.027,0.014,0.0,0.0,0.1,0.0
95.366,0.0,0.0,0.018,0.0,3.0,-0.154,-0.004,-0.041,-0.29,0.0,-0.144,0.008,0.026,0.027,0.0,0.0,0.1,0.0
95.466,0.0,0.0,0.013,0.0,3.0,-0.147,-0.004,-0.035,0.12,0.0,-0.148,0.001,0.025,0.029,0.0,0.0,0.1,0.0
95.531,0.0,0.0,0.027,0.0,3.0,-0.132,-0.006,-0.056,-0.422,0.0,-0.148,0.001,0.026,0.052,0.0,0.0,0.1,0.0
95.551,0.0,0.0,-0.002,0.0,3.0,-0.132,-0.006,-0.056,0.0,0.0,-0.14,-0.001,0.026,0.029,0.0,0.0,0.1,0.0
95.61,0.0,0.0,0.017,0.0,3.0,-0.105,-0.002,-0.024,0.65,0.0,-0.137,-0.003,0.025,0.036,0.0,0.0,0.1,0.0
95.697,0.0,0.0,0.011,0.0,3.0,-0.107,0.001,0.01,0.675,0.0,-0.122,0.007,0.027,0.036,0.0,0.0,0.1,0.0
95.736,0.0,0.0,-0.025,0.0,3.0,-0.119,-0.003,-0.035,-0.891,0.0,-0.114,0.013,0.028,-0.014,0.0,0.0,0.1,0.0
95.83,0.0,0.0,0.013,0.0,3.0,-0.122,-0.004,-0.042,-0.151,0.0,-0.116,0.008,0.023,-0.004,0.0,0.0,0.1,0.0
95.886,0.0,0.0,0.025,0.0,3.0,-0.114,-0.007,-0.068,-0.515,0.0,-0.118,0.003,0.021,0.023,0.0,0.0,0.1,0.0
95.908,0.0,0.0,0.015,0.0,3.0,-0.109,-0.004,-0.043,0.501,0.0,-0.116,-0.004,0.019,0.031,0.0,0.0,0.1,0.0
96.034,0.0,0.0,0.019,0.0,3.0,-0.089,-0.005,-0.05,-0.148,0.0,-0.113,-0.004,0.02,0.044,0.0,0.0,0.1,0.0
96.067,0.0,0.0,-0.001,0.0,3.0,-0.088,-0.003,-0.032,0.356,0.0,-0.102,-0.002,0.02,0.027,0.0,0.0,0.1,0.0
96.159,0.0,0.0,0.001,0.0,3.0,-0.095,-0.004,-0.037,-0.089,0.0,-0.096,-0.0,0.02,0.016,0.0,0.0,0.1,0.0
96.185,0.0,0.0,0.005,0.0,3.0,-0.094,-0.004,-0.035,0.026,0.0,-0.096,-0.004,0.019,0.011,0.0,0.0,0.1,0.0
96.289,0.0,0.0,0.02,0.0,3.0,-0.101,0.001,0.01,0.907,0.0,-0.095,-0.005,0.018,0.03,0.0,0.0,0.1,0.0
96.312,0.0,0.0,0.004,0.0,3.0,-0.101,0.001,0.01,0.0,0.0,-0.098,-0.002,0.02,0.022,0.0,0.0,0.1,0.0
96.395,0.0,0.0,0.005,0.0,3.0,-0.093,-0.001,-0.011,-0.415,0.0,-0.099,0.001,0.021,0.017,0.0,0.0,0.1,0.0
96.422,0.0,0.0,0.003,0.0,3.0,-0.099,-0.003,-0.029,-0.359,0.0,-0.096,0.004,0.021,0.01,0.0,0.0,0.1,0.0
96.517,0.0,0.0,0.005,0.0,3.0,-0.087,-0.003,-0.032,-0.054,0.0,-0.097,-0.0,0.019,0.007,0.0,0.0,0.1,0.0
96.597,0.0,0.0,0.021,0.0,3.0,-0.085,-0.005,-0.048,-0.33,0.0,-0.093,0.002,0.018,0.029,0.0,0.0,0.1,0.0
96.617,0.0,0.0,-0.008,0.0,3.0,-0.081,-0.006,-0.061,-0.261,0.0,-0.089,-0.003,0.017,0.004,0.0,0.0,0.1,0.0
96.677,0.0,0.0,0.027,0.0,3.0,-0.08,-0.003,-0.027,0.676,0.0,-0.086,-0.005,0.015,0.033,0.0,0.0,0.1,0.0
96.755,0.0,0.0,0.002,0.0,3.0,-0.082,-0.004,-0.043,-0.314,0.0,-0.084,-0.006,0.016,0.023,0.0,0.0,0.1,0.0
96.779,0.0,0.0,0.008,0.0,3.0,-0.081,-0.004,-0.038,0.105,0.0,-0.084,-0.009,0.015,0.023,0.0,0.0,0.1,0.0
96.849,0.0,0.0,0.015,0.0,3.0,-0.085,-0.002,-0.02,0.349,0.0,-0.083,-0.011,0.015,0.033,0.0,0.0,0.1,0.0
96.874,0.0,0.0,0.006,0.0,3.0,-0.085,-0.004,-0.039,-0.383,0.0,-0.085,-0.012,0.016,0.027,0.0,0.0,0.1,0.0
96.964,0.0,0.0,0.011,0.0,3.0,-0.086,-0.003,-0.035,0.098,0.0,-0.086,-0.014,0.016,0.029,0.0,0.0,0.1,0.0
96.993,0.0,0.0,0.014,0.0,3.0,-0.086,-0.002,-0.016,0.363,0.0,-0.087,-0.015,0.016,0.035,0.0,0.0,0.1,0.0
97.006,0.0,0.0,0.008,0.0,3.0,-0.086,-0.002,-0.016,0.0,0.0,-0.088,-0.013,0.018,0.031,0.0,0.0,0.1,0.0
97.101,0.0,0.0,0.004,0.0,3.0,-0.065,-0.003,-0.028,-0.231,0.0,-0.088,-0.012,0.019,0.022,0.0,0.0,0.1,0.0
97.118,0.0,0.0,0.009,0.0,3.0,-0.061,-0.003,-0.026,0.035,0.0,-0.078,-0.005,0.019,0.023,0.0,0.0,0.1,0.0
97.192,0.0,0.0,-0.013,0.0,3.0,-0.071,-0.005,-0.051,-0.5,0.0,-0.07,-0.003,0.018,-0.007,0.0,0.0,0.1,0.0
97.207,0.0,0.0,0.013,0.0,3.0,-0.073,-0.005,-0.048,0.058,0.0,-0.071,-0.008,0.015,0.004,0.0,0.0,0.1,0.0
97.31,0.0,0.0,0.023,0.0,3.0,-0.072,-0.004,-0.044,0.077,0.0,-0.073,-0.012,0.013,0.028,0.0,0.0,0.1,0.0
97.43,0.0,0.0,0.011,0.0,3.0,-0.061,-0.004,-0.041,0.079,0.0,-0.074,-0.016,0.013,0.03,0.0,0.0,0.1,0.0
97.53,0.0,0.0,0.013,0.0,3.0,-0.046,-0.005,-0.054,-0.268,0.0,-0.069,-0.014,0.014,0.036,0.0,0.0,0.1,0.0
97.629,0.0,0.0,-0.004,0.0,3.0,-0.042,-0.005,-0.049,0.09,0.0,-0.06,-0.013,0.014,0.016,0.0,0.0,0.1,0.0
97.693,0.0,0.0,0.007,0.0,3.0,-0.027,-0.004,-0.037,0.248,0.0,-0.052,-0.012,0.013,0.016,0.0,0.0,0.1,0.0
97.756,0.0,0.0,0.002,0.0,3.0,-0.027,-0.004,-0.042,-0.095,0.0,-0.042,-0.007,0.012,0.011,0.0,0.0,0.1,0.0
97.776,0.0,0.0,-0.007,0.0,3.0,-0.034,-0.002,-0.024,0.347,0.0,-0.035,-0.009,0.01,-0.007,0.0,0.0,0.1,0.0
97.884,0.0,0.0,0.015,0.0,3.0,-0.018,-0.005,-0.053,-0.575,0.0,-0.035,-0.009,0.009,0.01,0.0,0.0,0.1,0.0
97.968,0.0,0.0,0.002,0.0,3.0,-0.016,-0.002,-0.025,0.568,0.0,-0.028,-0.01,0.007,0.007,0.0,0.0,0.1,0.0
98.088,0.0,0.0,0.006,0.0,3.0,-0.003,-0.005,-0.052,-0.536,0.0,-0.023,-0.008,0.007,0.011,0.0,0.0,0.1,0.0
98.113,0.0,0.0,-0.005,0.0,3.0,-0.005,-0.006,-0.061,-0.189,0.0,-0.014,-0.009,0.005,-0.001,0.0,0.0,0.1,0.0
98.214,0.0,0.0,0.007,0.0,3.0,0.012,-0.004,-0.043,0.371,0.0,-0.011,-0.014,0.002,0.005,0.0,0.0,0.1,0.0
98.235,0.0,0.0,0.014,0.0,3.0,0.009,-0.003,-0.031,0.227,0.0,-0.001,-0.01,0.002,0.022,0.0,0.0,0.1,0.0
98.292,0.0,0.0,-0.019,0.0,3.0,0.017,-0.004,-0.037,-0.117,0.0,0.003,-0.013,0.001,-0.011,0.0,0.0,0.1,0.0
98.315,0.0,0.0,0.018,0.0,3.0,0.01,-0.005,-0.053,-0.328,0.0,0.008,-0.011,-0.0,0.016,0.0,0.0,0.1,0.0
98.384,0.0,0.0,-0.013,0.0,3.0,0.019,-0.004,-0.039,0.284,0.0,0.008,-0.02,-0.002,-0.009,0.0,0.0,0.1,0.0
98.412,0.0,0.0,0.033,0.0,3.0,0.023,-0.006,-0.06,-0.411,0.0,0.012,-0.017,-0.002,0.038,0.0,0.0,0.1,0.0
98.483,0.0,0.0,-0.025,0.0,3.0,0.028,-0.003,-0.027,0.663,0.0,0.015,-0.025,-0.004,-0.007,0.0,0.0,0.1,0.0
98.528,0.0,0.0,0.032,0.0,3.0,0.031,-0.004,-0.039,-0.249,0.0,0.019,-0.019,-0.002,0.04,0.0,0.0,0.1,0.0
98.651,0.0,0.0,-0.032,0.0,3.0,0.045,-0.003,-0.032,0.135,0.0,0.023,-0.023,-0.003,-0.015,0.0,0.0,0.1,0.0
98.67,0.0,0.0,0.028,0.0,3.0,0.045,-0.003,-0.032,0.0,0.0,0.032,-0.016,-0.003,0.028,0.0,0.0,0.1,0.0
98.738,0.0,0.0,-0.034,0.0,3.0,0.055,-0.005,-0.048,-0.313,0.0,0.036,-0.02,-0.004,-0.027,0.0,0.0,0.1,0.0
98.755,0.0,0.0,0.028,0.0,3.0,0.063,-0.006,-0.056,-0.153,0.0,0.043,-0.017,-0.006,0.018,0.0,0.0,0.1,0.0
98.863,0.0,0.0,-0.023,0.0,3.0,0.074,-0.004,-0.044,0.243,0.0,0.051,-0.021,-0.008,-0.019,0.0,0.0,0.1,0.0
98.881,0.0,0.0,0.02,0.0,3.0,0.08,-0.006,-0.061,-0.338,0.0,0.06,-0.017,-0.009,0.015,0.0,0.0,0.1,0.0
98.965,0.0,0.0,-0.025,0.0,3.0,0.099,0.002,0.025,1.708,0.0,0.068,-0.023,-0.011,-0.023,0.0,0.0,0.1,0.0
99.055,0.0,0.0,0.022,0.0,3.0,0.107,-0.006,-0.058,-1.656,0.0,0.081,-0.004,-0.008,0.019,0.0,0.0,0.1,0.0
99.076,0.0,0.0,-0.068,0.0,3.0,0.108,-0.004,-0.043,0.291,0.0,0.093,-0.014,-0.013,-0.08,0.0,0.0,0.1,0.0
99.164,0.0,0.0,0.054,0.0,3.0,0.127,-0.004,-0.037,0.13,0.0,0.099,-0.009,-0.017,0.017,0.0,0.0,0.1,0.0
99.265,0.0,0.0,-0.045,0.0,3.0,0.128,-0.003,-0.035,0.04,0.0,0.111,-0.012,-0.018,-0.045,0.0,0.0,0.1,0.0
99.381,0.0,0.0,0.017,0.0,3.0,0.113,-0.003,-0.035,0.003,0.0,0.118,-0.011,-0.021,-0.006,0.0,0.0,0.1,0.0
99.506,0.0,0.0,-0.024,0.0,3.0,0.093,-0.005,-0.048,-0.258,0.0,0.115,-0.022,-0.024,-0.034,0.0,0.0,0.1,0.0
99.531,0.0,0.0,0.033,0.0,3.0,0.095,-0.003,-0.031,0.336,0.0,0.102,-0.033,-0.026,0.023,0.0,0.0,0.1,0.0
99.645,0.0,0.0,0.008,0.0,3.0,0.079,0.003,0.035,1.314,0.0,0.096,-0.039,-0.024,0.034,0.0,0.0,0.1,0.0
99.677,0.0,0.0,-0.001,0.0,3.0,0.073,-0.002,-0.022,-1.141,0.0,0.085,-0.037,-0.018,0.03,0.0,0.0,0.1,0.0
99.788,0.0,0.0,-0.01,0.0,3.0,0.046,0.002,0.02,0.837,0.0,0.076,-0.044,-0.017,0.011,0.0,0.0,0.1,0.0
99.816,0.0,0.0,0.022,0.0,3.0,0.042,-0.004,-0.043,-1.253,0.0,0.059,-0.045,-0.013,0.041,0.0,0.0,0.1,0.0
99.967,0.0,0.0,-0.003,0.0,3.0,0.012,-0.001,-0.006,0.737,0.0,0.047,-0.054,-0.012,0.026,0.0,0.0,0.1,0.0
100.021,0.0,0.0,0.032,0.0,3.0,0.006,-0.001,-0.013,-0.133,0.0,0.026,-0.059,-0.009,0.062,0.0,0.0,0.1,0.0
100.045,0.0,0.0,0.007,0.0,3.0,-0.004,-0.004,-0.044,-0.63,0.0,0.012,-0.061,-0.004,0.054,0.0,0.0,0.1,0.0
100.085,0.0,0.0,0.014,0.0,3.0,-0.017,-0.003,-0.03,0.289,0.0,-0.0,-0.066,-0.002,0.056,0.0,0.0,0.1,0.0
100.123,0.0,0.0,0.02,0.0,3.0,-0.011,0.001,0.008,0.752,0.0,-0.013,-0.067,0.002,0.064,0.0,0.0,0.1,0.0
100.233,0.0,0.0,0.011,0.0,3.0,-0.034,-0.004,-0.039,-0.941,0.0,-0.017,-0.057,0.009,0.059,0.0,0.0,0.1,0.0
100.376,0.0,0.0,-0.017,0.0,3.0,-0.065,-0.004,-0.044,-0.09,0.0,-0.029,-0.064,0.009,0.011,0.0,0.0,0.1,0.0
100.396,0.0,0.0,0.054,0.0,3.0,-0.065,-0.004,-0.044,0.0,0.0,-0.051,-0.069,0.009,0.072,0.0,0.0,0.1,0.0
100.44,0.0,0.0,0.017,0.0,3.0,-0.078,-0.004,-0.041,0.051,0.0,-0.063,-0.071,0.013,0.069,0.0,0.0,0.1,0.0
100.45,0.0,0.0,0.021,0.0,3.0,-0.076,-0.005,-0.049,-0.16,0.0,-0.075,-0.071,0.016,0.069,0.0,0.0,0.1,0.0
100.564,0.0,0.0,0.02,0.0,3.0,-0.102,-0.006,-0.063,-0.284,0.0,-0.081,-0.068,0.02,0.069,0.0,0.0,0.1,0.0
100.68,0.0,0.0,0.01,0.0,3.0,-0.128,-0.002,-0.023,0.809,0.0,-0.096,-0.076,0.021,0.051,0.0,0.0,0.1,0.0
100.755,0.0,0.0,0.05,0.0,3.0,-0.139,-0.003,-0.031,-0.163,0.0,-0.117,-0.074,0.024,0.094,0.0,0.0,0.1,0.0
100.785,0.0,0.0,0.01,0.0,3.0,-0.144,-0.003,-0.025,0.12,0.0,-0.133,-0.075,0.029,0.069,0.0,0.0,0.1,0.0
100.843,0.0,0.0,0.038,0.0,3.0,-0.157,-0.004,-0.045,-0.391,0.0,-0.144,-0.068,0.033,0.089,0.0,0.0,0.1,0.0
100.874,0.0,0.0,0.003,0.0,3.0,-0.161,0.002,0.017,1.223,0.0,-0.155,-0.07,0.035,0.053,0.0,0.0,0.1,0.0
101.004,0.0,0.0,0.046,0.0,3.0,-0.185,-0.002,-0.02,-0.736,0.0,-0.163,-0.052,0.041,0.087,0.0,0.0,0.1,0.0
101.018,0.0,0.0,-0.025,0.0,3.0,-0.185,-0.002,-0.02,0.0,0.0,-0.177,-0.057,0.042,0.011,0.0,0.0,0.1,0.0
101.136,0.0,0.0,0.074,0.0,3.0,-0.199,-0.003,-0.033,-0.26,0.0,-0.185,-0.044,0.044,0.092,0.0,0.0,0.1,0.0
101.156,0.0,0.0,-0.025,0.0,3.0,-0.193,-0.003,-0.034,-0.017,0.0,-0.195,-0.049,0.044,0.015,0.0,0.0,0.1,0.0
101.223,0.0,0.0,0.071,0.0,3.0,-0.211,-0.003,-0.031,0.068,0.0,-0.197,-0.036,0.045,0.091,0.0,0.0,0.1,0.0
101.296,0.0,0.0,-0.027,0.0,3.0,-0.218,-0.003,-0.026,0.089,0.0,-0.207,-0.041,0.046,0.011,0.0,0.0,0.1,0.0
101.314,0.0,0.0,0.072,0.0,3.0,-0.227,-0.003,-0.032,-0.125,0.0,-0.215,-0.032,0.047,0.089,0.0,0.0,0.1,0.0
101.414,0.0,0.0,-0.016,0.0,3.0,-0.24,-0.003,-0.025,0.14,0.0,-0.223,-0.036,0.047,0.025,0.0,0.0,0.1,0.0
101.48,0.0,0.0,0.061,0.0,3.0,-0.257,-0.002,-0.023,0.055,0.0,-0.234,-0.031,0.048,0.084,0.0,0.0,0.1,0.0
101.535,0.0,0.0,0.0,0.0,3.0,-0.243,-0.005,-0.049,-0.528,0.0,-0.247,-0.034,0.05,0.043,0.0,0.0,0.1,0.0
101.583,0.0,0.0,0.056,0.0,3.0,-0.246,-0.006,-0.055,-0.122,0.0,-0.248,-0.027,0.052,0.091,0.0,0.0,0.1,0.0
101.631,0.0,0.0,-0.009,0.0,3.0,-0.242,-0.003,-0.028,0.554,0.0,-0.25,-0.029,0.052,0.036,0.0,0.0,0.1,0.0
101.681,0.0,0.0,0.051,0.0,3.0,-0.231,-0.003,-0.032,-0.085,0.0,-0.248,-0.017,0.054,0.08,0.0,0.0,0.1,0.0
101.736,0.0,0.0,-0.017,0.0,3.0,-0.228,-0.003,-0.027,0.093,0.0,-0.241,-0.012,0.055,0.018,0.0,0.0,0.1,0.0
101.768,0.0,0.0,0.033,0.0,3.0,-0.221,-0.003,-0.025,0.038,0.0,-0.236,-0.002,0.054,0.04,0.0,0.0,0.1,0.0
101.852,0.0,0.0,-0.003,0.0,3.0,-0.208,-0.003,-0.034,-0.165,0.0,-0.229,0.003,0.052,0.007,0.0,0.0,0.1,0.0
101.934,0.0,0.0,0.024,0.0,3.0,-0.186,-0.005,-0.046,-0.257,0.0,-0.219,0.012,0.05,0.021,0.0,0.0,0.1,0.0
102.052,0.0,0.0,-0.002,0.0,3.0,-0.157,-0.007,-0.065,-0.381,0.0,-0.203,0.018,0.047,-0.002,0.0,0.0,0.1,0.0
102.09,0.0,0.0,0.01,0.0,3.0,-0.154,-0.007,-0.069,-0.072,0.0,-0.18,0.026,0.043,-0.0,0.0,0.0,0.1,0.0
102.112,0.0,0.0,-0.007,0.0,3.0,-0.145,-0.004,-0.042,0.546,0.0,-0.166,0.023,0.037,-0.024,0.0,0.0,0.1,0.0
102.202,0.0,0.0,0.03,0.0,3.0,-0.127,-0.004,-0.042,-0.008,0.0,-0.155,0.027,0.033,0.014,0.0,0.0,0.1,0.0
102.23,0.0,0.0,-0.012,0.0,3.0,-0.109,-0.005,-0.05,-0.153,0.0,-0.14,0.028,0.03,-0.015,0.0,0.0,0.1,0.0
102.339,0.0,0.0,0.014,0.0,3.0,-0.087,-0.004,-0.036,0.265,0.0,-0.123,0.031,0.026,0.001,0.0,0.0,0.1,0.0
102.368,0.0,0.0,-0.009,0.0,3.0,-0.088,-0.006,-0.061,-0.495,0.0,-0.104,0.035,0.024,-0.017,0.0,0.0,0.1,0.0
102.473,0.0,0.0,-0.005,0.0,3.0,-0.057,-0.003,-0.027,0.691,0.0,-0.094,0.028,0.018,-0.026,0.0,0.0,0.1,0.0
102.569,0.0,0.0,0.027,0.0,3.0,-0.056,-0.004,-0.036,-0.186,0.0,-0.075,0.038,0.016,0.017,0.0,0.0,0.1,0.0
102.587,0.0,0.0,-0.044,0.0,3.0,-0.049,0.002,0.022,1.158,0.0,-0.063,0.03,0.012,-0.052,0.0,0.0,0.1,0.0
102.688,0.0,0.0,0.04,0.0,3.0,-0.052,-0.003,-0.027,-0.987,0.0,-0.054,0.041,0.012,0.017,0.0,0.0,0.1,0.0
102.701,0.0,0.0,-0.053,0.0,3.0,-0.052,-0.003,-0.027,0.0,0.0,-0.051,0.027,0.007,-0.064,0.0,0.0,0.1,0.0
102.809,0.0,0.0,0.062,0.0,3.0,-0.048,-0.004,-0.041,-0.262,0.0,-0.049,0.027,0.004,0.037,0.0,0.0,0.1,0.0
102.83,0.0,0.0,-0.034,0.0,3.0,-0.051,-0.001,-0.013,0.558,0.0,-0.047,0.014,0.003,-0.019,0.0,0.0,0.1,0.0
102.949,0.0,0.0,0.044,0.0,3.0,-0.071,-0.003,-0.029,-0.336,0.0,-0.048,0.015,0.003,0.047,0.0,0.0,0.1,0.0
102.97,0.0,0.0,-0.029,0.0,3.0,-0.076,-0.001,-0.011,0.376,0.0,-0.058,-0.003,0.002,-0.007,0.0,0.0,0.1,0.0
103.081,0.0,0.0,0.061,0.0,3.0,-0.112,0.0,0.002,0.248,0.0,-0.067,-0.002,0.005,0.08,0.0,0.0,0.1,0.0
103.196,0.0,0.0,-0.031,0.0,3.0,-0.154,-0.002,-0.021,-0.456,0.0,-0.089,-0.02,0.007,0.013,0.0,0.0,0.1,0.0
103.222,0.0,0.0,0.072,0.0,3.0,-0.158,0.001,0.015,0.715,0.0,-0.121,-0.034,0.009,0.103,0.0,0.0,0.1,0.0
103.326,0.0,0.0,0.019,0.0,3.0,-0.214,-0.001,-0.013,-0.559,0.0,-0.141,-0.036,0.018,0.1,0.0,0.0,0.1,0.0
103.467,0.0,0.0,0.012,0.0,3.0,-0.253,0.001,0.008,0.424,0.0,-0.178,-0.056,0.022,0.08,0.0,0.0,0.1,0.0
103.494,0.0,0.0,0.077,0.0,3.0,-0.27,0.001,0.012,0.074,0.0,-0.218,-0.062,0.03,0.154,0.0,0.0,0.1,0.0
103.517,0.0,0.0,0.015,0.0,3.0,-0.27,0.001,0.012,0.0,0.0,-0.247,-0.066,0.04,0.122,0.0,0.0,0.1,0.0
103.627,0.0,0.0,0.042,0.0,3.0,-0.31,-0.003,-0.029,-0.823,0.0,-0.262,-0.055,0.051,0.135,0.0,0.0,0.1,0.0
103.737,0.0,0.0,-0.006,0.0,3.0,-0.319,-0.002,-0.015,0.281,0.0,-0.289,-0.066,0.055,0.069,0.0,0.0,0.1,0.0
103.769,0.0,0.0,0.089,0.0,3.0,-0.345,-0.002,-0.021,-0.108,0.0,-0.308,-0.056,0.061,0.152,0.0,0.0,0.1,0.0
103.836,0.0,0.0,-0.015,0.0,3.0,-0.36,-0.003,-0.028,-0.139,0.0,-0.33,-0.062,0.066,0.067,0.0,0.0,0.1,0.0
103.898,0.0,0.0,0.086,0.0,3.0,-0.354,0.003,0.032,1.204,0.0,-0.349,-0.054,0.07,0.142,0.0,0.0,0.1,0.0
103.929,0.0,0.0,0.0,0.0,3.0,-0.36,-0.005,-0.047,-1.586,0.0,-0.355,-0.038,0.079,0.083,0.0,0.0,0.1,0.0
103.981,0.0,0.0,0.018,0.0,3.0,-0.363,-0.003,-0.033,0.274,0.0,-0.36,-0.034,0.079,0.057,0.0,0.0,0.1,0.0
104.016,0.0,0.0,0.047,0.0,3.0,-0.356,-0.003,-0.031,0.036,0.0,-0.364,-0.024,0.079,0.079,0.0,0.0,0.1,0.0
104.087,0.0,0.0,0.015,0.0,3.0,-0.369,-0.003,-0.027,0.088,0.0,-0.362,-0.015,0.08,0.052,0.0,0.0,0.1,0.0
104.1,0.0,0.0,0.028,0.0,3.0,-0.362,-0.004,-0.038,-0.21,0.0,-0.366,-0.01,0.079,0.049,0.0,0.0,0.1,0.0
104.166,0.0,0.0,0.034,0.0,3.0,-0.356,-0.005,-0.051,-0.274,0.0,-0.365,-0.003,0.078,0.056,0.0,0.0,0.1,0.0
104.239,0.0,0.0,0.02,0.0,3.0,-0.361,-0.004,-0.043,0.161,0.0,-0.361,0.002,0.077,0.043,0.0,0.0,0.1,0.0
104.273,0.0,0.0,0.032,0.0,3.0,-0.364,-0.002,-0.024,0.386,0.0,-0.361,0.005,0.075,0.05,0.0,0.0,0.1,0.0
104.383,0.0,0.0,0.027,0.0,3.0,-0.35,-0.003,-0.035,-0.217,0.0,-0.362,0.009,0.074,0.05,0.0,0.0,0.1,0.0
104.452,0.0,0.0,0.024,0.0,3.0,-0.334,-0.003,-0.035,0.003,0.0,-0.355,0.016,0.074,0.049,0.0,0.0,0.1,0.0
104.546,0.0,0.0,0.014,0.0,3.0,-0.326,-0.005,-0.055,-0.402,0.0,-0.344,0.024,0.073,0.034,0.0,0.0,0.1,0.0
104.571,0.0,0.0,0.013,0.0,3.0,-0.323,-0.006,-0.061,-0.122,0.0,-0.334,0.027,0.069,0.02,0.0,0.0,0.1,0.0
104.67,0.0,0.0,0.027,0.0,3.0,-0.306,-0.004,-0.043,0.353,0.0,-0.327,0.027,0.066,0.031,0.0,0.0,0.1,0.0
104.787,0.0,0.0,0.024,0.0,3.0,-0.279,-0.004,-0.04,0.063,0.0,-0.315,0.033,0.064,0.038,0.0,0.0,0.1,0.0
104.817,0.0,0.0,0.004,0.0,3.0,-0.277,-0.007,-0.068,-0.554,0.0,-0.296,0.041,0.062,0.018,0.0,0.0,0.1,0.0
104.91,0.0,0.0,0.002,0.0,3.0,-0.256,-0.005,-0.053,0.299,0.0,-0.284,0.037,0.057,-0.002,0.0,0.0,0.1,0.0
104.97,0.0,0.0,0.037,0.0,3.0,-0.231,-0.005,-0.049,0.068,0.0,-0.268,0.043,0.054,0.034,0.0,0.0,0.1,0.0
105.051,0.0,0.0,-0.014,0.0,3.0,-0.224,-0.004,-0.043,0.121,0.0,-0.248,0.046,0.051,-0.006,0.0,0.0,0.1,0.0
105.063,0.0,0.0,0.016,0.0,3.0,-0.223,-0.005,-0.051,-0.158,0.0,-0.233,0.048,0.047,0.004,0.0,0.0,0.1,0.0
105.132,0.0,0.0,0.003,0.0,3.0,-0.214,-0.006,-0.057,-0.109,0.0,-0.225,0.042,0.042,-0.005,0.0,0.0,0.1,0.0
105.185,0.0,0.0,0.03,0.0,3.0,-0.205,-0.005,-0.049,0.147,0.0,-0.217,0.04,0.038,0.027,0.0,0.0,0.1,0.0
105.242,0.0,0.0,0.005,0.0,3.0,-0.199,-0.006,-0.059,-0.195,0.0,-0.209,0.035,0.036,0.018,0.0,0.0,0.1,0.0
105.267,0.0,0.0,0.019,0.0,3.0,-0.19,-0.005,-0.051,0.158,0.0,-0.202,0.03,0.034,0.031,0.0,0.0,0.1,0.0
105.321,0.0,0.0,0.012,0.0,3.0,-0.173,-0.007,-0.067,-0.325,0.0,-0.194,0.027,0.033,0.032,0.0,0.0,0.1,0.0
105.393,0.0,0.0,0.011,0.0,3.0,-0.157,-0.003,-0.033,0.678,0.0,-0.183,0.024,0.031,0.031,0.0,0.0,0.1,0.0
105.408,0.0,0.0,0.008,0.0,3.0,-0.147,-0.004,-0.035,-0.037,0.0,-0.169,0.029,0.032,0.028,0.0,0.0,0.1,0.0
105.478,0.0,0.0,-0.01,0.0,3.0,-0.13,-0.004,-0.037,-0.028,0.0,-0.156,0.029,0.03,0.0,0.0,0.0,0.1,0.0
105.557,0.0,0.0,0.013,0.0,3.0,-0.089,-0.003,-0.028,0.171,0.0,-0.142,0.033,0.029,0.011,0.0,0.0,0.1,0.0
105.582,0.0,0.0,-0.011,0.0,3.0,-0.083,-0.004,-0.044,-0.32,0.0,-0.114,0.044,0.028,-0.01,0.0,0.0,0.1,0.0
105.678,0.0,0.0,-0.025,0.0,3.0,-0.057,-0.004,-0.04,0.081,0.0,-0.097,0.041,0.022,-0.048,0.0,0.0,0.1,0.0
105.771,0.0,0.0,0.02,0.0,3.0,-0.039,-0.002,-0.021,0.376,0.0,-0.075,0.048,0.017,-0.011,0.0,0.0,0.1,0.0
105.886,0.0,0.0,-0.031,0.0,3.0,-0.021,-0.004,-0.044,-0.454,0.0,-0.055,0.049,0.014,-0.052,0.0,0.0,0.1,0.0
105.914,0.0,0.0,0.005,0.0,3.0,-0.021,-0.004,-0.044,0.0,0.0,-0.035,0.049,0.008,-0.033,0.0,0.0,0.1,0.0
106.012,0.0,0.0,-0.013,0.0,3.0,-0.009,-0.003,-0.026,0.369,0.0,-0.025,0.04,0.002,-0.042,0.0,0.0,0.1,0.0
106.133,0.0,0.0,0.02,0.0,3.0,0.009,-0.003,-0.032,-0.128,0.0,-0.015,0.04,-0.001,-0.001,0.0,0.0,0.1,0.0
106.169,0.0,0.0,-0.022,0.0,3.0,0.013,-0.005,-0.046,-0.279,0.0,-0.001,0.035,-0.003,-0.028,0.0,0.0,0.1,0.0
106.27,0.0,0.0,0.005,0.0,3.0,0.017,-0.001,-0.013,0.665,0.0,0.008,0.028,-0.007,-0.01,0.0,0.0,0.1,0.0
106.393,0.0,0.0,-0.002,0.0,3.0,0.025,-0.004,-0.036,-0.469,0.0,0.014,0.026,-0.008,-0.004,0.0,0.0,0.1,0.0
106.415,0.0,0.0,-0.009,0.0,3.0,0.022,-0.003,-0.027,0.192,0.0,0.021,0.019,-0.01,-0.011,0.0,0.0,0.1,0.0
106.502,0.0,0.0,0.006,0.0,3.0,0.03,-0.004,-0.041,-0.289,0.0,0.022,0.012,-0.011,0.005,0.0,0.0,0.1,0.0
106.526,0.0,0.0,-0.001,0.0,3.0,0.023,-0.004,-0.037,0.074,0.0,0.026,0.006,-0.011,0.007,0.0,0.0,0.1,0.0
106.634,0.0,0.0,0.003,0.0,3.0,0.035,0.002,0.023,1.214,0.0,0.025,-0.003,-0.012,0.013,0.0,0.0,0.1,0.0
106.659,0.0,0.0,0.009,0.0,3.0,0.032,-0.002,-0.017,-0.803,0.0,0.03,0.005,-0.008,0.03,0.0,0.0,0.1,0.0
106.752,0.0,0.0,-0.039,0.0,3.0,0.027,-0.002,-0.017,0.005,0.0,0.031,-0.003,-0.008,-0.029,0.0,0.0,0.1,0.0
106.762,0.0,0.0,0.033,0.0,3.0,0.027,-0.002,-0.017,0.0,0.0,0.029,-0.003,-0.009,0.026,0.0,0.0,0.1,0.0
106.862,0.0,0.0,-0.02,0.0,3.0,0.03,-0.005,-0.048,-0.635,0.0,0.028,-0.01,-0.008,-0.006,0.0,0.0,0.1,0.0
106.961,0.0,0.0,0.02,0.0,3.0,0.03,-0.003,-0.03,0.358,0.0,0.028,-0.014,-0.009,0.025,0.0,0.0,0.1,0.0
107.0,0.0,0.0,-0.004,0.0,3.0,0.025,-0.004,-0.043,-0.262,0.0,0.027,-0.019,-0.008,0.016,0.0,0.0,0.1,0.0
107.026,0.0,0.0,0.008,0.0,3.0,0.033,-0.005,-0.052,-0.17,0.0,0.025,-0.024,-0.008,0.023,0.0,0.0,0.1,0.0
107.102,0.0,0.0,0.009,0.0,3.0,0.025,-0.004,-0.041,0.214,0.0,0.026,-0.028,-0.008,0.031,0.0,0.0,0.1,0.0
107.122,0.0,0.0,-0.0,0.0,3.0,0.024,-0.001,-0.014,0.537,0.0,0.023,-0.033,-0.007,0.023,0.0,0.0,0.1,0.0
107.259,0.0,0.0,0.014,0.0,3.0,0.018,-0.005,-0.048,-0.663,0.0,0.021,-0.03,-0.004,0.037,0.0,0.0,0.1,0.0
107.289,0.0,0.0,-0.012,0.0,3.0,0.019,-0.004,-0.039,0.17,0.0,0.017,-0.038,-0.004,0.009,0.0,0.0,0.1,0.0
107.314,0.0,0.0,0.032,0.0,3.0,0.013,-0.005,-0.048,-0.169,0.0,0.015,-0.036,-0.003,0.05,0.0,0.0,0.1,0.0
107.394,0.0,0.0,-0.016,0.0,3.0,0.011,-0.004,-0.038,0.187,0.0,0.011,-0.043,-0.002,0.012,0.0,0.0,0.1,0.0
107.41,0.0,0.0,0.033,0.0,3.0,0.011,-0.004,-0.038,0.0,0.0,0.008,-0.041,-0.001,0.052,0.0,0.0,0.1,0.0
107.479,0.0,0.0,-0.014,0.0,3.0,-0.006,-0.002,-0.023,0.296,0.0,0.006,-0.044,0.001,0.017,0.0,0.0,0.1,0.0
107.538,0.0,0.0,0.022,0.0,3.0,-0.006,0.002,0.019,0.85,0.0,-0.003,-0.045,0.002,0.039,0.0,0.0,0.1,0.0
107.567,0.0,0.0,0.004,0.0,3.0,-0.011,-0.002,-0.021,-0.804,0.0,-0.008,-0.037,0.006,0.032,0.0,0.0,0.1,0.0
107.664,0.0,0.0,-0.009,0.0,3.0,-0.021,-0.003,-0.028,-0.137,0.0,-0.012,-0.038,0.006,0.006,0.0,0.0,0.1,0.0
107.781,0.0,0.0,0.024,0.0,3.0,-0.042,-0.005,-0.05,-0.45,0.0,-0.019,-0.039,0.006,0.03,0.0,0.0,0.1,0.0
107.897,0.0,0.0,0.007,0.0,3.0,-0.068,-0.005,-0.054,-0.08,0.0,-0.033,-0.049,0.005,0.024,0.0,0.0,0.1,0.0
107.93,0.0,0.0,0.044,0.0,3.0,-0.065,-0.002,-0.023,0.625,0.0,-0.054,-0.059,0.005,0.07,0.0,0.0,0.1,0.0
108.042,0.0,0.0,0.026,0.0,3.0,-0.096,-0.002,-0.025,-0.028,0.0,-0.064,-0.057,0.011,0.083,0.0,0.0,0.1,0.0
108.07,0.0,0.0,-0.002,0.0,3.0,-0.107,0.0,0.003,0.549,0.0,-0.083,-0.065,0.014,0.05,0.0,0.0,0.1,0.0
108.189,0.0,0.0,0.049,0.0,3.0,-0.12,-0.003,-0.028,-0.615,0.0,-0.099,-0.058,0.02,0.096,0.0,0.0,0.1,0.0
108.212,0.0,0.0,-0.013,0.0,3.0,-0.123,-0.002,-0.021,0.133,0.0,-0.114,-0.063,0.024,0.042,0.0,0.0,0.1,0.0
108.335,0.0,0.0,0.052,0.0,3.0,-0.16,-0.002,-0.024,-0.049,0.0,-0.123,-0.055,0.028,0.092,0.0,0.0,0.1,0.0
108.379,0.0,0.0,-0.016,0.0,3.0,-0.176,-0.003,-0.031,-0.139,0.0,-0.145,-0.065,0.029,0.03,0.0,0.0,0.1,0.0
108.443,0.0,0.0,0.076,0.0,3.0,-0.183,-0.002,-0.023,0.158,0.0,-0.164,-0.062,0.032,0.112,0.0,0.0,0.1,0.0
108.453,0.0,0.0,-0.004,0.0,3.0,-0.189,-0.003,-0.028,-0.099,0.0,-0.178,-0.063,0.037,0.062,0.0,0.0,0.1,0.0
108.513,0.0,0.0,0.045,0.0,3.0,-0.205,-0.003,-0.026,0.043,0.0,-0.188,-0.056,0.041,0.091,0.0,0.0,0.1,0.0
108.632,0.0,0.0,0.002,0.0,3.0,-0.234,-0.002,-0.022,0.074,0.0,-0.2,-0.056,0.044,0.052,0.0,0.0,0.1,0.0
108.71,0.0,0.0,0.046,0.0,3.0,-0.245,-0.004,-0.036,-0.274,0.0,-0.22,-0.056,0.045,0.081,0.0,0.0,0.1,0.0
108.869,0.0,0.0,0.028,0.0,3.0,-0.292,-0.003,-0.035,0.016,0.0,-0.236,-0.056,0.048,0.079,0.0,0.0,0.1,0.0
108.899,0.0,0.0,0.038,0.0,3.0,-0.296,-0.004,-0.043,-0.175,0.0,-0.267,-0.066,0.05,0.087,0.0,0.0,0.1,0.0
108.91,0.0,0.0,0.066,0.0,3.0,-0.305,0.002,0.015,1.179,0.0,-0.286,-0.063,0.055,0.134,0.0,0.0,0.1,0.0
108.997,0.0,0.0,0.013,0.0,3.0,-0.321,-0.003,-0.029,-0.884,0.0,-0.299,-0.054,0.063,0.097,0.0,0.0,0.1,0.0
109.025,0.0,0.0,0.022,0.0,3.0,-0.318,-0.004,-0.037,-0.168,0.0,-0.313,-0.052,0.066,0.077,0.0,0.0,0.1,0.0
109.161,0.0,0.0,0.045,0.0,3.0,-0.325,-0.004,-0.042,-0.103,0.0,-0.319,-0.042,0.069,0.094,0.0,0.0,0.1,0.0
109.194,0.0,0.0,0.011,0.0,3.0,-0.333,-0.004,-0.04,0.042,0.0,-0.325,-0.039,0.07,0.06,0.0,0.0,0.1,0.0
109.222,0.0,0.0,0.045,0.0,3.0,-0.318,-0.005,-0.051,-0.224,0.0,-0.332,-0.033,0.071,0.08,0.0,0.0,0.1,0.0
109.339,0.0,0.0,0.02,0.0,3.0,-0.323,-0.003,-0.032,0.388,0.0,-0.328,-0.024,0.072,0.063,0.0,0.0,0.1,0.0
109.358,0.0,0.0,0.021,0.0,3.0,-0.325,0.002,0.021,1.057,0.0,-0.327,-0.016,0.072,0.051,0.0,0.0,0.1,0.0
109.458,0.0,0.0,0.024,0.0,3.0,-0.317,-0.004,-0.04,-1.217,0.0,-0.327,-0.001,0.075,0.047,0.0,0.0,0.1,0.0
109.501,0.0,0.0,0.002,0.0,3.0,-0.313,-0.005,-0.053,-0.26,0.0,-0.322,0.003,0.072,0.012,0.0,0.0,0.1,0.0
109.531,0.0,0.0,0.042,0.0,3.0,-0.314,-0.005,-0.048,0.09,0.0,-0.318,0.008,0.068,0.042,0.0,0.0,0.1,0.0
109.657,0.0,0.0,0.013,0.0,3.0,-0.295,-0.004,-0.035,0.264,0.0,-0.315,0.008,0.065,0.027,0.0,0.0,0.1,0.0
109.685,0.0,0.0,0.037,0.0,3.0,-0.298,-0.003,-0.035,0.011,0.0,-0.305,0.019,0.065,0.052,0.0,0.0,0.1,0.0
109.709,0.0,0.0,-0.009,0.0,3.0,-0.301,-0.006,-0.063,-0.574,0.0,-0.3,0.018,0.063,0.006,0.0,0.0,0.1,0.0
109.826,0.0,0.0,0.045,0.0,3.0,-0.265,-0.003,-0.035,0.571,0.0,-0.3,0.016,0.058,0.045,0.0,0.0,0.1,0.0
109.957,0.0,0.0,0.021,0.0,3.0,-0.222,-0.006,-0.06,-0.497,0.0,-0.282,0.028,0.059,0.048,0.0,0.0,0.1,0.0
109.986,0.0,0.0,-0.017,0.0,3.0,-0.222,-0.006,-0.06,0.0,0.0,-0.252,0.038,0.057,-0.002,0.0,0.0,0.1,0.0
110.006,0.0,0.0,-0.0,0.0,3.0,-0.222,-0.006,-0.06,0.0,0.0,-0.235,0.039,0.051,-0.019,0.0,0.0,0.1,0.0
110.108,0.0,0.0,0.023,0.0,3.0,-0.163,-0.007,-0.068,-0.157,0.0,-0.226,0.037,0.045,0.002,0.0,0.0,0.1,0.0
110.254,0.0,0.0,0.018,0.0,3.0,-0.117,-0.004,-0.044,0.479,0.0,-0.194,0.049,0.043,0.018,0.0,0.0,0.1,0.0
110.298,0.0,0.0,-0.037,0.0,3.0,-0.108,-0.004,-0.039,0.097,0.0,-0.154,0.061,0.04,-0.044,0.0,0.0,0.1,0.0
110.333,0.0,0.0,-0.015,0.0,3.0,-0.113,-0.005,-0.045,-0.128,0.0,-0.128,0.065,0.032,-0.062,0.0,0.0,0.1,0.0
110.453,0.0,0.0,0.003,0.0,3.0,-0.066,-0.003,-0.035,0.207,0.0,-0.117,0.058,0.023,-0.051,0.0,0.0,0.1,0.0
110.478,0.0,0.0,0.021,0.0,3.0,-0.074,-0.005,-0.049,-0.285,0.0,-0.088,0.068,0.019,-0.009,0.0,0.0,0.1,0.0
110.598,0.0,0.0,-0.048,0.0,3.0,-0.036,-0.004,-0.042,0.144,0.0,-0.077,0.053,0.012,-0.076,0.0,0.0,0.1,0.0
110.612,0.0,0.0,0.057,0.0,3.0,-0.042,-0.003,-0.032,0.198,0.0,-0.054,0.062,0.008,0.025,0.0,0.0,0.1,0.0
110.682,0.0,0.0,-0.07,0.0,3.0,-0.019,-0.005,-0.053,-0.421,0.0,-0.044,0.046,0.004,-0.077,0.0,0.0,0.1,0.0
110.754,0.0,0.0,0.062,0.0,3.0,-0.018,-0.006,-0.057,-0.078,0.0,-0.029,0.048,-0.001,0.032,0.0,0.0,0.1,0.0
110.774,0.0,0.0,-0.056,0.0,3.0,-0.004,-0.007,-0.067,-0.205,0.0,-0.021,0.031,-0.004,-0.05,0.0,0.0,0.1,0.0
110.837,0.0,0.0,0.056,0.0,3.0,0.001,0.003,0.029,1.917,0.0,-0.011,0.028,-0.007,0.045,0.0,0.0,0.1,0.0
110.861,0.0,0.0,-0.042,0.0,3.0,0.01,-0.004,-0.044,-1.457,0.0,-0.003,0.029,-0.003,-0.016,0.0,0.0,0.1,0.0
110.932,0.0,0.0,0.002,0.0,3.0,0.019,-0.004,-0.041,0.064,0.0,0.005,0.022,-0.006,-0.007,0.0,0.0,0.1,0.0
111.071,0.0,0.0,0.001,0.0,3.0,0.036,-0.005,-0.05,-0.177,0.0,0.013,0.017,-0.008,0.0,0.0,0.0,0.1,0.0
111.088,0.0,0.0,-0.003,0.0,3.0,0.036,-0.005,-0.05,0.0,0.0,0.025,0.014,-0.009,0.001,0.0,0.0,0.1,0.0
111.126,0.0,0.0,-0.008,0.0,3.0,0.048,-0.004,-0.037,0.248,0.0,0.031,0.006,-0.011,-0.006,0.0,0.0,0.1,0.0
111.195,0.0,0.0,0.01,0.0,3.0,0.035,-0.003,-0.034,0.061,0.0,0.039,0.005,-0.011,0.014,0.0,0.0,0.1,0.0
111.221,0.0,0.0,-0.018,0.0,3.0,0.029,-0.002,-0.024,0.201,0.0,0.037,-0.006,-0.012,-0.011,0.0,0.0,0.1,0.0
111.346,0.0,0.0,0.027,0.0,3.0,0.012,0.003,0.028,1.036,0.0,0.033,-0.01,-0.012,0.033,0.0,0.0,0.1,0.0
111.363,0.0,0.0,-0.011,0.0,3.0,0.012,0.003,0.028,0.0,0.0,0.022,-0.013,-0.009,0.013,0.0,0.0,0.1,0.0
111.436,0.0,0.0,0.012,0.0,3.0,0.009,-0.002,-0.025,-1.042,0.0,0.016,-0.01,-0.005,0.029,0.0,0.0,0.1,0.0
111.492,0.0,0.0,-0.017,0.0,3.0,0.0,0.001,0.006,0.612,0.0,0.012,-0.018,-0.005,-0.002,0.0,0.0,0.1,0.0
111.511,0.0,0.0,0.029,0.0,3.0,-0.016,-0.003,-0.032,-0.752,0.0,0.005,-0.016,-0.003,0.04,0.0,0.0,0.1,0.0
111.641,0.0,0.0,-0.019,0.0,3.0,-0.038,-0.005,-0.053,-0.426,0.0,-0.006,-0.029,-0.003,0.001,0.0,0.0,0.1,0.0
111.664,0.0,0.0,0.05,0.0,3.0,-0.055,0.001,0.009,1.234,0.0,-0.024,-0.04,-0.004,0.066,0.0,0.0,0.1,0.0
111.758,0.0,0.0,0.013,0.0,3.0,-0.071,-0.005,-0.048,-1.135,0.0,-0.041,-0.043,0.002,0.066,0.0,0.0,0.1,0.0
111.783,0.0,0.0,0.012,0.0,3.0,-0.068,-0.006,-0.056,-0.161,0.0,-0.059,-0.055,0.005,0.06,0.0,0.0,0.1,0.0
111.831,0.0,0.0,0.04,0.0,3.0,-0.079,0.002,0.023,1.57,0.0,-0.067,-0.056,0.009,0.095,0.0,0.0,0.1,0.0
111.916,0.0,0.0,-0.003,0.0,3.0,-0.105,-0.002,-0.021,-0.874,0.0,-0.077,-0.049,0.017,0.062,0.0,0.0,0.1,0.0
111.996,0.0,0.0,0.003,0.0,3.0,-0.126,-0.003,-0.033,-0.232,0.0,-0.094,-0.055,0.019,0.04,0.0,0.0,0.1,0.0
112.024,0.0,0.0,0.044,0.0,3.0,-0.124,-0.003,-0.031,0.025,0.0,-0.113,-0.058,0.021,0.078,0.0,0.0,0.1,0.0
112.121,0.0,0.0,0.019,0.0,3.0,-0.118,-0.003,-0.027,0.098,0.0,-0.123,-0.057,0.025,0.074,0.0,0.0,0.1,0.0
112.22,0.0,0.0,0.015,0.0,3.0,-0.142,-0.002,-0.016,0.215,0.0,-0.125,-0.05,0.029,0.065,0.0,0.0,0.1,0.0
112.343,0.0,0.0,0.002,0.0,3.0,-0.16,-0.006,-0.06,-0.886,0.0,-0.137,-0.05,0.031,0.037,0.0,0.0,0.1,0.0
112.38,0.0,0.0,0.037,0.0,3.0,-0.147,-0.007,-0.071,-0.222,0.0,-0.152,-0.055,0.03,0.061,0.0,0.0,0.1,0.0
112.501,0.0,0.0,0.036,0.0,3.0,-0.135,-0.003,-0.026,0.902,0.0,-0.154,-0.053,0.032,0.081,0.0,0.0,0.1,0.0
112.529,0.0,0.0,0.008,0.0,3.0,-0.138,-0.003,-0.034,-0.167,0.0,-0.149,-0.041,0.037,0.059,0.0,0.0,0.1,0.0
112.625,0.0,0.0,-0.004,0.0,3.0,-0.131,-0.004,-0.044,-0.197,0.0,-0.147,-0.036,0.037,0.023,0.0,0.0,0.1,0.0
112.713,0.0,0.0,0.023,0.0,3.0,-0.125,-0.005,-0.054,-0.187,0.0,-0.142,-0.029,0.037,0.034,0.0,0.0,0.1,0.0
112.835,0.0,0.0,0.002,0.0,3.0,-0.11,-0.005,-0.045,0.172,0.0,-0.137,-0.025,0.035,0.013,0.0,0.0,0.1,0.0
112.885,0.0,0.0,0.022,0.0,3.0,-0.086,-0.004,-0.038,0.142,0.0,-0.126,-0.016,0.034,0.027,0.0,0.0,0.1,0.0
112.916,0.0,0.0,-0.01,0.0,3.0,-0.084,-0.003,-0.033,0.106,0.0,-0.108,-0.005,0.032,-0.005,0.0,0.0,0.1,0.0
113.007,0.0,0.0,-0.001,0.0,3.0,-0.075,-0.003,-0.031,0.042,0.0,-0.097,0.0,0.029,-0.018,0.0,0.0,0.1,0.0
113.115,0.0,0.0,0.008,0.0,3.0,-0.061,-0.005,-0.048,-0.349,0.0,-0.087,0.006,0.025,-0.013,0.0,0.0,0.1,0.0
113.198,0.0,0.0,0.0,0.0,3.0,-0.048,-0.004,-0.037,0.225,0.0,-0.074,0.008,0.021,-0.018,0.0,0.0,0.1,0.0
113.23,0.0,0.0,0.008,0.0,3.0,-0.045,-0.004,-0.037,0.004,0.0,-0.062,0.012,0.017,-0.009,0.0,0.0,0.1,0.0
113.264,0.0,0.0,-0.007,0.0,3.0,-0.042,-0.004,-0.045,-0.162,0.0,-0.053,0.011,0.014,-0.022,0.0,0.0,0.1,0.0
113.371,0.0,0.0,0.014,0.0,3.0,-0.027,-0.003,-0.028,0.332,0.0,-0.048,0.008,0.01,-0.002,0.0,0.0,0.1,0.0
113.475,0.0,0.0,0.004,0.0,3.0,-0.022,-0.003,-0.026,0.042,0.0,-0.037,0.011,0.009,0.002,0.0,0.0,0.1,0.0
113.582,0.0,0.0,-0.009,0.0,3.0,-0.007,-0.006,-0.061,-0.698,0.0,-0.03,0.01,0.007,-0.013,0.0,0.0,0.1,0.0
113.669,0.0,0.0,0.006,0.0,3.0,0.011,-0.005,-0.047,0.277,0.0,-0.019,0.007,0.003,-0.002,0.0,0.0,0.1,0.0
113.735,0.0,0.0,0.001,0.0,3.0,0.02,-0.001,-0.013,0.675,0.0,-0.004,0.009,0.002,-0.0,0.0,0.0,0.1,0.0
113.801,0.0,0.0,-0.012,0.0,3.0,0.028,-0.003,-0.028,-0.303,0.0,0.008,0.013,0.001,-0.016,0.0,0.0,0.1,0.0
113.814,0.0,0.0,-0.01,0.0,3.0,0.028,-0.003,-0.028,0.0,0.0,0.018,0.012,-0.002,-0.026,0.0,0.0,0.1,0.0
113.919,0.0,0.0,0.002,0.0,3.0,0.047,-0.006,-0.057,-0.57,0.0,0.023,0.009,-0.005,-0.016,0.0,0.0,0.1,0.0
114.02,0.0,0.0,0.001,0.0,3.0,0.063,-0.003,-0.026,0.618,0.0,0.035,0.006,-0.008,-0.008,0.0,0.0,0.1,0.0
114.04,0.0,0.0,-0.005,0.0,3.0,0.068,-0.003,-0.03,-0.087,0.0,0.048,0.009,-0.008,-0.008,0.0,0.0,0.1,0.0
114.059,0.0,0.0,-0.019,0.0,3.0,0.067,-0.003,-0.032,-0.038,0.0,0.058,0.006,-0.011,-0.029,0.0,0.0,0.1,0.0
114.152,0.0,0.0,0.005,0.0,3.0,0.084,-0.004,-0.037,-0.096,0.0,0.063,0.003,-0.013,-0.011,0.0,0.0,0.1,0.0
114.173,0.0,0.0,-0.004,0.0,3.0,0.084,-0.004,-0.037,0.0,0.0,0.073,0.002,-0.015,-0.009,0.0,0.0,0.1,0.0
114.238,0.0,0.0,-0.01,0.0,3.0,0.095,-0.005,-0.047,-0.2,0.0,0.078,-0.004,-0.017,-0.016,0.0,0.0,0.1,0.0
114.252,0.0,0.0,0.006,0.0,3.0,0.094,-0.006,-0.063,-0.313,0.0,0.085,-0.006,-0.018,0.001,0.0,0.0,0.1,0.0
114.345,0.0,0.0,-0.011,0.0,3.0,0.12,-0.003,-0.026,0.733,0.0,0.088,-0.017,-0.021,-0.011,0.0,0.0,0.1,0.0
114.369,0.0,0.0,0.019,0.0,3.0,0.117,-0.004,-0.038,-0.231,0.0,0.102,-0.008,-0.019,0.026,0.0,0.0,0.1,0.0
114.5,0.0,0.0,-0.052,0.0,3.0,0.135,-0.003,-0.034,0.067,0.0,0.108,-0.016,-0.021,-0.047,0.0,0.0,0.1,0.0
114.52,0.0,0.0,0.035,0.0,3.0,0.142,-0.004,-0.045,-0.204,0.0,0.12,-0.01,-0.021,0.02,0.0,0.0,0.1,0.0
114.617,0.0,0.0,-0.051,0.0,3.0,0.161,-0.005,-0.053,-0.163,0.0,0.129,-0.017,-0.023,-0.051,0.0,0.0,0.1,0.0
114.687,0.0,0.0,0.029,0.0,3.0,0.182,-0.004,-0.037,0.317,0.0,0.143,-0.012,-0.025,0.01,0.0,0.0,0.1,0.0
114.713,0.0,0.0,-0.047,0.0,3.0,0.188,-0.007,-0.066,-0.59,0.0,0.16,-0.012,-0.027,-0.049,0.0,0.0,0.1,0.0
114.795,0.0,0.0,0.001,0.0,3.0,0.203,-0.005,-0.052,0.289,0.0,0.172,-0.015,-0.031,-0.028,0.0,0.0,0.1,0.0
114.809,0.0,0.0,-0.012,0.0,3.0,0.208,-0.006,-0.062,-0.195,0.0,0.185,-0.016,-0.034,-0.028,0.0,0.0,0.1,0.0
114.935,0.0,0.0,-0.014,0.0,3.0,0.224,-0.004,-0.04,0.434,0.0,0.194,-0.022,-0.037,-0.032,0.0,0.0,0.1,0.0
114.957,0.0,0.0,0.0,0.0,3.0,0.225,-0.003,-0.031,0.168,0.0,0.207,-0.02,-0.038,-0.012,0.0,0.0,0.1,0.0
115.03,0.0,0.0,-0.032,0.0,3.0,0.235,-0.003,-0.032,-0.018,0.0,0.213,-0.024,-0.04,-0.043,0.0,0.0,0.1,0.0
115.11,0.0,0.0,0.005,0.0,3.0,0.243,-0.004,-0.044,-0.235,0.0,0.222,-0.023,-0.041,-0.015,0.0,0.0,0.1,0.0
115.2,0.0,0.0,-0.03,0.0,3.0,0.252,-0.005,-0.05,-0.11,0.0,0.229,-0.029,-0.043,-0.041,0.0,0.0,0.1,0.0
115.244,0.0,0.0,0.004,0.0,3.0,0.254,-0.005,-0.051,-0.035,0.0,0.237,-0.03,-0.045,-0.014,0.0,0.0,0.1,0.0
115.274,0.0,0.0,-0.024,0.0,3.0,0.261,-0.006,-0.058,-0.134,0.0,0.242,-0.037,-0.047,-0.032,0.0,0.0,0.1,0.0
115.399,0.0,0.0,0.006,0.0,3.0,0.27,-0.003,-0.03,0.555,0.0,0.248,-0.041,-0.049,-0.004,0.0,0.0,0.1,0.0
115.437,0.0,0.0,-0.02,0.0,3.0,0.271,-0.005,-0.047,-0.326,0.0,0.255,-0.041,-0.048,-0.017,0.0,0.0,0.1,0.0
115.453,0.0,0.0,-0.017,0.0,3.0,0.276,-0.004,-0.041,0.103,0.0,0.259,-0.046,-0.049,-0.025,0.0,0.0,0.1,0.0
115.56,0.0,0.0,-0.003,0.0,3.0,0.284,-0.003,-0.032,0.195,0.0,0.263,-0.047,-0.05,-0.011,0.0,0.0,0.1,0.0
115.663,0.0,0.0,-0.018,0.0,3.0,0.288,-0.003,-0.033,-0.035,0.0,0.269,-0.047,-0.049,-0.021,0.0,0.0,0.1,0.0
115.696,0.0,0.0,-0.015,0.0,3.0,0.287,-0.004,-0.037,-0.063,0.0,0.274,-0.048,-0.05,-0.024,0.0,0.0,0.1,0.0
115.734,0.0,0.0,-0.013,0.0,3.0,0.285,-0.005,-0.047,-0.209,0.0,0.276,-0.052,-0.051,-0.025,0.0,0.0,0.1,0.0
115.843,0.0,0.0,-0.007,0.0,3.0,0.278,-0.004,-0.038,0.17,0.0,0.276,-0.057,-0.052,-0.017,0.0,0.0,0.1,0.0
115.872,0.0,0.0,-0.004,0.0,3.0,0.277,-0.003,-0.035,0.073,0.0,0.273,-0.062,-0.052,-0.007,0.0,0.0,0.1,0.0
115.975,0.0,0.0,-0.005,0.0,3.0,0.27,-0.004,-0.035,-0.006,0.0,0.27,-0.065,-0.052,-0.0,0.0,0.0,0.1,0.0
116.045,0.0,0.0,-0.008,0.0,3.0,0.265,-0.003,-0.033,0.04,0.0,0.265,-0.07,-0.051,-0.001,0.0,0.0,0.1,0.0
116.056,0.0,0.0,-0.0,0.0,3.0,0.265,-0.003,-0.033,0.0,0.0,0.259,-0.073,-0.049,0.009,0.0,0.0,0.1,0.0
116.158,0.0,0.0,-0.008,0.0,3.0,0.245,-0.004,-0.039,-0.114,0.0,0.256,-0.074,-0.047,0.005,0.0,0.0,0.1,0.0
116.181,0.0,0.0,-0.007,0.0,3.0,0.236,-0.003,-0.031,0.148,0.0,0.245,-0.082,-0.047,0.002,0.0,0.0,0.1,0.0
116.317,0.0,0.0,0.016,0.0,3.0,0.216,-0.001,-0.014,0.346,0.0,0.234,-0.084,-0.044,0.03,0.0,0.0,0.1,0.0
116.426,0.0,0.0,-0.011,0.0,3.0,0.193,-0.003,-0.032,-0.368,0.0,0.219,-0.089,-0.041,0.014,0.0,0.0,0.1,0.0
116.544,0.0,0.0,0.015,0.0,3.0,0.17,-0.0,-0.004,0.576,0.0,0.2,-0.096,-0.039,0.035,0.0,0.0,0.1,0.0
116.57,0.0,0.0,0.013,0.0,3.0,0.17,0.001,0.011,0.297,0.0,0.178,-0.098,-0.034,0.048,0.0,0.0,0.1,0.0
116.692,0.0,0.0,0.005,0.0,3.0,0.133,-0.003,-0.032,-0.859,0.0,0.167,-0.091,-0.027,0.047,0.0,0.0,0.1,0.0
116.706,0.0,0.0,-0.018,0.0,3.0,0.133,-0.003,-0.031,0.019,0.0,0.144,-0.103,-0.026,0.009,0.0,0.0,0.1,0.0
116.817,0.0,0.0,0.056,0.0,3.0,0.112,-0.003,-0.025,0.107,0.0,0.131,-0.097,-0.022,0.084,0.0,0.0,0.1,0.0
116.838,0.0,0.0,-0.033,0.0,3.0,0.11,-0.003,-0.032,-0.127,0.0,0.114,-0.103,-0.018,0.015,0.0,0.0,0.1,0.0
116.855,0.0,0.0,0.049,0.0,3.0,0.113,-0.003,-0.03,0.038,0.0,0.105,-0.095,-0.014,0.076,0.0,0.0,0.1,0.0
116.937,0.0,0.0,-0.03,0.0,3.0,0.092,-0.004,-0.043,-0.254,0.0,0.101,-0.092,-0.01,0.013,0.0,0.0,0.1,0.0
116.954,0.0,0.0,0.022,0.0,3.0,0.092,-0.004,-0.043,0.0,0.0,0.09,-0.091,-0.01,0.034,0.0,0.0,0.1,0.0
117.042,0.0,0.0,0.009,0.0,3.0,0.083,-0.003,-0.028,0.293,0.0,0.084,-0.088,-0.008,0.033,0.0,0.0,0.1,0.0
117.06,0.0,0.0,0.006,0.0,3.0,0.08,-0.004,-0.039,-0.216,0.0,0.077,-0.084,-0.006,0.027,0.0,0.0,0.1,0.0
117.176,0.0,0.0,0.007,0.0,3.0,0.074,-0.003,-0.033,0.106,0.0,0.072,-0.08,-0.005,0.023,0.0,0.0,0.1,0.0
117.252,0.0,0.0,0.008,0.0,3.0,0.074,-0.003,-0.026,0.142,0.0,0.067,-0.076,-0.004,0.023,0.0,0.0,0.1,0.0
117.357,0.0,0.0,0.006,0.0,3.0,0.078,-0.004,-0.038,-0.234,0.0,0.064,-0.07,-0.003,0.02,0.0,0.0,0.1,0.0
117.376,0.0,0.0,-0.0,0.0,3.0,0.079,-0.005,-0.049,-0.224,0.0,0.066,-0.065,-0.002,0.009,0.0,0.0,0.1,0.0
117.48,0.0,0.0,0.004,0.0,3.0,0.087,-0.003,-0.028,0.423,0.0,0.067,-0.062,-0.004,0.006,0.0,0.0,0.1,0.0
117.587,0.0,0.0,0.007,0.0,3.0,0.09,-0.003,-0.033,-0.093,0.0,0.072,-0.053,-0.003,0.01,0.0,0.0,0.1,0.0
117.605,0.0,0.0,-0.014,0.0,3.0,0.09,-0.003,-0.033,0.0,0.0,0.076,-0.049,-0.004,-0.016,0.0,0.0,0.1,0.0
117.726,0.0,0.0,0.009,0.0,3.0,0.097,-0.003,-0.03,0.056,0.0,0.079,-0.044,-0.006,-0.004,0.0,0.0,0.1,0.0
117.846,0.0,0.0,-0.005,0.0,3.0,0.104,-0.003,-0.025,0.097,0.0,0.084,-0.04,-0.007,-0.013,0.0,0.0,0.1,0.0
117.899,0.0,0.0,-0.001,0.0,3.0,0.108,-0.004,-0.042,-0.343,0.0,0.09,-0.034,-0.009,-0.012,0.0,0.0,0.1,0.0
117.918,0.0,0.0,-0.009,0.0,3.0,0.112,-0.004,-0.045,-0.046,0.0,0.096,-0.034,-0.011,-0.023,0.0,0.0,0.1,0.0
118.02,0.0,0.0,0.007,0.0,3.0,0.116,-0.005,-0.046,-0.029,0.0,0.101,-0.033,-0.014,-0.008,0.0,0.0,0.1,0.0
118.121,0.0,0.0,-0.006,0.0,3.0,0.123,-0.007,-0.071,-0.493,0.0,0.105,-0.034,-0.016,-0.013,0.0,0.0,0.1,0.0
118.192,0.0,0.0,0.005,0.0,3.0,0.13,-0.004,-0.039,0.641,0.0,0.11,-0.038,-0.019,-0.002,0.0,0.0,0.1,0.0
118.219,0.0,0.0,0.003,0.0,3.0,0.128,-0.004,-0.043,-0.097,0.0,0.117,-0.035,-0.019,0.005,0.0,0.0,0.1,0.0
118.272,0.0,0.0,-0.015,0.0,3.0,0.134,-0.003,-0.03,0.27,0.0,0.119,-0.039,-0.02,-0.014,0.0,0.0,0.1,0.0
118.354,0.0,0.0,0.012,0.0,3.0,0.139,-0.003,-0.031,-0.027,0.0,0.123,-0.035,-0.02,0.01,0.0,0.0,0.1,0.0
118.422,0.0,0.0,-0.022,0.0,3.0,0.14,-0.003,-0.035,-0.074,0.0,0.128,-0.036,-0.021,-0.02,0.0,0.0,0.1,0.0
118.54,0.0,0.0,0.007,0.0,3.0,0.14,-0.002,-0.025,0.201,0.0,0.131,-0.035,-0.022,-0.002,0.0,0.0,0.1,0.0
118.567,0.0,0.0,-0.011,0.0,3.0,0.145,-0.003,-0.03,-0.095,0.0,0.132,-0.036,-0.022,-0.013,0.0,0.0,0.1,0.0
118.674,0.0,0.0,0.002,0.0,3.0,0.145,-0.003,-0.032,-0.056,0.0,0.135,-0.035,-0.023,-0.003,0.0,0.0,0.1,0.0
118.725,0.0,0.0,-0.01,0.0,3.0,0.145,-0.003,-0.032,0.011,0.0,0.137,-0.037,-0.024,-0.013,0.0,0.0,0.1,0.0
118.764,0.0,0.0,0.003,0.0,3.0,0.144,-0.003,-0.035,-0.059,0.0,0.138,-0.037,-0.024,-0.001,0.0,0.0,0.1,0.0
118.815,0.0,0.0,-0.007,0.0,3.0,0.144,-0.003,-0.032,0.061,0.0,0.138,-0.04,-0.025,-0.006,0.0,0.0,0.1,0.0
118.849,0.0,0.0,0.005,0.0,3.0,0.145,-0.001,-0.014,0.349,0.0,0.138,-0.041,-0.025,0.006,0.0,0.0,0.1,0.0
118.916,0.0,0.0,-0.007,0.0,3.0,0.14,-0.003,-0.031,-0.327,0.0,0.138,-0.04,-0.024,-0.001,0.0,0.0,0.1,0.0
118.933,0.0,0.0,-0.006,0.0,3.0,0.146,-0.003,-0.027,0.066,0.0,0.136,-0.043,-0.024,-0.005,0.0,0.0,0.1,0.0
119.003,0.0,0.0,0.007,0.0,3.0,0.142,-0.003,-0.029,-0.033,0.0,0.137,-0.042,-0.024,0.01,0.0,0.0,0.1,0.0
119.014,0.0,0.0,-0.015,0.0,3.0,0.142,-0.003,-0.029,0.0,0.0,0.136,-0.044,-0.024,-0.01,0.0,0.0,0.1,0.0
119.1,0.0,0.0,0.01,0.0,3.0,0.139,-0.004,-0.041,-0.231,0.0,0.136,-0.044,-0.024,0.01,0.0,0.0,0.1,0.0
119.118,0.0,0.0,-0.012,0.0,3.0,0.139,-0.005,-0.045,-0.091,0.0,0.133,-0.048,-0.024,-0.006,0.0,0.0,0.1,0.0
119.217,0.0,0.0,0.015,0.0,3.0,0.127,-0.003,-0.034,0.23,0.0,0.132,-0.05,-0.024,0.019,0.0,0.0,0.1,0.0
119.32,0.0,0.0,-0.009,0.0,3.0,0.124,-0.003,-0.033,0.008,0.0,0.126,-0.055,-0.024,0.005,0.0,0.0,0.1,0.0
119.343,0.0,0.0,0.016,0.0,3.0,0.119,-0.003,-0.033,0.005,0.0,0.121,-0.055,-0.022,0.029,0.0,0.0,0.1,0.0
119.356,0.0,0.0,-0.008,0.0,3.0,0.119,-0.003,-0.033,0.0,0.0,0.116,-0.059,-0.021,0.012,0.0,0.0,0.1,0.0
119.492,0.0,0.0,0.013,0.0,3.0,0.113,-0.003,-0.025,0.153,0.0,0.113,-0.057,-0.019,0.029,0.0,0.0,0.1,0.0
119.518,0.0,0.0,-0.01,0.0,3.0,0.109,-0.003,-0.026,-0.014,0.0,0.108,-0.059,-0.018,0.009,0.0,0.0,0.1,0.0
119.611,0.0,0.0,0.011,0.0,3.0,0.098,-0.002,-0.018,0.164,0.0,0.104,-0.057,-0.016,0.022,0.0,0.0,0.1,0.0
119.642,0.0,0.0,-0.005,0.0,3.0,0.091,-0.003,-0.026,-0.173,0.0,0.097,-0.058,-0.015,0.009,0.0,0.0,0.1,0.0
119.665,0.0,0.0,0.013,0.0,3.0,0.089,-0.004,-0.036,-0.189,0.0,0.09,-0.058,-0.014,0.024,0.0,0.0,0.1,0.0
119.759,0.0,0.0,0.001,0.0,3.0,0.077,-0.002,-0.021,0.3,0.0,0.085,-0.06,-0.013,0.019,0.0,0.0,0.1,0.0
119.904,0.0,0.0,0.009,0.0,3.0,0.07,-0.004,-0.039,-0.359,0.0,0.077,-0.059,-0.012,0.025,0.0,0.0,0.1,0.0
119.96,0.0,0.0,0.004,0.0,3.0,0.061,-0.003,-0.026,0.259,0.0,0.069,-0.063,-0.011,0.022,0.0,0.0,0.1,0.0
119.988,0.0,0.0,0.016,0.0,3.0,0.062,-0.002,-0.025,0.021,0.0,0.06,-0.062,-0.009,0.037,0.0,0.0,0.1,0.0
120.008,0.0,0.0,0.002,0.0,3.0,0.063,-0.003,-0.026,-0.015,0.0,0.056,-0.06,-0.006,0.028,0.0,0.0,0.1,0.0
120.101,0.0,0.0,0.003,0.0,3.0,0.054,-0.004,-0.039,-0.265,0.0,0.055,-0.056,-0.005,0.023,0.0,0.0,0.1,0.0
120.123,0.0,0.0,-0.002,0.0,3.0,0.053,-0.003,-0.029,0.202,0.0,0.05,-0.057,-0.005,0.01,0.0,0.0,0.1,0.0
120.248,0.0,0.0,0.019,0.0,3.0,0.06,-0.002,-0.024,0.084,0.0,0.047,-0.053,-0.004,0.031,0.0,0.0,0.1,0.0
120.261,0.0,0.0,-0.008,0.0,3.0,0.059,-0.003,-0.026,-0.029,0.0,0.049,-0.049,-0.002,0.009,0.0,0.0,0.1,0.0
120.358,0.0,0.0,0.003,0.0,3.0,0.057,-0.004,-0.039,-0.266,0.0,0.05,-0.045,-0.002,0.007,0.0,0.0,0.1,0.0
120.393,0.0,0.0,-0.001,0.0,3.0,0.058,-0.003,-0.034,0.097,0.0,0.05,-0.045,-0.004,-0.0,0.0,0.0,0.1,0.0
120.406,0.0,0.0,0.013,0.0,3.0,0.058,-0.003,-0.034,0.0,0.0,0.05,-0.042,-0.004,0.014,0.0,0.0,0.1,0.0
120.531,0.0,0.0,-0.004,0.0,3.0,0.051,-0.003,-0.03,0.088,0.0,0.05,-0.042,-0.005,0.002,0.0,0.0,0.1,0.0
120.559,0.0,0.0,0.01,0.0,3.0,0.049,-0.004,-0.042,-0.241,0.0,0.047,-0.042,-0.005,0.012,0.0,0.0,0.1,0.0
120.588,0.0,0.0,0.005,0.0,3.0,0.047,-0.003,-0.033,0.182,0.0,0.045,-0.044,-0.006,0.012,0.0,0.0,0.1,0.0
120.616,0.0,0.0,0.011,0.0,3.0,0.048,-0.004,-0.04,-0.141,0.0,0.042,-0.043,-0.005,0.022,0.0,0.0,0.1,0.0
120.751,0.0,0.0,0.001,0.0,3.0,0.05,-0.002,-0.024,0.324,0.0,0.042,-0.044,-0.005,0.015,0.0,0.0,0.1,0.0
120.778,0.0,0.0,0.009,0.0,3.0,0.05,-0.002,-0.021,0.048,0.0,0.042,-0.04,-0.004,0.022,0.0,0.0,0.1,0.0
120.895,0.0,0.0,-0.008,0.0,3.0,0.055,-0.005,-0.046,-0.501,0.0,0.043,-0.038,-0.003,0.003,0.0,0.0,0.1,0.0
120.914,0.0,0.0,0.007,0.0,3.0,0.056,-0.005,-0.051,-0.096,0.0,0.046,-0.037,-0.004,0.008,0.0,0.0,0.1,0.0
120.999,0.0,0.0,0.002,0.0,3.0,0.068,-0.004,-0.041,0.196,0.0,0.047,-0.039,-0.006,0.006,0.0,0.0,0.1,0.0
121.016,0.0,0.0,0.01,0.0,3.0,0.069,-0.004,-0.038,0.061,0.0,0.054,-0.035,-0.006,0.017,0.0,0.0,0.1,0.0
121.124,0.0,0.0,-0.014,0.0,3.0,0.082,-0.004,-0.04,-0.035,0.0,0.058,-0.035,-0.006,-0.008,0.0,0.0,0.1,0.0
121.246,0.0,0.0,0.011,0.0,3.0,0.106,-0.005,-0.053,-0.252,0.0,0.067,-0.029,-0.007,0.008,0.0,0.0,0.1,0.0
121.264,0.0,0.0,-0.018,0.0,3.0,0.106,-0.005,-0.053,0.0,0.0,0.083,-0.025,-0.008,-0.019,0.0,0.0,0.1,0.0
121.383,0.0,0.0,-0.006,0.0,3.0,0.121,-0.004,-0.038,0.287,0.0,0.092,-0.025,-0.012,-0.023,0.0,0.0,0.1,0.0
121.415,0.0,0.0,0.003,0.0,3.0,0.127,-0.002,-0.024,0.294,0.0,0.104,-0.02,-0.014,-0.011,0.0,0.0,0.1,0.0
121.517,0.0,0.0,-0.021,0.0,3.0,0.134,-0.003,-0.031,-0.147,0.0,0.113,-0.018,-0.016,-0.035,0.0,0.0,0.1,0.0
121.631,0.0,0.0,-0.0,0.0,3.0,0.143,-0.004,-0.036,-0.101,0.0,0.122,-0.016,-0.018,-0.024,0.0,0.0,0.1,0.0
121.766,0.0,0.0,-0.013,0.0,3.0,0.147,-0.002,-0.016,0.395,0.0,0.13,-0.016,-0.021,-0.032,0.0,0.0,0.1,0.0
121.867,0.0,0.0,-0.002,0.0,3.0,0.15,-0.002,-0.025,-0.17,0.0,0.137,-0.014,-0.023,-0.021,0.0,0.0,0.1,0.0
122.03,0.0,0.0,-0.016,0.0,3.0,0.137,-0.002,-0.02,0.103,0.0,0.142,-0.017,-0.025,-0.033,0.0,0.0,0.1,0.0
122.052,0.0,0.0,0.003,0.0,3.0,0.137,-0.002,-0.019,0.004,0.0,0.138,-0.022,-0.027,-0.016,0.0,0.0,0.1,0.0
122.079,0.0,0.0,0.003,0.0,3.0,0.136,-0.002,-0.017,0.045,0.0,0.136,-0.025,-0.028,-0.002,0.0,0.0,0.1,0.0
122.205,0.0,0.0,-0.005,0.0,3.0,0.125,-0.002,-0.022,-0.103,0.0,0.134,-0.029,-0.027,-0.001,0.0,0.0,0.1,0.0
122.247,0.0,0.0,-0.001,0.0,3.0,0.119,-0.003,-0.029,-0.127,0.0,0.127,-0.035,-0.027,0.003,0.0,0.0,0.1,0.0
122.28,0.0,0.0,0.008,0.0,3.0,0.121,-0.002,-0.02,0.164,0.0,0.121,-0.04,-0.026,0.019,0.0,0.0,0.1,0.0
122.397,0.0,0.0,0.001,0.0,3.0,0.111,-0.003,-0.026,-0.117,0.0,0.117,-0.042,-0.024,0.021,0.0,0.0,0.1,0.0
122.443,0.0,0.0,-0.006,0.0,3.0,0.109,-0.003,-0.025,0.026,0.0,0.111,-0.047,-0.023,0.011,0.0,0.0,0.1,0.0
122.471,0.0,0.0,0.012,0.0,3.0,0.106,-0.002,-0.023,0.036,0.0,0.106,-0.047,-0.021,0.029,0.0,0.0,0.1,0.0
122.581,0.0,0.0,-0.008,0.0,3.0,0.102,-0.005,-0.053,-0.602,0.0,0.102,-0.049,-0.019,0.013,0.0,0.0,0.1,0.0
122.708,0.0,0.0,0.008,0.0,3.0,0.103,-0.004,-0.038,0.298,0.0,0.098,-0.054,-0.019,0.021,0.0,0.0,0.1,0.0
122.767,0.0,0.0,0.008,0.0,3.0,0.101,-0.003,-0.03,0.167,0.0,0.096,-0.054,-0.017,0.029,0.0,0.0,0.1,0.0
122.786,0.0,0.0,-0.005,0.0,3.0,0.102,-0.003,-0.032,-0.029,0.0,0.094,-0.054,-0.015,0.016,0.0,0.0,0.1,0.0
122.882,0.0,0.0,0.004,0.0,3.0,0.096,-0.004,-0.037,-0.114,0.0,0.094,-0.052,-0.014,0.019,0.0,0.0,0.1,0.0
122.995,0.0,0.0,-0.005,0.0,3.0,0.094,-0.003,-0.028,0.189,0.0,0.091,-0.054,-0.014,0.006,0.0,0.0,0.1,0.0
123.009,0.0,0.0,0.014,0.0,3.0,0.096,-0.004,-0.039,-0.231,0.0,0.088,-0.051,-0.013,0.023,0.0,0.0,0.1,0.0
123.082,0.0,0.0,-0.009,0.0,3.0,0.096,-0.004,-0.045,-0.105,0.0,0.088,-0.052,-0.013,0.004,0.0,0.0,0.1,0.0
123.166,0.0,0.0,0.011,0.0,3.0,0.098,-0.003,-0.032,0.247,0.0,0.088,-0.052,-0.013,0.017,0.0,0.0,0.1,0.0
123.196,0.0,0.0,-0.002,0.0,3.0,0.098,-0.003,-0.03,0.044,0.0,0.089,-0.05,-0.012,0.01,0.0,0.0,0.1,0.0
123.217,0.0,0.0,-0.001,0.0,3.0,0.095,-0.002,-0.02,0.21,0.0,0.089,-0.047,-0.012,0.006,0.0,0.0,0.1,0.0
123.341,0.0,0.0,-0.0,0.0,3.0,0.096,-0.004,-0.045,-0.5,0.0,0.089,-0.045,-0.011,0.003,0.0,0.0,0.1,0.0
123.366,0.0,0.0,-0.001,0.0,3.0,0.099,-0.002,-0.023,0.433,0.0,0.088,-0.047,-0.013,-0.001,0.0,0.0,0.1,0.0
123.449,0.0,0.0,0.01,0.0,3.0,0.093,-0.005,-0.049,-0.515,0.0,0.09,-0.042,-0.012,0.014,0.0,0.0,0.1,0.0
123.522,0.0,0.0,-0.015,0.0,3.0,0.084,-0.001,-0.014,0.69,0.0,0.088,-0.048,-0.014,-0.012,0.0,0.0,0.1,0.0
123.625,0.0,0.0,0.028,0.0,3.0,0.078,-0.003,-0.031,-0.339,0.0,0.082,-0.044,-0.013,0.03,0.0,0.0,0.1,0.0
123.743,0.0,0.0,-0.018,0.0,3.0,0.075,-0.004,-0.039,-0.15,0.0,0.077,-0.05,-0.013,-0.004,0.0,0.0,0.1,0.0
123.77,0.0,0.0,0.028,0.0,3.0,0.068,-0.002,-0.021,0.355,0.0,0.072,-0.05,-0.012,0.035,0.0,0.0,0.1,0.0
123.875,0.0,0.0,-0.009,0.0,3.0,0.065,-0.002,-0.024,-0.072,0.0,0.066,-0.051,-0.011,0.013,0.0,0.0,0.1,0.0
123.987,0.0,0.0,0.015,0.0,3.0,0.062,-0.003,-0.03,-0.113,0.0,0.062,-0.05,-0.009,0.03,0.0,0.0,0.1,0.0
124.021,0.0,0.0,-0.006,0.0,3.0,0.061,-0.003,-0.025,0.101,0.0,0.058,-0.051,-0.008,0.013,0.0,0.0,0.1,0.0
124.156,0.0,0.0,0.014,0.0,3.0,0.057,-0.003,-0.028,-0.066,0.0,0.056,-0.048,-0.007,0.027,0.0,0.0,0.1,0.0
124.174,0.0,0.0,-0.007,0.0,3.0,0.056,-0.003,-0.034,-0.114,0.0,0.052,-0.049,-0.006,0.008,0.0,0.0,0.1,0.0
124.306,0.0,0.0,0.015,0.0,3.0,0.043,-0.004,-0.037,-0.056,0.0,0.05,-0.047,-0.006,0.024,0.0,0.0,0.1,0.0
124.328,0.0,0.0,-0.003,0.0,3.0,0.042,-0.003,-0.032,0.089,0.0,0.043,-0.052,-0.006,0.01,0.0,0.0,0.1,0.0
124.443,0.0,0.0,0.024,0.0,3.0,0.035,-0.004,-0.037,-0.087,0.0,0.039,-0.05,-0.005,0.039,0.0,0.0,0.1,0.0
124.472,0.0,0.0,-0.007,0.0,3.0,0.028,-0.002,-0.024,0.25,0.0,0.033,-0.053,-0.004,0.015,0.0,0.0,0.1,0.0
124.59,0.0,0.0,0.024,0.0,3.0,0.016,-0.003,-0.031,-0.14,0.0,0.026,-0.051,-0.002,0.041,0.0,0.0,0.1,0.0
124.628,0.0,0.0,-0.005,0.0,3.0,0.005,-0.002,-0.024,0.146,0.0,0.017,-0.055,-0.001,0.018,0.0,0.0,0.1,0.0
124.733,0.0,0.0,0.029,0.0,3.0,-0.004,-0.003,-0.03,-0.113,0.0,0.007,-0.054,0.0,0.048,0.0,0.0,0.1,0.0
124.843,0.0,0.0,-0.001,0.0,3.0,-0.022,-0.003,-0.032,-0.051,0.0,-0.002,-0.057,0.002,0.03,0.0,0.0,0.1,0.0
124.863,0.0,0.0,0.025,0.0,3.0,-0.028,-0.003,-0.029,0.072,0.0,-0.016,-0.06,0.004,0.051,0.0,0.0,0.1,0.0
124.938,0.0,0.0,0.015,0.0,3.0,-0.036,-0.003,-0.028,0.011,0.0,-0.026,-0.06,0.007,0.052,0.0,0.0,0.1,0.0
124.957,0.0,0.0,0.014,0.0,3.0,-0.043,-0.003,-0.029,-0.027,0.0,-0.036,-0.06,0.01,0.05,0.0,0.0,0.1,0.0
125.036,0.0,0.0,0.013,0.0,3.0,-0.052,-0.004,-0.038,-0.169,0.0,-0.044,-0.058,0.012,0.047,0.0,0.0,0.1,0.0
125.17,0.0,0.0,0.013,0.0,3.0,-0.061,-0.002,-0.02,0.361,0.0,-0.052,-0.059,0.014,0.044,0.0,0.0,0.1,0.0
125.215,0.0,0.0,0.02,0.0,3.0,-0.064,-0.003,-0.031,-0.233,0.0,-0.06,-0.055,0.016,0.051,0.0,0.0,0.1,0.0
125.253,0.0,0.0,0.007,0.0,3.0,-0.066,-0.002,-0.021,0.199,0.0,-0.066,-0.053,0.018,0.037,0.0,0.0,0.1,0.0
125.295,0.0,0.0,0.019,0.0,3.0,-0.067,-0.002,-0.021,0.002,0.0,-0.07,-0.047,0.02,0.044,0.0,0.0,0.1,0.0
125.323,0.0,0.0,0.002,0.0,3.0,-0.067,-0.002,-0.021,0.0,0.0,-0.072,-0.043,0.021,0.025,0.0,0.0,0.1,0.0
125.42,0.0,0.0,0.014,0.0,3.0,-0.059,-0.002,-0.021,0.014,0.0,-0.073,-0.036,0.022,0.027,0.0,0.0,0.1,0.0
125.539,0.0,0.0,0.003,0.0,3.0,-0.055,-0.004,-0.038,-0.341,0.0,-0.069,-0.029,0.022,0.014,0.0,0.0,0.1,0.0
125.555,0.0,0.0,0.003,0.0,3.0,-0.056,-0.005,-0.046,-0.165,0.0,-0.064,-0.026,0.021,0.004,0.0,0.0,0.1,0.0
125.631,0.0,0.0,0.012,0.0,3.0,-0.049,-0.004,-0.044,0.04,0.0,-0.063,-0.025,0.018,0.009,0.0,0.0,0.1,0.0
125.706,0.0,0.0,0.013,0.0,3.0,-0.041,-0.006,-0.058,-0.274,0.0,-0.058,-0.022,0.017,0.017,0.0,0.0,0.1,0.0
125.786,0.0,0.0,0.003,0.0,3.0,-0.028,-0.003,-0.032,0.512,0.0,-0.052,-0.022,0.015,0.009,0.0,0.0,0.1,0.0
125.825,0.0,0.0,0.012,0.0,3.0,-0.019,-0.005,-0.047,-0.301,0.0,-0.043,-0.014,0.014,0.018,0.0,0.0,0.1,0.0
125.946,0.0,0.0,-0.015,0.0,3.0,-0.005,-0.002,-0.024,0.467,0.0,-0.033,-0.013,0.012,-0.014,0.0,0.0,0.1,0.0
125.956,0.0,0.0,0.016,0.0,3.0,0.002,-0.003,-0.035,-0.225,0.0,-0.021,-0.004,0.011,0.007,0.0,0.0,0.1,0.0
126.068,0.0,0.0,-0.025,0.0,3.0,0.032,-0.005,-0.047,-0.234,0.0,-0.01,-0.004,0.008,-0.034,0.0,0.0,0.1,0.0
126.194,0.0,0.0,0.019,0.0,3.0,0.067,-0.005,-0.046,0.011,0.0,0.01,0.006,0.005,-0.001,0.0,0.0,0.1,0.0
126.232,0.0,0.0,-0.036,0.0,3.0,0.08,-0.004,-0.043,0.056,0.0,0.037,0.013,0.002,-0.051,0.0,0.0,0.1,0.0
126.294,0.0,0.0,-0.008,0.0,3.0,0.097,-0.004,-0.039,0.08,0.0,0.058,0.018,-0.003,-0.049,0.0,0.0,0.1,0.0
126.327,0.0,0.0,-0.016,0.0,3.0,0.1,-0.004,-0.038,0.019,0.0,0.078,0.02,-0.009,-0.056,0.0,0.0,0.1,0.0
126.37,0.0,0.0,-0.008,0.0,3.0,0.104,-0.004,-0.043,-0.094,0.0,0.089,0.016,-0.015,-0.051,0.0,0.0,0.1,0.0
126.458,0.0,0.0,0.001,0.0,3.0,0.127,-0.004,-0.036,0.145,0.0,0.097,0.011,-0.02,-0.033,0.0,0.0,0.1,0.0
126.503,0.0,0.0,-0.002,0.0,3.0,0.13,-0.004,-0.04,-0.089,0.0,0.112,0.012,-0.022,-0.019,0.0,0.0,0.1,0.0
126.534,0.0,0.0,-0.024,0.0,3.0,0.132,-0.006,-0.06,-0.398,0.0,0.121,0.004,-0.025,-0.04,0.0,0.0,0.1,0.0
126.578,0.0,0.0,0.009,0.0,3.0,0.143,-0.006,-0.063,-0.053,0.0,0.126,-0.004,-0.029,-0.01,0.0,0.0,0.1,0.0
126.673,0.0,0.0,-0.005,0.0,3.0,0.156,-0.004,-0.041,0.44,0.0,0.133,-0.011,-0.031,-0.005,0.0,0.0,0.1,0.0
126.782,0.0,0.0,-0.002,0.0,3.0,0.169,-0.003,-0.026,0.307,0.0,0.143,-0.013,-0.03,0.005,0.0,0.0,0.1,0.0
126.876,0.0,0.0,-0.022,0.0,3.0,0.175,-0.005,-0.047,-0.429,0.0,0.154,-0.012,-0.03,-0.016,0.0,0.0,0.1,0.0
126.988,0.0,0.0,-0.014,0.0,3.0,0.186,-0.002,-0.019,0.565,0.0,0.162,-0.017,-0.032,-0.024,0.0,0.0,0.1,0.0
127.02,0.0,0.0,-0.003,0.0,3.0,0.187,-0.002,-0.022,-0.067,0.0,0.172,-0.013,-0.032,-0.011,0.0,0.0,0.1,0.0
127.12,0.0,0.0,-0.029,0.0,3.0,0.186,-0.003,-0.033,-0.215,0.0,0.178,-0.017,-0.033,-0.04,0.0,0.0,0.1,0.0
127.224,0.0,0.0,0.006,0.0,3.0,0.179,-0.004,-0.037,-0.075,0.0,0.18,-0.021,-0.035,-0.014,0.0,0.0,0.1,0.0
127.366,0.0,0.0,-0.012,0.0,3.0,0.171,-0.004,-0.042,-0.117,0.0,0.178,-0.03,-0.037,-0.019,0.0,0.0,0.1,0.0
127.39,0.0,0.0,0.012,0.0,3.0,0.172,-0.003,-0.034,0.162,0.0,0.172,-0.038,-0.038,0.01,0.0,0.0,0.1,0.0
127.404,0.0,0.0,-0.001,0.0,3.0,0.173,-0.003,-0.025,0.184,0.0,0.169,-0.044,-0.036,0.016,0.0,0.0,0.1,0.0
